event_id,customer_id,event_type,timestamp,session_length_sec,device_os,email,country,signup_date,theme,lang,sub_id,plan_name,sub_status,start_date,invoice_id,amount,billing_date,payment_status
1000004,812836,view_item,,120,ANDROID,user812835@example.com,IN,2023-07-06 20:42:55,light,en,102532,BASIC,,2022-08-26 07:41:04,2478300,49.99,2023-01-18 18:15:54,
1000005,633062,viewitem,2024-03-16 22:22:41,10,ANDROID,user633061@example.com,IN,2022-07-07 01:34:12,dark,fr,305953,BASIC,Active,2025-12-01 03:15:26,1851450,nan,2024-10-18 13:47:41,FAILED
1000006,936260,purchase,,10,ANDROID,user936259@example.com,UK,2024-04-09 12:42:38,dark,es,1218591,ENTERPRISE,Canceled,,1396572,49.99,,PENDING
1000008,221833,login,,300,IOS,user221832@example.com,CANADA,2020-02-12 06:48:25,light,fr,552664,BASIC,,,41995,199.99,2024-06-05 16:47:19,
1000010,783376,view_item,,10,ANDROID,user783375@example.com,IN,2021-03-31 00:15:20,dark,es,138520,ENTERPRISE,Canceled,2024-03-15 11:04:20,1003181,nan,2024-05-12 10:41:42,FAILED
1000013,915896,login,2025-05-12 06:17:27,10,,user915895@example.com,IN,2024-11-08 09:18:56,light,es,1328565,ENTERPRISE,,,297734,49.99,,PAID
1000014,866842,login,,10,,user866841@example.com,UK,,light,en,1285940,BASIC,,2024-07-06 15:54:11,1455903,nan,,PENDING
1000021,293989,purchase,2023-11-16 08:51:22,120,ANDROID,user293988@example.com,UNKNOWN,2023-11-20 03:24:32,dark,,1332508,BASIC,Past Due,2025-12-02 15:03:17,1351479,19.99,,PAID
1000022,757701,viewitem,,10,MAC,user757700@example.com,IN,,light,es,1305751,ENTERPRISE,,2021-08-10 09:45:51,2337068,nan,2022-02-03 11:15:50,PAID
1000027,71875,login,2024-01-02 04:07:38,120,IOS,user71874@example.com,US,2023-10-26 09:34:28,dark,,214684,ENTERPRISE,Canceled,,339411,19.99,2022-01-14 21:16:12,PENDING
1000031,639741,error,2024-03-13 14:16:02,300,ANDROID,user639740@example.com,US,2024-02-11 15:05:42,light,es,510967,PRO,Active,,760144,199.99,,PAID
1000032,879270,purchase,2023-04-17 17:28:04,300,MAC,user879269@example.com,CA,,light,en,319634,PRO,Active,,690395,49.99,2021-06-29 00:26:19,PAID
1000033,808881,error,2024-09-07 20:50:33,300,IOS,user808880@example.com,IN,,dark,fr,1177972,PRO,Past Due,2023-03-28 19:05:31,2327048,49.99,,PAID
1000039,566960,viewitem,2024-01-16 17:01:23,300,MAC,user566959@example.com,CA,2022-10-08 12:22:47,dark,en,18748,BASIC,Active,,1705763,49.99,,FAILED
1000040,478808,purchase,2024-10-09 06:12:05,120,ANDROID,user478807@example.com,UK,,light,en,460983,ENTERPRISE,Active,,872217,nan,,FAILED
1000044,481081,login,2023-10-23 06:46:33,10,WINDOWS,user481080@example.com,UK,,dark,,805733,BASIC,,,1891417,49.99,2021-04-12 16:31:00,PENDING
1000046,377550,error,2024-06-16 22:11:19,10,IOS,user377549@example.com,IN,2024-09-23 04:48:53,dark,en,39767,BASIC,Canceled,,903378,19.99,,FAILED
1000047,839117,logout,2025-01-07 19:55:02,300,MAC,user839116@example.com,UK,,light,fr,689172,PRO,Past Due,2024-06-16 01:42:00,756379,19.99,2021-03-17 12:59:18,PENDING
1000049,195166,login,,300,ANDROID,user195165@example.com,UNKNOWN,,light,es,1241239,ENTERPRISE,Past Due,2021-11-29 22:25:15,1141502,199.99,,PENDING
1000052,96594,login,,120,ANDROID,user96593@example.com,IN,2024-10-04 08:43:18,dark,,31441,BASIC,,2024-05-20 13:33:07,1020709,49.99,,FAILED
1000053,687140,login,2025-02-19 14:07:45,300,WINDOWS,user687139@example.com,UK,2023-03-16 13:45:27,dark,en,1131141,BASIC,,2022-06-27 02:18:52,1198813,nan,2022-05-09 17:15:56,FAILED
1000063,91328,login,,300,WINDOWS,user91327@example.com,UK,,light,es,1216513,BASIC,Active,,952887,199.99,2025-07-07 23:32:42,FAILED
1000064,71372,view_item,,10,MAC,user71371@example.com,UNKNOWN,2024-03-09 22:38:34,light,en,1129679,PRO,Canceled,,1251735,199.99,2025-03-05 17:49:31,PAID
1000067,807078,logout,2023-01-15 17:42:19,120,ANDROID,user807077@example.com,UK,2020-09-05 05:05:34,dark,fr,1388281,BASIC,,2022-02-07 19:56:37,2443335,49.99,,PAID
1000068,12230,logout,,10,IOS,user12229@example.com,US,,light,es,1393738,BASIC,Active,,1262284,nan,2024-05-29 11:40:13,PAID
1000073,1357,view_item,,10,,user1356@example.com,CA,2024-10-18 21:34:43,dark,,722316,BASIC,Active,2022-03-24 09:04:55,939743,199.99,,FAILED
1000074,436931,login,2025-10-01 11:32:44,300,ANDROID,user436930@example.com,UK,2025-06-05 14:27:32,light,es,1059189,ENTERPRISE,,,1798030,nan,2023-04-06 07:20:03,
1000075,53235,viewitem,,10,WINDOWS,user53234@example.com,IN,2022-05-28 09:03:19,dark,en,855170,ENTERPRISE,Active,,2277402,nan,,PAID
1000079,144002,logout,,10,ANDROID,user144001@example.com,US,2024-08-02 12:45:41,dark,fr,993731,BASIC,,,603392,19.99,2021-09-11 22:31:34,FAILED
1000084,345839,error,,10,WINDOWS,user345838@example.com,UNKNOWN,2025-05-09 10:29:46,dark,es,40469,ENTERPRISE,Canceled,,806985,19.99,,PAID
1000085,8718,view_item,,300,ANDROID,USER8717@@example..com,CA,2020-08-20 08:40:55,dark,,781996,BASIC,,,2443395,19.99,2024-09-07 16:25:48,FAILED
1000093,948547,view_item,,10,ANDROID,user948546@example.com,UK,2021-01-17 05:23:40,light,fr,1354428,PRO,,2024-10-01 11:05:18,1554486,49.99,,PAID
1000122,110851,logout,2023-07-14 22:34:55,120,ANDROID,USER110850@@example..com,CA,,light,en,23369,ENTERPRISE,Active,2022-05-17 17:47:40,1808861,nan,2023-04-22 00:14:12,
1000130,310459,login,2025-03-03 18:01:24,10,IOS,user310458@example.com,UK,2025-10-10 18:46:04,light,en,110900,PRO,Canceled,2023-09-12 17:47:04,103174,nan,,
1000134,539368,login,2025-05-10 21:51:56,120,IOS,user539367@example.com,IN,2024-03-09 20:07:51,light,es,503780,BASIC,Active,,2133658,49.99,,
1000137,244758,error,,300,IOS,user244757@example.com,UNKNOWN,2022-04-04 09:44:13,dark,en,1313633,ENTERPRISE,Active,,1973635,19.99,2022-04-29 20:32:19,
1000138,826137,login,,300,ANDROID,user826136@example.com,CA,,light,fr,324801,ENTERPRISE,Past Due,,2410183,199.99,2024-01-27 00:51:14,PENDING
1000141,628804,logout,,120,WINDOWS,user628803@example.com,US,,light,fr,40723,BASIC,Active,,1247918,nan,,PAID
1000144,529819,view_item,2025-08-23 12:46:53,300,WINDOWS,user529818@example.com,UK,2020-08-22 10:57:46,dark,,1182648,BASIC,Canceled,,400819,nan,2024-04-05 12:34:15,FAILED
1000146,141248,error,,10,IOS,user141247@example.com,UK,,light,fr,948711,PRO,Past Due,2022-06-09 18:16:24,2486313,19.99,2024-08-24 21:32:58,FAILED
1000150,353292,login,,10,,user353291@example.com,CANADA,2022-06-21 05:12:50,light,es,760317,PRO,,,272146,19.99,,FAILED
1000154,2504,view_item,2023-11-26 15:49:07,10,WINDOWS,user2503@example.com,CANADA,2024-12-19 02:37:00,dark,,1402730,BASIC,Canceled,,243380,19.99,2021-09-16 12:17:46,
1000156,428373,viewitem,2023-03-23 20:13:49,10,IOS,user428372@example.com,CANADA,2020-03-08 03:12:42,dark,,355268,PRO,Active,,182821,49.99,,PAID
1000159,366744,login,,300,IOS,USER366743@@example..com,UK,2022-04-11 07:55:43,dark,,13758,PRO,Active,,623062,199.99,,
1000178,82399,view_item,,10,,user82398@example.com,IN,2023-03-06 08:03:22,light,es,631315,BASIC,,2024-09-02 07:47:56,1488365,49.99,2022-02-09 23:32:04,FAILED
1000183,969197,logout,,120,IOS,user969196@example.com,UK,2022-06-27 06:49:41,light,fr,639534,PRO,,,76274,nan,2023-12-16 13:53:20,FAILED
1000185,351865,logout,2025-04-02 12:36:36,10,MAC,user351864@example.com,UK,,dark,en,700661,ENTERPRISE,Active,2021-05-15 02:44:33,309166,49.99,,
1000186,590476,login,,300,MAC,user590475@example.com,US,2022-06-04 16:02:37,dark,fr,108906,ENTERPRISE,,2025-11-21 11:44:32,291197,199.99,2021-04-22 09:01:13,PENDING
1000187,935638,logout,2024-06-11 19:02:23,300,ANDROID,user935637@example.com,UNKNOWN,2025-04-25 23:31:09,dark,es,1071209,PRO,Past Due,2024-09-08 21:44:21,356107,49.99,,PAID
1000189,619812,error,2025-01-18 21:47:42,300,IOS,user619811@example.com,US,,dark,es,415986,ENTERPRISE,Past Due,,2394845,49.99,2025-02-03 20:40:14,PENDING
1000201,111631,purchase,,300,IOS,user111630@example.com,IN,,dark,fr,337668,ENTERPRISE,,,912165,49.99,,PAID
1000209,827487,login,2025-09-26 10:20:35,10,WINDOWS,user827486@example.com,IN,2024-01-11 02:57:35,dark,es,37940,PRO,Past Due,,640135,49.99,,PAID
1000211,387743,login,,300,IOS,user387742@example.com,IN,2021-03-18 12:29:11,dark,en,1160640,PRO,Active,2025-03-30 03:14:33,2349546,nan,2024-03-28 17:22:51,
1000212,16091,login,2025-08-16 21:48:28,10,WINDOWS,user16090@example.com,CA,,light,en,151386,BASIC,Canceled,,2399205,49.99,,FAILED
1000217,717147,login,,300,,user717146@example.com,UK,2025-04-13 00:27:45,dark,,68344,ENTERPRISE,Canceled,2021-06-07 12:22:32,220467,49.99,2022-01-08 12:35:28,FAILED
1000223,725087,login,,10,IOS,user725086@example.com,UK,2025-01-09 18:07:55,light,fr,795947,ENTERPRISE,Active,,1857557,49.99,,
1000224,629852,view_item,2025-05-29 03:26:21,10,,user629851@example.com,CANADA,2025-01-30 11:11:09,light,fr,1170475,BASIC,Past Due,,232624,49.99,2023-07-17 08:25:38,PENDING
1000231,588520,logout,,10,WINDOWS,user588519@example.com,UNKNOWN,2025-08-25 11:31:53,light,fr,564370,BASIC,Canceled,2023-09-27 03:57:02,280513,49.99,2021-10-01 16:15:18,FAILED
1000233,971416,logout,,10,ANDROID,user971415@example.com,US,,light,es,887354,BASIC,Past Due,,643802,19.99,2024-02-26 09:17:12,
1000245,519005,view_item,2023-09-26 11:33:34,300,ANDROID,user519004@example.com,CA,,light,es,1458048,PRO,Active,2025-10-16 16:29:36,2356085,19.99,,FAILED
1000248,575005,purchase,2025-01-30 15:51:09,300,MAC,user575004@example.com,CA,,dark,,860118,PRO,Active,,274839,49.99,2024-11-15 16:55:42,FAILED
1000252,976408,error,,10,WINDOWS,user976407@example.com,IN,,light,en,1490839,ENTERPRISE,Past Due,2021-06-21 01:01:30,2230824,nan,2024-08-17 21:57:28,PENDING
1000257,444345,login,,10,MAC,user444344@example.com,IN,2020-09-04 17:56:29,light,es,1435025,BASIC,Active,,350136,19.99,,FAILED
1000259,499907,error,2023-08-08 03:59:35,300,WINDOWS,user499906@example.com,US,2025-07-06 11:05:12,light,fr,26038,PRO,,,288780,49.99,2022-06-18 21:51:09,PAID
1000261,708472,view_item,2023-01-04 04:38:36,120,,USER708471@@example..com,UNKNOWN,2025-08-02 20:02:14,dark,es,185874,BASIC,Active,2021-08-08 00:02:38,1471881,19.99,,PENDING
1000268,96923,login,2025-09-14 11:48:29,300,MAC,user96922@example.com,UK,,light,fr,1168974,ENTERPRISE,,,1142368,199.99,2023-11-16 23:31:03,PAID
1000270,334592,viewitem,2024-12-21 08:55:14,10,MAC,user334591@example.com,IN,,light,en,1322745,BASIC,Active,,640514,49.99,2022-08-18 11:29:24,FAILED
1000277,202706,viewitem,2023-05-19 02:07:27,300,IOS,user202705@example.com,IN,,light,en,1263705,PRO,,2024-02-21 17:38:23,932983,49.99,2021-04-30 21:46:10,PAID
1000278,167069,view_item,2025-01-24 07:57:22,300,MAC,user167068@example.com,CA,2025-03-09 23:12:24,light,fr,140213,PRO,Active,2022-10-09 22:18:15,383134,49.99,,FAILED
1000281,857913,viewitem,2025-07-17 14:59:38,120,ANDROID,user857912@example.com,UK,,dark,es,1457418,BASIC,,,651888,19.99,2021-05-06 05:53:03,PAID
1000282,904935,login,,120,ANDROID,user904934@example.com,UNKNOWN,,dark,en,595486,PRO,Past Due,2024-06-17 13:42:01,1052705,nan,,
1000291,218534,login,2025-04-19 02:50:43,10,MAC,user218533@example.com,IN,,dark,en,315199,PRO,Past Due,2024-03-09 10:20:30,660898,19.99,,PAID
1000293,542953,logout,2025-08-15 07:14:29,300,ANDROID,user542952@example.com,US,2024-09-27 21:28:41,light,fr,976319,ENTERPRISE,Canceled,,1431466,19.99,,PENDING
1000297,996690,purchase,,10,ANDROID,user996689@example.com,IN,,dark,en,628367,PRO,Active,2024-02-01 09:34:13,1025014,199.99,,PAID
1000302,725830,viewitem,2023-09-03 01:24:29,10,IOS,user725829@example.com,UNKNOWN,,light,en,354245,ENTERPRISE,,2024-10-03 14:58:29,732781,49.99,2025-05-28 12:42:16,PENDING
1000305,612188,login,,120,IOS,user612187@example.com,UK,,dark,fr,240527,BASIC,Canceled,,1105997,19.99,2022-10-24 09:55:10,PAID
1000308,689932,login,2024-05-11 06:00:46,300,MAC,user689931@example.com,UK,,light,en,152304,BASIC,Past Due,2024-06-05 07:11:50,1837370,19.99,,PENDING
1000314,520054,view_item,2024-07-27 21:26:01,10,ANDROID,user520053@example.com,CANADA,,light,fr,1387400,PRO,,2022-04-24 09:44:46,1987552,49.99,,
1000320,317331,error,2024-10-20 19:00:10,10,WINDOWS,user317330@example.com,CANADA,2021-04-25 18:36:54,light,fr,837959,BASIC,Active,2021-12-09 10:29:15,785461,49.99,2021-10-07 13:17:42,
1000323,29284,error,,300,IOS,user29283@example.com,US,,light,es,24181,ENTERPRISE,,,2289202,49.99,2022-10-16 06:33:37,PENDING
1000335,194641,viewitem,,10,,user194640@example.com,UK,2021-12-17 19:50:40,dark,es,373770,ENTERPRISE,Active,2022-11-26 05:44:43,1962144,199.99,2023-10-04 10:44:25,
1000336,481014,purchase,,10,MAC,user481013@example.com,CA,2022-03-16 20:54:34,dark,en,121894,ENTERPRISE,Active,2024-08-17 13:52:08,2470350,19.99,,PAID
1000342,533992,purchase,2025-01-02 03:00:05,10,IOS,user533991@example.com,UK,,dark,es,1058833,ENTERPRISE,Canceled,2023-01-16 21:44:09,1036935,nan,,PAID
1000343,78228,viewitem,,300,IOS,user78227@example.com,UK,,light,es,1324225,PRO,Active,,2025135,199.99,,PAID
1000348,337553,purchase,,300,IOS,user337552@example.com,UK,,light,fr,901795,PRO,Canceled,,205387,49.99,2024-09-11 09:28:28,PAID
1000349,916553,login,2025-05-16 15:05:31,10,IOS,user916552@example.com,UK,,light,fr,265523,PRO,Past Due,,37900,49.99,,FAILED
1000354,701615,error,2025-05-16 05:50:45,300,,user701614@example.com,CANADA,,dark,es,1210974,ENTERPRISE,Active,2025-09-25 14:20:05,710279,nan,,PENDING
1000359,744684,login,,120,IOS,user744683@example.com,IN,2025-08-18 01:50:08,light,fr,720962,PRO,,,2246298,19.99,2024-03-08 18:16:14,PAID
1000364,329721,login,,300,ANDROID,user329720@example.com,CANADA,2023-07-16 16:43:35,dark,en,247942,PRO,Active,2025-12-01 10:56:51,2330915,199.99,,PAID
1000366,601525,login,2024-08-30 16:40:09,300,ANDROID,USER601524@@example..com,US,2022-03-13 04:17:38,light,fr,217165,PRO,Canceled,2022-12-12 14:04:04,1931447,49.99,,PAID
1000371,801783,viewitem,2023-11-22 19:15:26,300,IOS,user801782@example.com,UNKNOWN,,light,es,925410,PRO,,,733313,19.99,,
1000381,655076,error,,300,MAC,user655075@example.com,CANADA,2022-09-22 08:02:05,light,fr,827212,PRO,,,959912,49.99,2025-09-29 09:39:25,FAILED
1000384,660044,logout,2023-06-11 12:49:11,300,WINDOWS,user660043@example.com,US,,dark,en,147806,BASIC,Past Due,2021-08-12 02:57:20,1834141,49.99,2023-12-10 15:54:39,PAID
1000386,731565,login,,120,IOS,USER731564@@example..com,UNKNOWN,2022-10-15 04:45:43,dark,es,799641,BASIC,Active,,1879990,49.99,,FAILED
1000403,399312,purchase,2024-09-29 08:32:31,120,MAC,user399311@example.com,IN,2022-04-30 02:53:41,dark,es,385365,ENTERPRISE,Canceled,,308806,nan,2023-04-14 09:45:57,PAID
1000404,525332,login,2024-08-29 10:04:53,300,MAC,user525331@example.com,UNKNOWN,2024-08-26 22:04:40,dark,fr,617304,ENTERPRISE,Active,2022-11-28 04:52:10,1645638,199.99,,PAID
1000405,344332,login,,300,MAC,user344331@example.com,UK,,light,es,410810,ENTERPRISE,Canceled,,1671682,19.99,,PENDING
1000409,507311,view_item,,120,IOS,user507310@example.com,US,2020-01-02 14:07:10,light,es,1307941,BASIC,Canceled,2022-09-22 06:22:15,2454308,49.99,,FAILED
1000410,911745,logout,2024-09-12 22:25:25,10,ANDROID,user911744@example.com,CANADA,2020-06-04 07:40:37,light,fr,123378,ENTERPRISE,Past Due,2022-03-31 23:01:18,282788,19.99,,PAID
1000419,605587,logout,2024-01-08 18:05:09,10,,user605586@example.com,IN,2021-10-02 15:43:53,dark,en,960979,BASIC,Past Due,,955783,nan,2025-10-27 13:04:30,PENDING
1000421,61536,login,2023-12-07 07:41:48,10,ANDROID,user61535@example.com,IN,2022-04-20 00:03:23,light,en,659207,PRO,Active,2022-09-06 18:15:58,1237123,19.99,,FAILED
1000422,468682,view_item,,120,MAC,user468681@example.com,US,,dark,en,1353746,ENTERPRISE,Past Due,,339823,nan,2022-04-23 23:11:37,PENDING
1000423,427375,view_item,,300,ANDROID,user427374@example.com,CANADA,,dark,en,390072,ENTERPRISE,Active,2025-07-03 03:37:32,2077135,49.99,,PENDING
1000426,292982,login,2025-04-12 05:39:58,120,ANDROID,user292981@example.com,UK,2021-07-03 05:49:47,dark,es,617105,ENTERPRISE,Canceled,2024-03-18 12:58:13,256487,49.99,2023-03-12 06:38:33,FAILED
1000432,558424,error,,300,ANDROID,user558423@example.com,UK,2024-05-19 01:31:42,light,es,775629,PRO,Canceled,2023-11-14 21:21:39,845217,19.99,,PENDING
1000434,715086,login,,120,ANDROID,user715085@example.com,CA,,dark,fr,242278,BASIC,Active,,731777,19.99,,FAILED
1000438,468646,viewitem,2023-01-16 13:29:21,120,IOS,user468645@example.com,IN,2024-08-07 04:05:41,light,en,287511,BASIC,Active,,240207,19.99,2024-01-26 11:20:06,PAID
1000445,949991,purchase,,300,IOS,user949990@example.com,UNKNOWN,,light,es,678818,ENTERPRISE,,,1251486,19.99,2021-10-22 02:09:55,
1000449,752983,login,2023-05-12 07:17:33,300,IOS,user752982@example.com,CANADA,2025-05-14 15:19:04,dark,en,793132,ENTERPRISE,,,1783277,49.99,2025-07-03 00:21:49,FAILED
1000451,39944,viewitem,,300,IOS,user39943@example.com,CANADA,,light,en,864013,ENTERPRISE,Active,2024-06-13 23:15:52,2439121,49.99,,PAID
1000455,244226,login,2025-08-11 07:16:31,120,IOS,user244225@example.com,CA,2025-11-18 09:59:24,light,es,1265614,PRO,Active,,691704,199.99,2025-02-24 15:49:25,
1000456,280105,logout,2023-06-12 21:24:34,120,IOS,user280104@example.com,UNKNOWN,,light,fr,859651,PRO,Active,,1002881,49.99,,
1000461,171080,login,2025-01-28 18:10:02,300,ANDROID,user171079@example.com,US,,dark,fr,205959,PRO,Canceled,,1543337,19.99,,FAILED
1000481,32662,login,,300,IOS,user32661@example.com,US,2020-06-18 22:45:21,light,es,416037,BASIC,,2021-11-14 04:25:24,2201954,19.99,,PAID
1000483,603707,logout,,300,,user603706@example.com,UK,,light,en,1387383,ENTERPRISE,Active,2022-08-15 01:56:40,1414722,19.99,,FAILED
1000487,61367,viewitem,,10,ANDROID,user61366@example.com,UK,2021-11-24 18:38:52,dark,,703623,ENTERPRISE,Canceled,2024-10-15 09:19:20,147032,49.99,2022-08-27 17:53:45,PENDING
1000490,569078,error,2023-01-28 10:33:31,300,ANDROID,user569077@example.com,IN,,dark,,384297,BASIC,Canceled,2023-10-02 16:11:40,858388,199.99,,FAILED
1000497,81120,view_item,,10,MAC,user81119@example.com,UNKNOWN,,dark,en,237732,BASIC,Canceled,2021-04-09 16:22:22,2168464,49.99,,
1000501,727536,login,,120,WINDOWS,user727535@example.com,US,2020-11-29 04:19:02,light,en,1320270,PRO,Canceled,,1258488,19.99,,PAID
1000503,144572,login,2025-12-11 15:27:25,300,MAC,user144571@example.com,CA,,light,fr,19481,PRO,,2024-12-22 19:31:48,1971302,nan,,FAILED
1000504,870260,purchase,,10,IOS,USER870259@@example..com,CA,,dark,fr,846015,BASIC,Canceled,,1921416,199.99,2021-08-31 04:41:08,
1000505,906418,purchase,2024-11-07 05:38:05,300,ANDROID,user906417@example.com,CA,,light,en,149918,ENTERPRISE,Past Due,,783369,nan,,PENDING
1000524,120200,viewitem,,10,WINDOWS,user120199@example.com,IN,2020-09-29 15:03:27,light,es,39388,ENTERPRISE,Active,,890411,49.99,2023-05-16 02:10:37,PAID
1000528,953663,viewitem,2023-03-25 08:21:45,300,IOS,user953662@example.com,US,,dark,en,1475977,PRO,Active,,2489795,19.99,,FAILED
1000529,579939,logout,2025-12-14 13:06:20,120,MAC,user579938@example.com,US,2021-02-23 03:39:42,dark,fr,352301,BASIC,,2022-02-10 07:34:15,938597,19.99,2022-03-12 17:17:46,PAID
1000532,809449,login,2025-05-02 13:33:54,10,ANDROID,user809448@example.com,UNKNOWN,2020-01-19 08:48:27,light,en,1038960,ENTERPRISE,Past Due,2021-08-11 08:10:35,1311826,19.99,2021-02-17 22:26:38,FAILED
1000533,943847,login,2025-03-10 18:43:19,300,WINDOWS,user943846@example.com,US,2024-01-03 22:31:46,light,fr,820988,ENTERPRISE,,2023-06-09 22:34:13,2305844,49.99,,PENDING
1000536,951883,login,,300,ANDROID,user951882@example.com,US,,dark,en,602678,PRO,Active,2025-05-29 10:07:25,1846347,199.99,,FAILED
1000548,188234,view_item,,10,WINDOWS,user188233@example.com,CANADA,2024-01-26 09:01:48,light,fr,790981,BASIC,Past Due,2022-10-24 13:23:57,1075686,49.99,,PENDING
1000549,704725,login,2024-12-21 16:09:30,120,ANDROID,user704724@example.com,US,2021-01-26 14:17:15,light,en,1125872,PRO,Canceled,2023-02-07 09:18:24,1632797,nan,2021-05-04 13:12:33,PENDING
1000550,310605,view_item,,300,IOS,USER310604@@example..com,CANADA,,light,en,1238631,PRO,Canceled,,1870528,199.99,2024-07-27 17:56:29,
1000551,466610,login,2025-03-30 04:47:56,10,IOS,user466609@example.com,US,,light,en,1149186,BASIC,Canceled,2021-05-16 02:00:55,928517,19.99,2023-07-15 03:43:31,
1000554,787560,login,,10,MAC,user787559@example.com,UK,,light,es,953781,PRO,Active,2022-11-12 02:36:26,130006,nan,2021-03-14 14:14:56,FAILED
1000557,880498,logout,2023-06-05 11:34:29,120,IOS,user880497@example.com,IN,2022-09-09 00:56:00,light,es,65176,ENTERPRISE,Past Due,2024-06-22 16:59:47,844547,49.99,,PAID
1000558,844400,login,,300,ANDROID,user844399@example.com,CANADA,2020-02-10 17:18:13,light,es,312689,PRO,,,137638,19.99,,PENDING
1000559,194098,viewitem,2025-07-19 04:10:10,300,,user194097@example.com,UNKNOWN,2021-04-21 11:56:52,light,fr,147192,ENTERPRISE,Active,,300940,199.99,2022-03-17 20:44:07,PENDING
1000560,715555,error,,10,ANDROID,user715554@example.com,UK,2023-07-13 20:31:35,dark,es,273934,BASIC,,,1254033,nan,,PAID
1000564,346959,login,2024-12-05 04:30:07,10,IOS,user346958@example.com,US,,dark,,1246831,ENTERPRISE,Canceled,,619319,49.99,,FAILED
1000565,398801,login,2024-08-27 19:36:38,300,ANDROID,USER398800@@example..com,US,2020-06-19 09:08:22,dark,,961337,PRO,Active,,2394708,199.99,2024-09-07 02:55:13,PENDING
1000567,19429,login,,300,IOS,user19428@example.com,IN,2021-08-28 06:29:13,dark,fr,487485,BASIC,Active,2025-08-03 03:44:09,338920,49.99,,PAID
1000572,543476,login,2024-05-22 07:44:07,10,IOS,user543475@example.com,IN,2025-12-18 02:51:04,dark,es,299370,PRO,,2025-11-23 10:14:28,660464,nan,2024-09-06 03:21:45,
1000575,457090,viewitem,,10,WINDOWS,user457089@example.com,UK,,dark,fr,1170810,PRO,Canceled,,951744,49.99,2024-05-19 06:38:28,FAILED
1000579,69727,viewitem,,120,MAC,user69726@example.com,UK,,light,fr,27779,BASIC,Canceled,,1806279,nan,2023-04-15 08:10:08,
1000581,244607,logout,2025-01-12 17:07:05,300,ANDROID,user244606@example.com,UNKNOWN,2022-11-14 07:41:59,light,es,1364309,BASIC,Active,,1071475,19.99,2023-05-07 23:52:56,PENDING
1000584,471219,login,,120,ANDROID,user471218@example.com,UK,2022-05-25 12:12:34,light,fr,245093,BASIC,,,443731,19.99,2021-09-12 23:03:56,PAID
1000589,433559,login,2023-02-25 20:36:23,120,ANDROID,user433558@example.com,IN,2020-10-13 06:48:56,dark,es,261370,ENTERPRISE,Active,2023-07-28 01:11:00,1466006,nan,,
1000591,349001,login,2023-01-16 11:27:04,300,ANDROID,user349000@example.com,CANADA,,dark,es,102151,ENTERPRISE,Active,2021-06-25 19:10:56,660082,19.99,,PENDING
1000593,586421,purchase,,120,IOS,user586420@example.com,US,,light,es,1369655,ENTERPRISE,Past Due,2021-02-12 23:46:45,2445112,49.99,2022-10-25 01:44:19,PAID
1000594,358884,logout,,10,,user358883@example.com,US,2020-06-11 15:08:49,dark,fr,315911,ENTERPRISE,,,1371502,19.99,2022-05-02 15:12:12,PAID
1000595,206998,logout,2024-11-07 21:55:36,300,MAC,user206997@example.com,UK,,light,en,1497247,BASIC,Canceled,2024-07-30 08:22:31,859743,49.99,,FAILED
1000599,342750,error,2024-12-25 07:36:38,300,ANDROID,user342749@example.com,CANADA,2020-07-31 23:34:07,dark,,48640,PRO,Past Due,,1861816,nan,2025-08-05 16:06:39,PAID
1000601,390604,error,,300,IOS,user390603@example.com,UK,2024-01-02 06:07:57,dark,fr,218410,ENTERPRISE,Active,,2408024,49.99,2025-11-28 18:48:43,FAILED
1000602,688161,view_item,,120,,user688160@example.com,IN,2020-01-12 22:33:23,light,en,969065,PRO,,2022-08-16 14:44:36,2377171,199.99,,FAILED
1000607,943540,error,,120,,user943539@example.com,IN,2025-12-23 08:25:16,dark,es,946039,PRO,,2025-06-20 05:57:52,1412927,nan,2023-06-30 21:01:00,FAILED
1000608,581681,purchase,,120,MAC,user581680@example.com,UK,2021-08-08 10:39:42,dark,es,766560,BASIC,Active,,1375727,49.99,2024-12-06 07:09:18,PAID
1000614,223376,viewitem,2023-01-03 00:15:02,10,,user223375@example.com,IN,2022-05-30 00:03:08,dark,es,1206392,BASIC,Active,2023-09-16 14:38:22,2399696,49.99,,FAILED
1000615,279127,error,,300,MAC,user279126@example.com,US,2024-07-31 15:07:14,dark,en,246972,PRO,,,1956770,49.99,,PAID
1000616,324944,view_item,,120,WINDOWS,user324943@example.com,US,2023-09-08 19:00:09,dark,fr,1304162,PRO,Past Due,2025-01-04 19:48:10,186566,49.99,,FAILED
1000618,29264,view_item,,300,WINDOWS,user29263@example.com,UK,2020-08-19 02:16:26,dark,es,679121,BASIC,Active,,251214,49.99,,FAILED
1000619,648220,logout,,300,WINDOWS,user648219@example.com,IN,,dark,fr,596120,PRO,Canceled,,5228,199.99,2022-05-01 09:46:15,
1000620,91447,purchase,2023-03-27 14:16:34,120,IOS,user91446@example.com,UK,2022-04-13 15:41:42,dark,,452836,ENTERPRISE,Active,2024-08-08 09:24:34,1055260,19.99,,PAID
1000626,545010,purchase,,10,WINDOWS,user545009@example.com,UK,,dark,en,421541,PRO,,2022-08-12 00:32:32,941272,49.99,2025-12-05 10:08:23,FAILED
1000630,564571,view_item,2025-01-06 16:49:03,120,ANDROID,user564570@example.com,UNKNOWN,,dark,,1396498,BASIC,Active,,2325682,199.99,,PENDING
1000634,744097,viewitem,2025-02-14 16:26:26,10,ANDROID,user744096@example.com,CA,,dark,es,290369,BASIC,Past Due,,70931,199.99,,PAID
1000637,236390,error,,10,,user236389@example.com,CA,2022-08-09 19:16:01,dark,,1022084,ENTERPRISE,Active,,2427565,49.99,2025-10-22 14:30:46,PAID
1000644,747238,logout,,120,IOS,user747237@example.com,UK,,dark,fr,1077436,BASIC,Past Due,,1417335,199.99,2022-10-23 00:16:01,
1000645,707588,login,,10,IOS,user707587@example.com,UNKNOWN,,dark,en,748286,PRO,Past Due,2024-09-08 22:00:58,1718342,49.99,2024-04-19 09:54:58,PENDING
1000646,175200,purchase,2025-12-14 16:01:22,120,WINDOWS,user175199@example.com,UNKNOWN,2020-08-26 18:14:20,light,fr,1437744,BASIC,Active,2022-11-19 17:11:13,868811,nan,,PENDING
1000648,244819,purchase,,10,,user244818@example.com,UK,,dark,es,671852,PRO,Canceled,2025-03-05 17:28:03,2292113,199.99,,PAID
1000652,355808,login,2024-10-23 12:41:18,10,WINDOWS,user355807@example.com,US,2020-06-16 19:19:23,dark,en,621474,PRO,Canceled,2025-07-22 06:59:58,1407440,19.99,2025-09-15 07:43:13,PAID
1000666,15853,purchase,,120,MAC,user15852@example.com,US,2022-02-26 19:12:45,light,en,1215177,ENTERPRISE,,,2126727,19.99,,FAILED
1000668,45460,error,,120,ANDROID,user45459@example.com,IN,,light,fr,100451,BASIC,Past Due,,1639713,49.99,2022-09-13 09:37:46,PENDING
1000680,117958,login,2023-08-22 04:20:53,300,ANDROID,user117957@example.com,US,2020-07-01 16:03:14,light,es,364057,ENTERPRISE,,,2390625,19.99,2023-11-24 10:18:07,PAID
1000689,415815,logout,,120,WINDOWS,user415814@example.com,UK,2020-09-28 10:02:56,light,fr,227169,PRO,Past Due,2025-05-04 01:57:18,2371730,nan,2021-02-01 00:42:46,FAILED
1000691,884836,viewitem,2024-05-03 05:40:07,300,IOS,user884835@example.com,UNKNOWN,,light,es,1388495,BASIC,Past Due,2024-07-10 09:31:15,2259375,19.99,2025-05-08 09:55:50,PENDING
1000696,90782,purchase,2024-05-21 16:37:56,120,ANDROID,user90781@example.com,UK,2021-01-15 18:12:30,dark,,1374845,ENTERPRISE,Active,2021-12-02 05:02:51,1010997,nan,2023-09-03 10:21:12,FAILED
1000700,492975,view_item,2025-06-17 16:15:30,10,,USER492974@@example..com,UNKNOWN,2024-12-30 20:25:08,dark,fr,195199,BASIC,Canceled,,1248582,19.99,,PAID
1000702,753607,view_item,2025-07-13 09:50:59,10,IOS,user753606@example.com,US,,light,es,1133700,BASIC,Active,2024-08-06 21:45:48,121861,49.99,,PAID
1000705,537310,purchase,,10,ANDROID,user537309@example.com,IN,,light,en,126304,BASIC,Canceled,,1953214,19.99,2024-04-20 04:00:46,
1000711,878168,purchase,,10,WINDOWS,user878167@example.com,UK,,dark,fr,1259091,ENTERPRISE,Active,,829326,199.99,,FAILED
1000712,379939,login,2025-04-05 13:45:40,300,,user379938@example.com,US,2020-02-11 19:16:18,light,en,544923,ENTERPRISE,Past Due,2024-09-28 03:39:59,237315,nan,,PAID
1000718,682641,error,2023-12-23 06:26:25,300,MAC,USER682640@@example..com,UK,2022-07-21 15:22:13,light,fr,1312307,ENTERPRISE,,,1063445,49.99,,FAILED
1000731,755886,login,,300,MAC,user755885@example.com,IN,,light,es,531387,BASIC,Active,,1148385,19.99,,PAID
1000736,610802,login,,120,IOS,user610801@example.com,CANADA,2020-03-22 11:15:18,dark,,239053,PRO,Past Due,2023-09-02 03:10:23,416957,19.99,2024-07-10 21:40:08,
1000737,36481,view_item,2023-01-19 10:37:58,120,WINDOWS,user36480@example.com,US,2023-03-29 13:05:00,light,es,1440009,BASIC,Past Due,,1670368,19.99,2022-10-14 22:09:45,PENDING
1000743,13461,viewitem,,300,ANDROID,USER13460@@example..com,CA,,dark,en,1459511,ENTERPRISE,,2024-06-15 22:09:00,407914,19.99,2021-11-22 17:59:36,FAILED
1000747,904457,logout,,300,,user904456@example.com,UK,,light,es,1483233,PRO,,2024-11-11 08:52:16,456132,nan,,FAILED
1000751,513962,login,,120,,user513961@example.com,US,,dark,en,1269839,BASIC,Past Due,,227905,nan,2021-02-16 18:30:33,PENDING
1000754,114052,purchase,,10,ANDROID,user114051@example.com,IN,2020-09-11 11:22:19,dark,,943243,BASIC,Canceled,2024-06-18 00:54:45,1982828,49.99,2021-10-22 11:06:30,FAILED
1000758,422575,login,2024-04-25 14:24:24,300,,user422574@example.com,US,2021-11-16 01:32:05,dark,en,1349471,BASIC,Active,,92430,199.99,2022-05-14 05:17:44,
1000761,86216,viewitem,,120,ANDROID,user86215@example.com,CA,2023-02-09 14:46:53,dark,fr,825024,ENTERPRISE,Canceled,,1839542,19.99,2025-10-24 14:53:33,PAID
1000762,40142,login,2023-02-02 09:49:19,120,,user40141@example.com,CANADA,,dark,fr,991665,PRO,Past Due,2022-03-14 13:13:30,186916,19.99,,PAID
1000771,645035,login,2025-02-12 03:23:21,120,IOS,user645034@example.com,CANADA,2025-01-18 18:30:27,light,fr,312340,BASIC,Active,,431647,nan,2023-07-29 10:36:02,PENDING
1000777,960673,logout,,10,WINDOWS,user960672@example.com,CA,2021-04-28 12:29:37,dark,es,1188787,ENTERPRISE,Active,,1765011,19.99,,PENDING
1000780,561932,purchase,,300,WINDOWS,user561931@example.com,US,,light,en,160946,ENTERPRISE,Past Due,2022-04-10 05:37:51,741927,19.99,2024-01-03 18:45:27,FAILED
1000781,32828,view_item,2023-09-15 01:17:28,10,WINDOWS,user32827@example.com,US,,dark,,346207,ENTERPRISE,Past Due,,2364968,19.99,,PAID
1000788,440795,logout,2023-03-20 15:52:19,10,MAC,user440794@example.com,UK,2021-11-05 23:28:04,light,es,143779,PRO,Active,2022-12-21 02:06:33,2008248,nan,2021-08-08 06:09:43,
1000794,902828,viewitem,,120,WINDOWS,user902827@example.com,US,2020-10-09 07:27:02,light,fr,430918,ENTERPRISE,Canceled,,2230323,199.99,2023-12-18 22:25:14,
1000796,536459,login,2023-03-16 04:43:02,120,IOS,user536458@example.com,US,,dark,en,1448298,PRO,Active,,675885,49.99,,PENDING
1000797,371764,viewitem,,300,IOS,user371763@example.com,IN,2025-11-23 00:47:23,light,fr,380599,BASIC,Past Due,2023-07-06 00:32:00,1664229,199.99,,PAID
1000804,530177,login,,120,MAC,user530176@example.com,IN,2024-01-28 22:05:26,dark,en,1201036,PRO,,2021-10-06 12:02:29,391409,49.99,2022-06-30 11:44:45,FAILED
1000805,421259,viewitem,,10,IOS,user421258@example.com,UK,,dark,es,907204,ENTERPRISE,Past Due,2021-11-01 08:33:46,2168583,nan,,FAILED
1000806,805359,logout,2024-05-28 03:55:12,120,MAC,user805358@example.com,IN,2024-04-28 06:30:56,light,en,12432,BASIC,Active,,2143106,19.99,,PAID
1000817,737599,login,,120,MAC,user737598@example.com,CA,2023-08-31 20:49:11,light,fr,1139071,PRO,,2025-10-07 09:15:55,675002,49.99,,PAID
1000820,361029,login,2023-06-06 09:48:41,10,WINDOWS,user361028@example.com,US,,dark,en,77509,PRO,,,1780032,19.99,2021-09-10 10:32:26,PENDING
1000823,625930,login,,10,ANDROID,user625929@example.com,UK,,dark,fr,344911,ENTERPRISE,Past Due,,1513433,199.99,2024-01-04 09:26:55,FAILED
1000826,693046,purchase,2024-05-27 10:04:39,10,MAC,user693045@example.com,IN,2021-03-04 12:04:40,dark,en,1449728,ENTERPRISE,Past Due,,833069,nan,,PAID
1000827,35625,view_item,2025-08-27 05:01:38,10,ANDROID,user35624@example.com,UK,2022-10-21 09:58:32,light,en,1350816,ENTERPRISE,Canceled,2022-03-20 22:19:14,2418477,49.99,2022-07-18 04:00:32,PAID
1000830,414101,error,,120,ANDROID,user414100@example.com,US,2025-06-26 14:38:16,light,fr,461420,BASIC,,2023-06-18 07:14:11,59820,19.99,,PENDING
1000831,412804,logout,2025-11-28 20:35:17,120,,user412803@example.com,US,2022-04-02 21:19:20,light,fr,943160,BASIC,Past Due,2024-02-17 07:35:05,726220,19.99,2024-06-25 14:10:06,PAID
1000835,376648,viewitem,,300,,user376647@example.com,CANADA,,light,fr,229378,PRO,Active,,2399270,nan,,FAILED
1000836,764114,view_item,2025-12-15 04:34:06,300,WINDOWS,user764113@example.com,UK,,dark,,1246133,ENTERPRISE,Active,,1164829,nan,2025-01-29 15:34:33,PAID
1000840,137302,purchase,2024-07-03 12:24:25,120,IOS,user137301@example.com,CA,,dark,en,1297992,BASIC,Past Due,2021-10-05 13:30:34,1986414,19.99,,PAID
1000841,539692,login,,10,ANDROID,user539691@example.com,UK,,dark,,860447,PRO,Past Due,,2078375,19.99,2024-02-13 07:52:16,PAID
1000845,92811,purchase,,300,ANDROID,user92810@example.com,UK,,dark,es,268121,PRO,Past Due,2021-04-13 16:37:57,747113,19.99,2023-08-09 06:04:33,PAID
1000848,489453,error,,120,MAC,user489452@example.com,UK,,light,es,1396689,PRO,,,1928934,nan,,PENDING
1000849,254731,viewitem,,300,ANDROID,user254730@example.com,CANADA,2023-03-28 23:45:10,light,es,1120212,BASIC,Active,,2278537,19.99,,PENDING
1000852,5105,logout,,120,,user5104@example.com,UNKNOWN,,light,en,345421,ENTERPRISE,Past Due,,750162,19.99,2025-12-04 19:56:44,PENDING
1000858,593218,login,2024-02-19 06:49:24,300,MAC,user593217@example.com,UK,,light,es,195606,BASIC,Active,2023-07-27 11:50:05,1919524,19.99,2025-08-29 11:08:53,FAILED
1000870,771165,error,2025-10-13 12:58:59,120,,user771164@example.com,US,2023-05-18 23:39:21,dark,es,371444,PRO,Active,2025-04-16 10:45:49,656831,19.99,,
1000881,55869,login,2025-01-23 00:10:12,300,ANDROID,user55868@example.com,UK,,light,en,874707,PRO,,,174132,nan,,PENDING
1000886,793954,login,2024-06-16 04:06:40,10,IOS,user793953@example.com,IN,2021-09-17 02:43:13,dark,,508820,BASIC,Active,,273031,199.99,2021-05-30 09:20:13,PAID
1000887,918495,logout,2025-07-06 22:17:28,10,ANDROID,user918494@example.com,UK,2020-11-07 08:21:25,light,en,1151215,BASIC,,,1661625,nan,,
1000896,247027,logout,,120,IOS,user247026@example.com,UNKNOWN,2022-05-16 04:50:55,dark,en,678316,BASIC,,,471758,199.99,,FAILED
1000897,123126,viewitem,2023-12-03 08:07:29,120,IOS,USER123125@@example..com,IN,,dark,,1491306,PRO,,,469985,19.99,,FAILED
1000907,57060,purchase,2025-06-01 02:25:48,120,ANDROID,user57059@example.com,CANADA,2023-06-16 22:51:09,light,fr,1373314,PRO,Active,2023-07-17 18:25:55,2056963,49.99,2022-04-13 21:26:56,
1000909,110392,purchase,2023-11-01 17:17:14,300,ANDROID,user110391@example.com,CANADA,,dark,en,1196409,BASIC,,,1832615,49.99,2023-02-21 12:57:05,PENDING
1000911,408442,error,,10,WINDOWS,user408441@example.com,US,,dark,es,1355338,ENTERPRISE,Active,,758833,19.99,2025-10-30 12:57:31,PAID
1000913,999328,error,2025-12-17 11:00:04,300,MAC,user999327@example.com,UNKNOWN,,dark,es,913278,BASIC,Canceled,2021-05-23 03:48:32,2382617,19.99,2022-09-09 11:13:18,PAID
1000916,653981,viewitem,,10,ANDROID,user653980@example.com,CA,,dark,en,1356589,PRO,Active,,156225,19.99,2023-12-30 10:32:54,FAILED
1000919,39486,login,2025-06-20 03:30:22,300,IOS,user39485@example.com,UNKNOWN,,light,es,1196485,BASIC,Canceled,2023-03-05 00:00:17,1444635,19.99,,
1000922,504466,viewitem,,10,MAC,user504465@example.com,US,,light,es,1042190,PRO,Past Due,,12960,nan,2023-09-13 19:27:57,PENDING
1000927,857996,purchase,,10,ANDROID,user857995@example.com,IN,,dark,en,1064177,ENTERPRISE,Canceled,,2408410,19.99,2021-05-26 14:17:25,PAID
1000929,180044,logout,2024-07-10 13:16:31,300,IOS,user180043@example.com,CA,2020-01-16 14:31:33,light,en,1240770,ENTERPRISE,Active,,775160,199.99,2025-12-09 20:12:31,FAILED
1000936,337623,error,2023-04-15 20:59:33,10,MAC,user337622@example.com,UK,,dark,en,237552,ENTERPRISE,Past Due,2021-06-02 11:24:06,688387,49.99,2023-04-17 19:31:18,
1000937,275255,login,2025-09-27 13:49:00,10,IOS,user275254@example.com,CA,2021-03-31 02:44:03,dark,fr,926630,ENTERPRISE,Active,,2398133,19.99,,PAID
1000943,795847,error,,300,WINDOWS,user795846@example.com,IN,,dark,,32631,PRO,Past Due,,1738913,199.99,2022-01-19 21:02:40,PAID
1000944,808934,view_item,2023-05-21 05:08:33,120,WINDOWS,user808933@example.com,CA,2024-01-01 22:59:59,dark,,215284,BASIC,Active,,260656,19.99,,PAID
1000945,398073,error,2024-02-28 16:25:32,10,ANDROID,user398072@example.com,CANADA,,dark,es,1363788,PRO,Canceled,2023-11-27 01:18:26,1854074,49.99,2024-09-08 08:38:07,
1000955,823613,view_item,2024-03-11 15:16:50,300,,user823612@example.com,UK,2025-01-31 18:35:47,dark,en,311175,BASIC,Active,2021-03-10 04:29:53,739091,19.99,,
1000960,608144,error,2023-12-03 19:39:18,10,WINDOWS,user608143@example.com,IN,2025-10-30 02:17:03,light,es,519116,ENTERPRISE,Active,2021-08-15 18:06:53,2128434,49.99,2024-08-01 11:18:41,
1000961,949310,view_item,2023-10-27 03:00:34,10,ANDROID,USER949309@@example..com,UK,,light,fr,289332,ENTERPRISE,,,1941259,19.99,2024-12-02 08:51:28,PENDING
1000964,840759,purchase,2024-07-14 23:49:21,10,,user840758@example.com,US,2024-12-17 21:20:59,light,es,1182177,BASIC,Active,2025-09-07 03:55:25,1423660,49.99,,PAID
1000968,610023,login,2025-09-03 02:31:46,10,ANDROID,user610022@example.com,CA,2025-09-25 21:19:47,dark,en,271673,BASIC,,,324139,nan,,PENDING
1000972,20778,purchase,2024-02-18 08:09:04,10,ANDROID,user20777@example.com,UNKNOWN,,dark,fr,52022,BASIC,Active,,1078374,nan,2021-09-25 04:12:37,FAILED
1000981,185465,login,2024-07-15 10:35:21,300,IOS,user185464@example.com,US,2025-06-28 17:34:49,light,es,1106774,ENTERPRISE,Active,2022-03-05 01:54:25,978010,49.99,,
1000985,336546,logout,2023-10-17 09:47:34,120,ANDROID,user336545@example.com,CANADA,2021-10-16 12:45:46,dark,fr,1335734,ENTERPRISE,Active,,652568,19.99,2021-10-24 14:30:05,
1000987,665528,error,2024-09-02 14:51:25,10,IOS,user665527@example.com,US,2020-09-13 13:59:44,dark,en,1362651,BASIC,Active,2023-03-22 00:18:01,2194636,49.99,,PAID
1000992,218205,viewitem,,120,MAC,user218204@example.com,UNKNOWN,,light,fr,29236,PRO,Active,2024-10-17 04:30:07,710634,19.99,2022-10-23 09:36:13,
1000994,417051,error,2024-07-01 12:15:30,120,ANDROID,user417050@example.com,CANADA,2025-09-04 01:27:45,dark,en,133629,ENTERPRISE,Canceled,2023-10-29 23:03:24,1957159,nan,2024-07-25 19:45:48,
1000996,297120,login,,120,MAC,user297119@example.com,CA,2025-06-26 08:18:21,dark,en,757440,ENTERPRISE,Past Due,,1330562,199.99,2025-09-10 10:45:58,FAILED
1000997,362165,login,2023-10-19 17:23:57,10,,user362164@example.com,IN,2025-02-02 14:25:02,light,en,1296323,PRO,Active,2021-10-17 13:58:48,1543168,49.99,2021-10-20 09:24:25,PAID
1000999,561898,error,2024-07-08 21:19:12,10,ANDROID,user561897@example.com,CA,,light,fr,1161998,BASIC,,,2244963,19.99,2021-08-15 01:11:31,FAILED
1001000,776008,view_item,,300,MAC,user776007@example.com,UK,,light,fr,1390151,BASIC,Past Due,,1769583,49.99,2024-04-02 01:52:35,PENDING
1001001,250469,view_item,2024-09-24 07:24:20,120,MAC,user250468@example.com,US,,light,es,1453548,PRO,Active,,1048415,49.99,2021-10-16 03:59:58,PENDING
1001003,200453,purchase,,300,ANDROID,user200452@example.com,UK,,light,es,868394,PRO,Past Due,2025-09-15 06:11:25,352890,19.99,,PENDING
1001005,969477,login,,120,IOS,user969476@example.com,UNKNOWN,,dark,fr,618723,BASIC,Active,2021-11-28 18:30:15,1769468,199.99,,PAID
1001012,473180,login,,120,IOS,user473179@example.com,US,,dark,en,393696,PRO,Active,2022-01-30 21:59:51,2225845,19.99,,PAID
1001013,558460,view_item,2024-11-21 11:28:23,120,WINDOWS,user558459@example.com,UNKNOWN,2024-04-27 02:51:07,dark,es,403462,ENTERPRISE,,2022-03-09 15:49:36,1151944,199.99,2023-12-31 01:18:01,PENDING
1001014,901494,view_item,2024-09-14 09:15:51,10,ANDROID,user901493@example.com,IN,2021-11-26 22:29:06,dark,en,824745,ENTERPRISE,Active,2025-11-24 06:18:58,1057386,199.99,,PAID
1001015,818234,login,,300,WINDOWS,user818233@example.com,CANADA,2023-03-27 23:50:29,light,en,1376645,PRO,Canceled,,2174379,199.99,,
1001021,468894,login,2023-06-03 16:26:03,120,WINDOWS,user468893@example.com,CA,2025-04-26 02:41:57,light,en,195941,PRO,Canceled,,484923,49.99,2021-04-17 12:06:48,PAID
1001025,515495,purchase,2023-08-05 06:47:29,300,ANDROID,user515494@example.com,US,2024-08-03 10:36:20,dark,,1304817,BASIC,Active,,217382,49.99,,PENDING
1001026,920747,logout,2023-11-07 11:26:50,300,ANDROID,user920746@example.com,CA,2023-04-02 02:31:53,light,en,236225,PRO,Active,2025-09-16 12:42:46,944942,49.99,2023-06-27 12:05:03,FAILED
1001027,496636,viewitem,,300,IOS,USER496635@@example..com,US,,light,fr,661743,PRO,,2024-05-13 07:39:46,1389736,199.99,2022-10-26 15:17:41,FAILED
1001030,130183,error,,120,IOS,user130182@example.com,UK,,dark,,682038,PRO,Active,,210277,49.99,2023-12-23 10:14:49,PENDING
1001032,135632,login,,120,ANDROID,user135631@example.com,US,,light,en,1345847,BASIC,Active,,1174234,199.99,2024-07-15 05:29:26,FAILED
1001036,948305,view_item,,300,MAC,user948304@example.com,IN,2022-08-11 06:39:42,dark,fr,1086612,PRO,Active,2024-04-01 14:30:25,2293962,49.99,2023-11-14 02:05:56,FAILED
1001038,402736,view_item,2024-03-19 07:32:10,300,IOS,user402735@example.com,US,2020-03-19 08:52:04,light,en,489345,ENTERPRISE,,2025-01-03 12:08:18,1044027,199.99,2022-02-15 13:10:32,FAILED
1001040,549994,viewitem,,10,,user549993@example.com,UK,,dark,en,643864,ENTERPRISE,Canceled,,1803718,49.99,2023-07-02 22:03:44,PENDING
1001041,281472,viewitem,2025-05-10 03:05:34,300,WINDOWS,user281471@example.com,UK,,light,en,1382741,PRO,Past Due,,612924,49.99,2025-09-30 04:18:12,
1001042,78243,viewitem,,300,WINDOWS,user78242@example.com,UK,2021-09-14 21:22:50,dark,en,488513,BASIC,Past Due,,319239,199.99,2025-05-18 14:03:25,PAID
1001046,896958,view_item,,300,ANDROID,user896957@example.com,UK,,light,en,888051,ENTERPRISE,Past Due,2025-11-29 15:12:38,212291,199.99,2024-12-02 18:56:16,
1001049,448844,login,2023-02-18 23:46:43,120,ANDROID,user448843@example.com,IN,2024-06-24 22:41:35,light,es,439873,ENTERPRISE,Canceled,,2449927,199.99,2025-04-18 06:55:50,PAID
1001051,567500,login,2024-05-15 01:59:17,300,IOS,user567499@example.com,CANADA,2024-02-29 12:37:33,light,fr,786311,BASIC,Active,2024-12-29 23:17:50,19039,19.99,2021-11-19 09:07:32,FAILED
1001053,849166,login,,300,ANDROID,user849165@example.com,UNKNOWN,,dark,en,1411793,PRO,,,736101,199.99,,PAID
1001054,161945,login,2024-03-29 09:11:08,300,WINDOWS,user161944@example.com,US,2022-05-30 21:41:59,dark,fr,1376897,BASIC,Canceled,,692049,19.99,2025-09-02 09:35:44,PENDING
1001058,120946,error,,10,ANDROID,user120945@example.com,US,2021-08-24 04:33:31,light,es,36991,ENTERPRISE,Canceled,2025-07-07 10:37:01,1146254,nan,,PAID
1001059,44826,viewitem,2025-10-19 13:30:15,10,MAC,user44825@example.com,CA,2020-11-25 20:48:34,dark,,509818,BASIC,Canceled,,1294215,19.99,2023-06-10 06:56:57,FAILED
1001069,148691,view_item,2024-02-29 02:01:40,300,IOS,user148690@example.com,CANADA,,dark,,372919,PRO,Canceled,,1858492,19.99,2022-09-27 16:48:23,PAID
1001071,603920,view_item,,300,,user603919@example.com,CA,2020-07-11 01:39:41,light,en,1405611,BASIC,Canceled,2025-10-16 02:12:44,2291712,199.99,2021-07-08 14:20:13,FAILED
1001074,306583,login,,120,ANDROID,user306582@example.com,CA,2024-02-13 06:26:09,dark,es,697804,BASIC,Canceled,,1093791,nan,2022-04-11 03:04:08,PAID
1001079,3021,login,2023-08-15 00:54:34,10,WINDOWS,user3020@example.com,US,2021-08-19 22:37:02,light,fr,152982,ENTERPRISE,Active,,719495,199.99,2024-04-27 16:32:55,FAILED
1001083,19619,purchase,,300,,user19618@example.com,UNKNOWN,2023-01-07 01:32:06,dark,es,1456158,BASIC,Canceled,,736875,49.99,2024-06-16 18:15:01,PENDING
1001085,850217,login,2023-08-08 19:51:15,10,ANDROID,user850216@example.com,UNKNOWN,,dark,fr,870625,ENTERPRISE,,,1779118,19.99,2025-01-31 00:05:38,PENDING
1001086,406276,purchase,2024-05-10 04:06:59,300,IOS,user406275@example.com,IN,,light,en,260504,PRO,Active,2023-11-02 10:24:01,1975953,19.99,2021-12-12 16:39:38,
1001089,696997,login,,300,ANDROID,user696996@example.com,IN,2021-12-10 15:09:19,light,fr,1249849,BASIC,Active,,1567406,49.99,2024-02-22 20:55:31,PAID
1001092,318137,login,,300,MAC,user318136@example.com,US,2021-05-19 17:12:11,dark,fr,174155,ENTERPRISE,Canceled,2021-01-15 06:38:49,704311,19.99,2022-07-22 07:11:56,FAILED
1001097,298299,view_item,2025-01-09 15:39:30,300,,user298298@example.com,UK,2023-06-07 02:47:36,dark,es,1036028,ENTERPRISE,Canceled,2022-02-03 08:42:39,345241,199.99,,FAILED
1001098,313864,login,2025-05-29 06:49:00,120,IOS,user313863@example.com,US,,dark,es,423822,BASIC,Active,2023-06-28 02:25:19,1987717,19.99,2024-04-15 14:23:22,PENDING
1001104,372950,logout,,300,,user372949@example.com,UK,2022-09-30 21:05:58,light,en,541704,ENTERPRISE,Active,,743758,19.99,2021-09-23 20:35:19,PAID
1001110,361691,error,,300,IOS,user361690@example.com,UNKNOWN,,dark,en,1020288,ENTERPRISE,,,2398108,19.99,2021-01-03 13:27:28,
1001111,131763,login,2025-09-09 17:48:47,120,IOS,user131762@example.com,US,2022-11-29 09:15:03,dark,en,304634,BASIC,Active,,25553,19.99,,
1001120,453747,purchase,2025-02-19 10:51:45,10,ANDROID,user453746@example.com,US,2023-05-14 21:44:22,light,en,1371118,PRO,Canceled,2025-03-13 23:24:59,29092,19.99,,PAID
1001122,299024,purchase,2023-12-15 07:18:55,10,ANDROID,user299023@example.com,US,,light,en,1345420,PRO,Active,,1728408,199.99,2021-03-04 13:03:40,FAILED
1001124,384854,login,2024-11-26 12:46:18,300,WINDOWS,user384853@example.com,US,2023-12-14 00:49:36,dark,es,1147028,BASIC,Past Due,,989390,49.99,,FAILED
1001125,246278,logout,2025-04-08 14:48:47,120,ANDROID,user246277@example.com,CA,,dark,fr,1452709,PRO,Canceled,2022-03-10 22:17:01,1724518,49.99,2023-04-21 10:47:06,PAID
1001132,508697,viewitem,,10,,user508696@example.com,UK,2021-12-31 11:11:26,light,en,872922,PRO,Canceled,,2082454,49.99,,FAILED
1001133,319896,login,2024-05-08 14:17:57,10,WINDOWS,user319895@example.com,UK,2021-01-10 04:15:19,light,es,686564,ENTERPRISE,Canceled,2025-04-23 20:33:22,1110670,19.99,2024-11-08 23:48:12,PENDING
1001137,987415,purchase,2024-06-06 14:27:27,300,MAC,user987414@example.com,UK,2023-04-12 04:35:37,light,fr,270736,PRO,Canceled,2024-08-20 22:42:42,2359454,nan,2022-09-24 09:17:42,
1001141,859478,view_item,,300,IOS,user859477@example.com,IN,2024-07-25 21:05:29,light,en,1253096,ENTERPRISE,Past Due,,1146557,19.99,,PAID
1001144,513442,view_item,,120,,user513441@example.com,UK,,dark,,1392993,PRO,,2021-12-02 09:32:15,1381603,19.99,,PAID
1001149,920779,viewitem,,300,IOS,user920778@example.com,UNKNOWN,,dark,,849686,BASIC,Canceled,,665162,nan,2023-12-29 06:10:08,
1001150,744666,login,,10,ANDROID,user744665@example.com,IN,,light,en,256488,ENTERPRISE,Active,2021-01-30 01:41:11,842133,49.99,,PAID
1001152,767474,error,,120,IOS,user767473@example.com,US,2023-12-27 15:02:46,dark,es,1423421,ENTERPRISE,Past Due,,1852862,49.99,2024-05-30 23:12:57,PAID
1001154,293989,logout,,120,WINDOWS,user293988@example.com,UNKNOWN,2023-11-20 03:24:32,dark,,1332508,BASIC,Past Due,2025-12-02 15:03:17,1351479,19.99,,PAID
1001159,793519,login,2023-04-11 20:32:10,120,IOS,user793518@example.com,IN,,dark,es,884659,PRO,,,1229621,nan,,FAILED
1001163,565254,view_item,,300,ANDROID,user565253@example.com,IN,2023-05-06 07:22:44,dark,,1014862,BASIC,,2024-06-30 16:16:36,943450,49.99,,FAILED
1001166,400673,error,2024-04-04 20:31:35,10,ANDROID,user400672@example.com,CANADA,2021-06-16 03:20:03,dark,fr,285233,ENTERPRISE,Active,,835938,49.99,2021-10-16 18:45:53,PENDING
1001171,360514,login,,10,ANDROID,user360513@example.com,US,,dark,es,750666,BASIC,Past Due,2024-06-23 09:04:29,786481,49.99,,PAID
1001174,767890,logout,,10,,user767889@example.com,UNKNOWN,2020-06-06 08:44:46,light,en,173863,PRO,Active,2023-07-14 23:47:17,236581,49.99,,PAID
1001187,675627,error,2023-04-25 05:27:00,300,ANDROID,user675626@example.com,IN,,dark,en,182958,PRO,Active,2025-12-06 05:30:28,363317,19.99,,FAILED
1001188,283129,logout,,300,ANDROID,user283128@example.com,CA,2021-11-26 19:30:12,light,en,1115591,ENTERPRISE,Canceled,2024-11-29 19:37:23,2355854,19.99,2025-10-08 17:34:10,FAILED
1001192,903538,view_item,,300,IOS,user903537@example.com,CA,2023-12-30 19:34:50,light,en,783652,BASIC,,2024-09-27 12:49:51,1417195,49.99,2022-09-01 02:08:10,
1001194,985488,login,2023-02-20 02:02:06,300,IOS,user985487@example.com,CA,2020-08-19 23:47:43,light,fr,1484303,PRO,Canceled,2022-01-04 23:23:33,2467249,19.99,,FAILED
1001201,731700,login,,120,ANDROID,user731699@example.com,UNKNOWN,2022-06-04 05:11:50,dark,es,954972,ENTERPRISE,Past Due,2023-01-06 16:29:27,1019401,199.99,2022-12-02 00:30:31,PAID
1001206,823117,error,,10,,user823116@example.com,CA,,dark,fr,1370791,BASIC,Past Due,,1926125,49.99,,PAID
1001208,839561,logout,2024-11-26 06:01:43,120,IOS,user839560@example.com,UNKNOWN,,dark,es,226377,PRO,Past Due,2021-07-07 19:37:36,43114,19.99,2024-02-29 22:11:14,FAILED
1001209,154072,error,,10,IOS,user154071@example.com,IN,2025-01-13 16:15:11,dark,es,1493841,PRO,Canceled,2021-10-10 17:26:42,2139552,49.99,,FAILED
1001215,727906,view_item,2024-12-03 12:53:15,300,ANDROID,user727905@example.com,US,2021-11-06 03:32:38,dark,fr,306201,PRO,Active,2021-07-19 00:59:34,833807,19.99,,PAID
1001216,639423,viewitem,2023-01-12 09:32:06,300,IOS,user639422@example.com,CANADA,2025-08-12 12:46:36,dark,en,219590,BASIC,Active,2022-04-20 06:06:45,1620913,19.99,2023-06-30 22:26:08,PENDING
1001217,342527,view_item,2025-06-06 06:16:58,300,IOS,user342526@example.com,IN,2024-03-05 11:58:37,dark,es,223072,PRO,Past Due,2025-10-31 18:34:44,1146017,19.99,,
1001218,243183,view_item,,120,MAC,user243182@example.com,IN,2021-06-11 22:14:24,light,fr,693157,PRO,Canceled,2022-11-22 08:57:17,2433667,nan,2023-03-20 13:06:20,
1001219,974348,viewitem,2024-04-09 15:48:17,10,WINDOWS,user974347@example.com,UK,2025-05-13 22:15:32,dark,en,552393,ENTERPRISE,Past Due,2025-04-09 06:43:37,1911309,49.99,,
1001222,902941,error,,10,ANDROID,user902940@example.com,IN,,dark,en,1060469,PRO,Active,2023-02-23 08:38:37,1837691,nan,2024-03-05 18:10:06,
1001228,201489,logout,2023-03-26 01:44:44,120,,user201488@example.com,CANADA,2024-08-24 00:15:29,light,fr,1456248,PRO,Active,2022-06-22 01:35:03,2413237,49.99,2021-08-27 01:39:22,FAILED
1001229,358379,error,,300,MAC,user358378@example.com,IN,2025-11-29 14:33:46,light,es,851640,BASIC,Active,,1811457,19.99,2023-03-24 23:47:10,PAID
1001234,512047,login,,10,,user512046@example.com,UK,2021-05-29 09:14:22,light,es,1203753,PRO,Past Due,,149495,nan,2023-01-29 07:45:44,PAID
1001235,46006,login,,10,IOS,user46005@example.com,UNKNOWN,,dark,fr,1161238,BASIC,Active,2025-07-14 14:57:47,1159043,19.99,2021-01-09 05:32:47,FAILED
1001239,356521,error,2023-06-16 13:27:45,300,ANDROID,user356520@example.com,CANADA,2021-03-09 21:52:57,dark,es,1371644,BASIC,,,1508334,19.99,,FAILED
1001240,125015,view_item,,300,IOS,user125014@example.com,CANADA,,dark,es,161583,ENTERPRISE,,2024-11-15 12:45:32,235038,nan,,PENDING
1001241,713596,logout,,120,IOS,user713595@example.com,US,2023-05-10 04:36:25,light,en,570252,PRO,,2024-08-09 14:32:10,990789,49.99,2023-12-06 17:28:03,FAILED
1001249,477337,error,,10,MAC,user477336@example.com,IN,,dark,fr,334391,ENTERPRISE,Active,2023-11-12 23:09:01,1392806,19.99,,
1001252,49211,purchase,,120,WINDOWS,user49210@example.com,CANADA,2021-06-18 18:37:12,light,en,978779,ENTERPRISE,Active,2024-11-11 09:37:55,6421,49.99,,
1001253,117050,error,,10,ANDROID,user117049@example.com,IN,,dark,es,111798,BASIC,Active,,2410996,nan,2024-07-31 21:03:06,PAID
1001255,640302,view_item,,10,ANDROID,user640301@example.com,IN,2021-08-27 13:27:14,dark,es,1264363,PRO,Past Due,,795805,19.99,2022-08-06 07:38:45,PENDING
1001256,370501,view_item,2023-04-19 17:22:22,10,MAC,user370500@example.com,IN,,light,es,543983,BASIC,Active,2021-05-03 04:34:44,1137038,49.99,,PAID
1001272,892960,logout,,300,IOS,user892959@example.com,US,,dark,fr,1317205,ENTERPRISE,Active,,1727909,49.99,2025-01-25 05:27:15,
1001273,658391,view_item,2023-09-03 21:55:09,300,WINDOWS,user658390@example.com,UK,,dark,en,136710,BASIC,,2025-01-17 09:24:37,2106432,19.99,2021-01-28 23:17:26,PAID
1001276,914152,view_item,,10,ANDROID,user914151@example.com,US,2021-01-01 19:41:29,light,en,343973,BASIC,Active,,50428,49.99,2022-03-29 03:43:03,PAID
1001279,823488,purchase,2023-06-06 14:06:12,300,ANDROID,user823487@example.com,UK,2021-12-22 12:34:24,light,en,1415905,PRO,Past Due,,76302,nan,,PAID
1001281,531152,logout,,300,ANDROID,user531151@example.com,CA,2024-08-05 01:38:40,dark,en,863489,BASIC,Active,,353978,nan,2022-08-27 01:32:46,
1001282,365646,view_item,,10,ANDROID,user365645@example.com,IN,2020-03-23 00:25:04,dark,,1123356,BASIC,,2022-03-11 18:52:51,2032728,199.99,,FAILED
1001283,59086,viewitem,2025-05-23 03:01:36,120,,user59085@example.com,UK,2022-04-15 01:45:47,light,fr,815060,PRO,Active,2023-04-07 06:06:18,880816,49.99,2025-11-08 00:12:41,PAID
1001286,918342,login,,120,IOS,user918341@example.com,CANADA,2025-11-27 04:39:08,light,es,1060873,BASIC,Canceled,,865706,19.99,2023-08-29 18:55:41,PENDING
1001289,324490,view_item,2025-11-24 22:25:11,10,ANDROID,user324489@example.com,UNKNOWN,,dark,fr,1007124,BASIC,Active,2023-09-22 09:27:08,721965,19.99,,
1001290,677790,logout,2024-06-25 03:04:14,10,,user677789@example.com,IN,2020-02-14 17:32:16,dark,es,847090,BASIC,Active,,1090340,19.99,,FAILED
1001291,407218,logout,,120,MAC,user407217@example.com,UK,,dark,es,125861,BASIC,,2023-11-01 14:22:37,1344208,49.99,,
1001297,124519,login,2024-02-29 21:43:39,120,ANDROID,user124518@example.com,UK,,light,es,15706,PRO,Active,,463343,199.99,2022-09-28 10:01:07,FAILED
1001300,635496,viewitem,,120,ANDROID,user635495@example.com,IN,2025-01-13 08:28:16,dark,en,559082,BASIC,Active,2021-02-05 21:34:12,965633,49.99,2024-10-19 02:19:14,
1001303,918546,error,2025-09-30 15:35:59,300,,user918545@example.com,CA,2024-03-13 07:35:40,light,fr,1329561,BASIC,Active,2024-08-23 02:28:52,1789575,19.99,2022-08-15 15:14:20,PENDING
1001309,22256,view_item,2023-05-04 00:50:22,300,ANDROID,user22255@example.com,UK,2025-08-21 19:06:49,light,fr,517699,PRO,Canceled,,719230,49.99,2023-10-20 09:56:17,FAILED
1001313,364004,login,,300,ANDROID,user364003@example.com,UK,,light,fr,1034387,BASIC,,2025-06-14 13:11:36,821189,19.99,,FAILED
1001315,216243,view_item,2023-06-30 14:57:26,300,,user216242@example.com,US,2021-10-15 15:52:07,dark,,559356,ENTERPRISE,Active,,2392284,nan,,PAID
1001321,359654,view_item,,120,IOS,user359653@example.com,CA,,dark,,1494580,BASIC,,2024-10-23 01:46:08,228945,49.99,,
1001324,57256,error,,300,WINDOWS,user57255@example.com,US,,dark,es,520344,BASIC,Canceled,2021-05-15 21:39:39,97408,19.99,,PAID
1001327,497391,login,2025-07-30 12:07:00,120,,user497390@example.com,IN,,light,fr,396332,ENTERPRISE,Past Due,2021-06-14 22:51:31,1012351,49.99,2022-03-30 05:50:05,PAID
1001329,816122,error,,300,ANDROID,user816121@example.com,UK,,dark,,321441,PRO,,2024-05-02 18:02:40,1777192,199.99,2024-12-03 16:37:31,PENDING
1001334,885327,error,2025-02-16 21:54:45,10,,user885326@example.com,CANADA,,light,fr,1181715,ENTERPRISE,,2022-06-06 14:41:45,1149343,19.99,2024-01-29 11:42:53,PAID
1001335,842541,logout,2025-11-16 02:28:38,120,MAC,user842540@example.com,UK,,light,en,358516,BASIC,Active,2025-05-21 06:13:18,430336,199.99,,PENDING
1001340,177093,view_item,2023-11-20 14:36:24,300,WINDOWS,USER177092@@example..com,CA,2022-08-03 16:03:20,light,fr,186994,ENTERPRISE,Active,2021-12-11 22:02:33,1016433,49.99,,FAILED
1001342,410096,login,2023-04-22 10:44:43,300,WINDOWS,user410095@example.com,IN,,light,en,575180,BASIC,Canceled,,2379931,199.99,,FAILED
1001350,418424,purchase,2024-03-08 11:14:36,10,IOS,user418423@example.com,CA,2023-02-25 08:16:20,dark,fr,1015404,BASIC,,,833908,nan,2021-07-30 08:38:17,PENDING
1001351,413272,error,,300,IOS,user413271@example.com,US,2023-09-14 18:04:54,dark,fr,846112,ENTERPRISE,,2022-02-11 00:55:21,891608,49.99,2024-09-07 03:09:39,PENDING
1001352,696082,logout,2025-07-16 04:37:35,120,,user696081@example.com,IN,2025-08-30 19:51:24,dark,es,195509,ENTERPRISE,Past Due,2022-02-28 02:44:48,1775705,49.99,,FAILED
1001362,47075,viewitem,2023-09-22 11:51:02,300,WINDOWS,user47074@example.com,IN,2021-06-06 05:13:13,dark,fr,269100,PRO,,2025-06-20 02:08:18,987528,nan,,
1001365,703687,login,,10,IOS,user703686@example.com,US,2023-06-04 13:52:41,light,fr,140995,BASIC,Active,2025-04-26 12:09:08,127086,49.99,2024-01-03 03:50:57,FAILED
1001369,763588,login,2025-11-21 00:19:04,300,IOS,user763587@example.com,IN,2023-03-18 10:33:03,dark,fr,457071,PRO,Canceled,2021-11-23 19:17:58,121101,49.99,,FAILED
1001376,62579,login,,10,ANDROID,user62578@example.com,US,2025-10-12 18:07:29,light,es,1435593,BASIC,Canceled,2025-12-18 21:05:45,1153373,nan,2024-11-19 14:31:19,PENDING
1001387,43815,logout,,300,,user43814@example.com,IN,2022-01-31 04:14:57,dark,fr,831903,BASIC,,2023-12-04 06:48:52,2458111,199.99,,PAID
1001390,637091,login,,300,ANDROID,user637090@example.com,CANADA,2024-11-29 05:26:16,dark,es,367181,PRO,Active,2022-05-30 17:51:07,1691080,19.99,2025-12-24 06:19:11,PAID
1001391,534558,login,2025-12-11 05:12:24,300,IOS,user534557@example.com,US,,light,fr,1251022,ENTERPRISE,,2024-11-09 07:33:36,2046831,19.99,,FAILED
1001393,824667,logout,,10,ANDROID,user824666@example.com,UK,,light,en,354251,ENTERPRISE,Past Due,,2200540,nan,2024-05-12 04:53:53,PAID
1001405,563144,purchase,2024-07-25 13:12:46,10,IOS,user563143@example.com,CA,2024-03-02 18:35:23,light,en,216435,PRO,Canceled,2021-04-01 09:34:41,539276,19.99,2021-02-01 00:38:15,PENDING
1001414,632318,purchase,2025-04-28 06:21:07,10,ANDROID,user632317@example.com,CANADA,,dark,,1345994,PRO,Active,,198328,nan,2025-12-07 22:35:25,PAID
1001417,918895,viewitem,2023-08-06 09:13:22,120,IOS,user918894@example.com,US,2021-03-14 03:11:06,dark,es,209277,BASIC,Past Due,2024-09-16 12:11:55,1830986,199.99,2025-11-05 15:09:46,
1001420,200259,viewitem,2023-06-16 22:40:08,10,WINDOWS,user200258@example.com,IN,,light,fr,905878,ENTERPRISE,Active,2023-01-05 23:42:27,1793278,19.99,2025-05-12 11:54:43,PAID
1001422,569256,login,,120,ANDROID,user569255@example.com,UK,2023-09-09 10:44:19,light,fr,667485,PRO,Active,2021-10-15 07:29:06,1718929,nan,2025-09-02 05:23:00,PENDING
1001423,608371,login,2023-03-31 22:42:32,10,MAC,user608370@example.com,US,2020-10-11 14:12:53,light,fr,215256,ENTERPRISE,Active,,982525,49.99,,
1001428,331846,login,,300,MAC,user331845@example.com,CA,2022-08-15 11:39:44,dark,fr,1317519,PRO,Active,,2173856,199.99,,
1001432,460899,purchase,,120,WINDOWS,user460898@example.com,US,2025-04-22 23:44:31,light,es,93313,ENTERPRISE,,2025-10-10 09:51:01,1882822,199.99,,FAILED
1001434,496956,error,,300,ANDROID,user496955@example.com,IN,2022-03-30 17:30:53,dark,fr,904938,ENTERPRISE,Past Due,,1118794,49.99,2023-04-09 13:40:17,PENDING
1001439,635081,view_item,2024-11-04 08:14:17,300,ANDROID,user635080@example.com,CANADA,2021-02-01 08:35:19,dark,en,1457741,ENTERPRISE,Active,,1036699,199.99,2024-06-04 00:41:59,
1001447,61990,view_item,,10,,user61989@example.com,CA,2022-11-29 08:07:06,light,es,273601,ENTERPRISE,Past Due,,2495327,19.99,,PAID
1001457,465736,purchase,2023-02-11 23:02:59,300,WINDOWS,user465735@example.com,UK,,dark,es,1015066,BASIC,Active,2025-12-25 11:25:24,1208551,19.99,2025-12-25 10:11:39,
1001467,178626,login,,120,IOS,user178625@example.com,UNKNOWN,,dark,fr,261970,PRO,Canceled,,55531,19.99,,
1001474,647419,login,2025-06-14 13:25:27,120,IOS,user647418@example.com,IN,,dark,,573159,ENTERPRISE,,2023-06-19 23:34:04,1356093,49.99,,
1001475,72765,logout,,300,IOS,user72764@example.com,US,,dark,,718529,PRO,,,2434501,49.99,2021-10-11 23:14:21,PAID
1001476,733651,login,2024-09-05 08:40:12,10,ANDROID,user733650@example.com,UK,2022-12-19 20:33:02,light,fr,1472680,BASIC,Past Due,2021-11-12 22:15:23,256807,nan,2022-02-07 08:12:34,PENDING
1001478,414496,error,,300,,user414495@example.com,CA,,dark,es,1438560,ENTERPRISE,Canceled,,441395,19.99,2025-12-16 05:21:17,FAILED
1001481,150763,logout,2023-02-13 04:39:23,10,WINDOWS,user150762@example.com,UK,,light,en,1110528,PRO,Active,,1041976,19.99,,FAILED
1001482,612982,login,,10,IOS,user612981@example.com,IN,2025-08-04 00:14:09,dark,es,290038,PRO,Canceled,2024-10-09 15:44:26,455253,49.99,,PAID
1001483,668925,error,,300,IOS,user668924@example.com,IN,2021-11-06 22:37:07,light,fr,940440,PRO,Canceled,,7736,49.99,,PAID
1001484,208272,logout,2025-11-07 11:15:50,300,WINDOWS,user208271@example.com,IN,2020-10-07 23:23:44,dark,fr,791038,PRO,Canceled,,1819328,49.99,2024-12-19 13:50:57,PENDING
1001485,784142,logout,2024-11-29 11:27:09,300,IOS,user784141@example.com,IN,,light,fr,714760,BASIC,Active,2023-06-09 05:44:43,465688,199.99,,FAILED
1001493,950147,login,2024-01-18 21:17:40,10,ANDROID,user950146@example.com,US,,light,fr,1092890,ENTERPRISE,Active,,2364631,49.99,2021-12-10 18:35:13,PAID
1001494,423855,error,2023-01-08 20:25:56,10,,USER423854@@example..com,US,2021-03-23 16:42:34,dark,es,530154,ENTERPRISE,Past Due,2022-08-31 02:55:35,1484000,49.99,2025-09-11 23:32:12,PAID
1001495,10799,view_item,,120,ANDROID,user10798@example.com,UK,2021-10-16 17:40:58,dark,es,1007977,BASIC,,,961691,nan,2021-08-28 19:33:37,PAID
1001496,774470,login,2025-07-28 03:05:39,300,MAC,user774469@example.com,UNKNOWN,,light,en,1206162,PRO,Active,2022-05-08 04:28:49,1026866,19.99,2021-12-28 09:51:19,PAID
1001498,589587,purchase,2023-10-25 22:21:23,120,IOS,user589586@example.com,IN,,light,en,1278891,ENTERPRISE,,,2404600,199.99,2024-07-06 14:25:12,PAID
1001508,366325,login,2025-04-09 15:53:57,10,IOS,user366324@example.com,UK,2020-01-12 05:50:17,light,en,865112,PRO,Active,2022-09-27 08:20:18,1827549,19.99,2021-09-12 12:55:46,FAILED
1001511,70717,login,2024-10-20 07:44:52,300,ANDROID,user70716@example.com,CANADA,,dark,en,199189,PRO,Past Due,,360536,nan,,PAID
1001515,570659,login,,10,,user570658@example.com,CA,,dark,fr,1223505,BASIC,Active,,488523,199.99,,PAID
1001534,567054,logout,2023-05-24 04:31:42,120,,user567053@example.com,IN,,light,en,998484,PRO,Active,,34770,49.99,,FAILED
1001543,3236,purchase,2024-04-27 11:20:23,300,IOS,user3235@example.com,US,2025-05-24 18:35:51,dark,,540973,BASIC,Active,,988050,49.99,,PAID
1001545,672694,login,2025-04-12 13:54:52,300,MAC,user672693@example.com,US,,dark,,528525,ENTERPRISE,Active,,1042601,nan,,
1001550,335200,login,,300,ANDROID,user335199@example.com,UNKNOWN,2025-10-15 02:33:45,light,fr,1309600,PRO,Canceled,2023-08-11 15:20:29,1442899,nan,2024-06-26 15:52:28,FAILED
1001552,517165,error,2025-08-26 19:59:51,300,IOS,user517164@example.com,UK,2023-01-27 10:10:15,light,fr,953829,BASIC,Canceled,2023-11-08 11:30:29,1638739,199.99,2022-03-23 13:13:31,PENDING
1001553,82936,logout,2025-06-18 05:51:34,120,WINDOWS,user82935@example.com,IN,2025-08-29 21:34:22,dark,fr,811020,ENTERPRISE,Past Due,,934730,199.99,2025-04-11 19:55:58,PAID
1001560,398077,error,,300,,user398076@example.com,UNKNOWN,2021-07-09 13:08:26,dark,fr,455569,BASIC,Active,2021-07-26 16:08:43,2297205,19.99,2021-08-04 11:38:32,PAID
1001564,790722,error,2025-11-16 22:55:46,10,MAC,user790721@example.com,UK,,dark,es,449802,PRO,Active,,1018530,nan,,
1001571,660550,purchase,2024-08-31 16:28:49,10,ANDROID,user660549@example.com,US,,light,fr,1171663,BASIC,Canceled,,1610310,nan,2025-01-19 18:03:54,FAILED
1001574,571079,error,,10,IOS,user571078@example.com,CANADA,,dark,fr,1029767,BASIC,,2025-10-02 19:23:47,265388,19.99,,PAID
1001576,965256,view_item,2024-11-08 20:36:09,300,IOS,user965255@example.com,US,2025-03-10 10:51:25,light,en,1343129,BASIC,,,669228,19.99,,PAID
1001584,877897,login,,300,IOS,user877896@example.com,IN,2021-05-15 01:18:19,dark,fr,1137448,BASIC,Active,,776978,49.99,2023-04-22 13:18:35,PAID
1001589,102742,logout,2023-03-03 08:01:00,300,IOS,user102741@example.com,UNKNOWN,2022-06-03 06:11:28,dark,es,1056665,BASIC,Active,,2280682,nan,,FAILED
1001592,883273,login,,10,IOS,user883272@example.com,US,2021-08-22 02:35:01,dark,es,934169,PRO,Canceled,,1656029,49.99,2024-09-22 23:03:27,PENDING
1001594,709982,logout,2025-12-22 16:16:46,10,ANDROID,user709981@example.com,IN,2024-08-09 10:59:00,light,es,372579,ENTERPRISE,Past Due,,18941,19.99,,FAILED
1001596,777865,logout,2023-01-16 19:36:03,120,ANDROID,user777864@example.com,CANADA,,light,en,1132768,BASIC,Canceled,,1930517,19.99,2021-04-01 07:46:47,PENDING
1001601,80964,logout,,10,MAC,user80963@example.com,US,2020-08-01 01:37:34,light,en,1135336,ENTERPRISE,Canceled,2023-11-15 16:17:15,2353251,19.99,,
1001602,109443,logout,2025-07-09 09:25:12,10,ANDROID,user109442@example.com,US,2022-05-12 21:12:52,dark,,309328,ENTERPRISE,Active,,2282716,19.99,,PAID
1001607,960632,viewitem,,10,IOS,user960631@example.com,UK,,dark,fr,854811,ENTERPRISE,Canceled,,790112,19.99,2025-08-13 02:22:22,FAILED
1001610,80471,viewitem,2024-01-16 18:28:16,300,MAC,user80470@example.com,IN,,light,es,1483779,ENTERPRISE,Past Due,2022-08-31 14:28:36,267901,19.99,2022-03-14 09:28:24,PENDING
1001614,320641,purchase,2024-02-23 04:03:47,10,ANDROID,user320640@example.com,UK,2020-08-08 08:42:19,light,en,1414961,ENTERPRISE,Active,2023-05-26 11:59:23,1779895,19.99,2024-06-07 16:11:42,FAILED
1001616,692399,logout,2023-12-14 12:06:55,10,MAC,user692398@example.com,US,,dark,fr,567814,BASIC,Canceled,2022-07-05 07:27:05,1149214,19.99,,PAID
1001617,100093,logout,2023-02-05 14:38:21,10,,user100092@example.com,US,2023-07-22 13:49:58,dark,fr,995242,ENTERPRISE,Past Due,2022-05-25 12:21:56,2397234,199.99,,FAILED
1001621,773346,view_item,2023-04-01 05:30:23,10,ANDROID,user773345@example.com,IN,2021-03-18 10:55:31,light,es,445542,PRO,Canceled,2024-11-26 13:08:40,693265,nan,,PAID
1001622,494582,viewitem,,10,ANDROID,user494581@example.com,IN,2020-05-24 21:29:46,light,es,792750,PRO,Active,,2349277,49.99,2025-01-13 05:39:26,FAILED
1001623,934348,view_item,2025-10-01 08:29:46,10,MAC,user934347@example.com,CA,,light,fr,59258,BASIC,Active,2023-05-10 21:32:14,711018,19.99,,PAID
1001627,852274,login,2024-12-06 07:19:03,10,WINDOWS,user852273@example.com,CA,,dark,fr,1189954,PRO,Active,2022-07-08 03:03:27,1288686,199.99,,PENDING
1001634,555142,purchase,2023-12-21 21:02:50,300,,user555141@example.com,UK,,dark,fr,1004234,PRO,Past Due,2024-04-14 04:40:25,383393,199.99,,
1001636,498349,view_item,2023-01-21 18:29:36,10,ANDROID,user498348@example.com,UNKNOWN,,dark,,192512,BASIC,Active,,1963436,19.99,2025-11-12 16:38:28,FAILED
1001643,23125,login,2024-04-08 01:09:28,120,IOS,user23124@example.com,IN,2020-05-15 00:00:21,light,es,1497560,BASIC,Canceled,2024-05-07 23:15:46,1530560,199.99,2025-10-18 08:29:34,PENDING
1001647,837678,login,2025-01-24 08:09:28,120,IOS,user837677@example.com,CA,2020-11-06 20:16:13,dark,en,1414942,PRO,Canceled,2024-09-02 18:55:24,2462211,19.99,2023-01-11 17:52:12,PENDING
1001649,638788,viewitem,,300,ANDROID,user638787@example.com,IN,,dark,es,1178966,ENTERPRISE,Canceled,,1607122,19.99,2025-11-22 00:48:52,FAILED
1001655,849845,viewitem,2025-11-15 03:09:35,10,ANDROID,user849844@example.com,UK,,dark,es,1373339,BASIC,,2022-12-03 05:27:22,1827359,49.99,2021-06-13 17:09:52,
1001656,366444,purchase,2023-09-26 06:22:17,10,ANDROID,user366443@example.com,CANADA,2020-10-21 20:15:48,dark,,1368644,ENTERPRISE,,2021-12-31 03:01:41,2039231,49.99,,PAID
1001657,819702,purchase,2024-10-15 15:39:54,120,WINDOWS,user819701@example.com,US,2021-09-15 02:44:31,light,es,866456,BASIC,Active,2023-05-10 12:24:02,1767560,49.99,,PAID
1001672,642424,login,,300,IOS,user642423@example.com,CANADA,,dark,en,1002429,PRO,Past Due,,969925,19.99,,
1001674,501829,purchase,2025-04-06 06:51:35,120,WINDOWS,user501828@example.com,IN,,dark,,739655,BASIC,Active,2024-08-22 09:50:46,1647926,19.99,,FAILED
1001679,77666,login,2025-06-07 03:37:07,10,,user77665@example.com,IN,,dark,es,1406533,BASIC,Active,,1049334,199.99,2022-04-23 13:22:08,FAILED
1001681,667950,viewitem,,300,,user667949@example.com,CA,,light,es,968773,ENTERPRISE,Canceled,2021-02-05 23:38:56,2004843,19.99,,FAILED
1001682,407922,viewitem,2024-02-28 08:27:12,10,IOS,user407921@example.com,IN,2025-11-08 08:07:02,light,es,1281224,ENTERPRISE,Canceled,2023-04-11 07:20:08,1731916,19.99,2022-07-11 01:39:44,
1001683,869643,login,2024-08-29 11:31:47,10,ANDROID,user869642@example.com,IN,,light,es,154618,BASIC,Past Due,2023-08-17 10:46:56,998723,19.99,2025-04-18 23:47:01,PAID
1001686,960458,error,2024-09-28 10:28:11,120,IOS,user960457@example.com,IN,,dark,,1242977,ENTERPRISE,,,2011459,19.99,2022-04-25 02:29:02,PAID
1001690,60544,login,2024-08-01 07:20:57,300,IOS,user60543@example.com,US,2023-01-18 09:37:48,light,fr,302685,PRO,Canceled,,1620193,49.99,,
1001692,44210,login,,120,,user44209@example.com,US,2025-10-06 09:56:56,light,en,231638,BASIC,Active,2025-04-23 00:05:42,1840735,19.99,2025-10-24 21:38:46,PAID
1001693,923231,login,2025-02-17 10:15:14,120,ANDROID,user923230@example.com,US,,dark,en,154837,ENTERPRISE,Active,2022-04-27 15:49:42,1201756,19.99,,FAILED
1001694,569963,view_item,2024-09-10 23:44:30,10,MAC,user569962@example.com,US,2023-12-16 15:03:19,dark,fr,527683,PRO,,2022-10-11 15:21:22,2149578,199.99,2023-04-19 18:56:03,PAID
1001701,987449,purchase,2025-10-20 08:48:20,300,IOS,user987448@example.com,UK,,light,en,1433698,PRO,Past Due,,1547942,49.99,2022-06-06 16:13:01,
1001703,222258,logout,2025-09-25 18:18:13,300,MAC,user222257@example.com,IN,,dark,es,582457,BASIC,Active,2023-08-02 20:22:02,2455105,199.99,2022-01-25 15:28:10,FAILED
1001705,897935,view_item,,300,IOS,user897934@example.com,UK,,dark,en,172910,ENTERPRISE,,2025-03-28 13:34:43,1128588,19.99,2025-01-03 18:12:47,PAID
1001706,367888,logout,2025-06-20 23:43:55,120,ANDROID,USER367887@@example..com,UNKNOWN,2021-01-30 13:24:44,light,en,1255788,BASIC,Canceled,2023-01-29 11:37:21,309322,49.99,2022-04-26 15:05:40,FAILED
1001709,903253,login,2024-08-26 22:26:51,300,ANDROID,user903252@example.com,US,2020-05-12 22:27:51,dark,en,1196430,BASIC,Active,2022-11-13 05:22:25,584861,49.99,,FAILED
1001711,949190,error,2023-11-07 19:02:33,300,,user949189@example.com,IN,2022-09-23 17:41:27,light,fr,64136,BASIC,Active,,2350294,19.99,,PAID
1001712,754575,login,,300,IOS,user754574@example.com,UNKNOWN,2023-07-05 04:10:40,dark,,1173911,ENTERPRISE,,2022-05-30 19:18:20,2183792,19.99,2025-09-16 09:44:05,PAID
1001713,734457,view_item,,120,ANDROID,user734456@example.com,IN,,dark,fr,167013,BASIC,,2022-10-18 00:13:51,2387894,nan,2023-05-11 20:45:15,PAID
1001717,103996,viewitem,2025-12-03 00:39:51,300,WINDOWS,user103995@example.com,US,2020-04-27 15:40:12,dark,es,1104921,BASIC,,2022-08-20 00:21:30,2423885,199.99,,FAILED
1001723,469479,purchase,,10,IOS,user469478@example.com,CANADA,2020-01-19 13:48:14,light,en,143418,PRO,,,1491624,199.99,2023-01-09 11:35:24,FAILED
1001724,822785,login,2023-07-04 17:51:17,120,WINDOWS,user822784@example.com,US,,dark,fr,503891,BASIC,Past Due,2022-12-04 13:52:11,607743,49.99,2022-12-29 15:32:45,PENDING
1001727,416836,error,,300,ANDROID,user416835@example.com,US,,light,en,277134,ENTERPRISE,Canceled,2022-03-21 13:22:41,2466468,nan,,FAILED
1001733,346007,login,2024-08-10 01:56:19,120,IOS,USER346006@@example..com,CANADA,2022-12-13 21:24:19,light,es,1052709,PRO,Canceled,2024-09-28 13:33:36,2038719,19.99,,
1001736,675396,logout,2025-03-19 15:53:23,300,IOS,user675395@example.com,CANADA,2021-01-24 15:42:12,light,es,599042,PRO,Canceled,,782345,199.99,,
1001741,425504,purchase,2023-09-16 19:31:19,120,MAC,user425503@example.com,CA,,dark,fr,332960,ENTERPRISE,Active,2023-11-20 13:49:50,658305,49.99,2021-06-01 20:39:45,PAID
1001744,249317,view_item,2023-03-28 09:50:07,10,MAC,user249316@example.com,IN,,dark,en,1475352,PRO,Active,,2127646,49.99,2025-12-20 14:15:56,PAID
1001748,154035,view_item,2025-08-10 13:41:29,10,MAC,user154034@example.com,CANADA,2024-11-03 15:43:39,dark,es,1022770,BASIC,Active,2024-09-28 07:12:39,1913213,19.99,2024-06-15 09:25:51,PAID
1001749,380367,login,2023-01-16 03:36:41,10,IOS,user380366@example.com,US,,dark,en,115322,BASIC,,2021-07-27 13:31:59,2255572,nan,,
1001761,53006,view_item,2025-03-02 16:27:44,10,IOS,user53005@example.com,CA,2023-07-04 18:15:35,dark,en,786739,BASIC,Canceled,2021-10-16 23:50:40,1379105,nan,2024-06-28 04:26:47,
1001767,285660,login,,300,MAC,user285659@example.com,CANADA,2021-12-12 08:09:47,dark,fr,249759,ENTERPRISE,Active,2022-05-01 16:44:06,726616,199.99,,PAID
1001768,867673,error,,300,ANDROID,user867672@example.com,UNKNOWN,2020-01-30 06:15:29,light,en,64961,BASIC,Past Due,2022-05-05 18:15:56,1115361,19.99,2021-12-28 16:43:19,PENDING
1001775,181933,login,,120,,user181932@example.com,UK,,dark,,1242980,PRO,Active,2021-02-21 07:35:51,569274,19.99,2022-07-23 10:32:59,
1001776,809624,viewitem,,10,ANDROID,user809623@example.com,UNKNOWN,2023-08-02 02:32:39,light,fr,754391,ENTERPRISE,,,2380262,19.99,2023-10-20 00:08:52,PAID
1001777,71261,viewitem,,10,MAC,user71260@example.com,IN,2020-08-12 11:23:06,dark,fr,663844,BASIC,Active,2022-10-26 22:54:16,2355360,19.99,2024-01-04 21:29:34,
1001780,227469,view_item,2024-01-13 04:02:23,120,IOS,user227468@example.com,US,,light,es,62388,PRO,,2021-05-21 04:31:42,1557118,19.99,,PENDING
1001784,174513,view_item,,300,WINDOWS,user174512@example.com,US,,dark,fr,383963,ENTERPRISE,Active,,1911744,49.99,2022-01-01 23:43:33,PENDING
1001786,537450,login,2025-06-30 09:30:02,120,IOS,USER537449@@example..com,IN,,dark,es,253154,ENTERPRISE,Active,2023-04-18 15:38:51,270957,19.99,2025-04-19 17:25:27,FAILED
1001788,259710,login,,300,ANDROID,user259709@example.com,UK,,dark,fr,121776,BASIC,Active,,1268033,49.99,2021-08-23 05:03:55,PAID
1001791,175430,purchase,,300,IOS,user175429@example.com,US,2020-05-17 18:51:52,dark,en,114307,PRO,Past Due,2024-03-11 05:13:47,1486514,nan,2024-05-06 01:46:44,FAILED
1001793,231130,purchase,,300,IOS,user231129@example.com,CANADA,2024-10-14 07:29:52,dark,fr,1199669,ENTERPRISE,Active,,1332239,19.99,,PAID
1001794,809783,error,2024-10-21 19:38:25,300,WINDOWS,user809782@example.com,CANADA,2023-05-07 13:06:31,dark,es,313702,PRO,Past Due,2023-08-15 10:23:37,328574,199.99,2022-05-05 18:48:50,
1001797,239303,view_item,2023-03-14 14:06:48,120,ANDROID,user239302@example.com,US,,light,es,103683,PRO,Active,2024-06-30 18:07:14,685268,49.99,,FAILED
1001798,761836,login,,10,WINDOWS,user761835@example.com,UK,,light,es,322367,BASIC,Canceled,2021-01-16 19:04:39,1967881,19.99,2025-07-09 05:51:23,FAILED
1001799,443605,login,2024-09-15 10:10:06,10,,user443604@example.com,UNKNOWN,2025-07-21 23:45:34,light,fr,572156,BASIC,Past Due,2024-05-27 15:59:05,952917,49.99,2024-08-02 02:57:55,
1001807,429964,view_item,2025-10-08 13:33:25,10,WINDOWS,user429963@example.com,IN,,dark,en,1213066,BASIC,Past Due,2022-02-27 05:11:58,762907,19.99,2023-04-23 07:47:00,PAID
1001811,827966,login,2025-06-16 22:32:57,300,IOS,user827965@example.com,IN,,dark,fr,19367,BASIC,Active,,468855,19.99,2024-10-28 11:45:57,
1001815,454255,purchase,,300,,user454254@example.com,UK,2021-07-11 09:15:52,light,es,177528,BASIC,Canceled,,1362491,19.99,,
1001820,171745,purchase,2025-12-05 11:31:39,120,IOS,user171744@example.com,UK,,light,fr,1322619,ENTERPRISE,Past Due,,1442633,19.99,,FAILED
1001821,967015,viewitem,2024-10-10 20:27:29,300,ANDROID,user967014@example.com,UK,,dark,,599136,PRO,,2025-01-17 11:52:10,2418389,49.99,,PAID
1001826,764014,error,2025-05-26 10:58:56,300,ANDROID,user764013@example.com,CANADA,2021-01-08 12:53:15,light,es,756669,BASIC,,2024-04-12 22:36:04,278163,19.99,2022-10-28 14:59:07,
1001827,589392,login,2025-09-17 16:39:31,120,IOS,user589391@example.com,CANADA,2021-03-29 16:41:58,light,en,975057,BASIC,Active,,1784188,19.99,2024-10-31 08:06:17,FAILED
1001828,99828,view_item,,120,IOS,user99827@example.com,US,2022-01-06 08:15:03,dark,,937912,ENTERPRISE,Canceled,,733561,49.99,2025-06-17 21:54:31,
1001830,78726,logout,2025-06-13 06:49:43,10,ANDROID,user78725@example.com,UK,,dark,en,452634,PRO,Active,,1448440,49.99,,FAILED
1001837,853701,view_item,2023-10-25 00:58:20,120,IOS,user853700@example.com,UNKNOWN,,dark,en,532858,PRO,Past Due,2024-09-20 20:33:40,190685,49.99,2022-09-09 15:17:09,PAID
1001841,118907,purchase,2025-10-29 22:52:55,120,IOS,user118906@example.com,CA,2020-07-30 05:10:58,dark,en,232821,BASIC,Canceled,,271528,49.99,2024-11-24 07:08:35,PENDING
1001842,559156,viewitem,,120,IOS,user559155@example.com,IN,,light,es,1346469,PRO,Canceled,,1410645,49.99,,FAILED
1001851,934955,purchase,,10,,user934954@example.com,UNKNOWN,2022-10-23 03:48:36,light,fr,1491170,ENTERPRISE,Active,2023-04-07 04:58:50,1924874,49.99,2024-10-12 16:46:15,
1001853,92681,viewitem,,120,ANDROID,user92680@example.com,CA,2025-04-12 16:20:45,dark,fr,1053135,PRO,Active,,149842,19.99,2025-06-28 02:30:58,PAID
1001860,696843,viewitem,2023-11-26 20:40:05,10,ANDROID,user696842@example.com,IN,2021-12-18 04:36:22,dark,,861735,PRO,Active,2024-05-03 01:34:31,1399899,199.99,2023-05-26 18:31:01,FAILED
1001863,779906,login,2025-05-30 00:33:51,10,IOS,user779905@example.com,IN,2022-05-22 13:49:40,light,en,1105843,ENTERPRISE,,,1449970,49.99,,PAID
1001864,233608,login,2023-06-28 12:42:16,300,WINDOWS,user233607@example.com,CA,2025-06-11 20:58:41,light,fr,1365695,PRO,Active,2023-05-01 04:04:28,925859,19.99,2025-04-23 18:54:45,PAID
1001865,582088,logout,,300,,user582087@example.com,US,2025-03-25 04:12:20,dark,en,210338,ENTERPRISE,,2022-02-05 21:50:31,184316,nan,2025-06-25 14:05:42,
1001866,209802,viewitem,2024-05-18 16:16:53,10,ANDROID,user209801@example.com,CANADA,2024-07-11 12:05:25,light,es,28390,BASIC,Active,,1736550,199.99,,PAID
1001868,314634,viewitem,,120,,user314633@example.com,IN,,light,fr,1294463,ENTERPRISE,Canceled,,1073873,49.99,2023-03-08 16:29:22,PAID
1001870,106494,error,,10,,user106493@example.com,CA,,dark,fr,502529,PRO,,,77701,19.99,,FAILED
1001872,598666,error,2025-03-31 00:13:58,120,IOS,user598665@example.com,IN,,light,fr,297186,BASIC,Active,2024-08-09 02:41:01,1770913,199.99,,PENDING
1001876,301534,login,2025-05-17 05:04:58,300,IOS,user301533@example.com,IN,2023-09-11 00:40:47,dark,fr,824901,BASIC,,,276254,nan,2022-12-02 02:25:42,FAILED
1001877,639821,view_item,,10,IOS,user639820@example.com,UK,,dark,es,649665,ENTERPRISE,Active,,719279,19.99,,PAID
1001886,193720,logout,2025-05-28 05:06:46,10,ANDROID,user193719@example.com,CA,,light,en,241493,PRO,Canceled,2025-08-19 05:43:06,552971,49.99,,
1001899,748870,logout,2023-12-08 16:40:14,10,MAC,user748869@example.com,US,,dark,,161840,ENTERPRISE,Past Due,2021-02-01 23:41:44,1534172,199.99,2022-04-05 23:18:31,PENDING
1001906,396559,viewitem,2024-02-20 14:05:38,120,,user396558@example.com,UNKNOWN,2022-06-15 21:44:15,light,fr,1369896,BASIC,Active,2021-11-10 16:51:33,2382904,49.99,2025-06-15 23:12:46,PAID
1001917,152752,viewitem,,10,ANDROID,user152751@example.com,UK,2022-08-01 20:49:55,dark,es,545829,BASIC,Past Due,2025-05-28 14:43:20,1108134,19.99,2023-10-03 16:50:10,PENDING
1001919,842860,logout,2024-08-16 21:39:44,10,MAC,user842859@example.com,IN,,dark,fr,1440169,ENTERPRISE,Past Due,2024-12-18 20:06:58,1740778,19.99,2022-09-24 19:24:26,PAID
1001924,872763,view_item,,120,IOS,user872762@example.com,UK,,light,es,197601,BASIC,Past Due,,183730,19.99,,PENDING
1001932,689880,viewitem,,300,,user689879@example.com,UNKNOWN,,light,es,1228750,BASIC,,,7755,19.99,2023-10-29 19:54:55,PAID
1001936,496759,login,2025-06-14 10:13:28,10,WINDOWS,user496758@example.com,IN,2021-07-17 13:08:53,light,fr,1033802,BASIC,Active,,2249538,199.99,,FAILED
1001942,150695,view_item,2024-05-08 02:06:41,120,WINDOWS,user150694@example.com,UNKNOWN,,light,fr,623447,ENTERPRISE,Past Due,2021-02-12 21:24:43,2406411,19.99,2024-02-25 01:41:15,
1001946,9231,view_item,2024-07-11 21:00:48,300,,user9230@example.com,CA,,light,en,702107,ENTERPRISE,,2022-04-23 03:40:35,2412814,49.99,,FAILED
1001951,500356,purchase,2025-12-17 19:00:12,120,ANDROID,user500355@example.com,IN,,dark,,1241990,BASIC,,2021-06-04 18:06:19,672187,19.99,,
1001953,258949,login,2024-12-19 04:19:37,10,ANDROID,user258948@example.com,CA,2021-04-16 01:35:19,light,en,879569,PRO,Past Due,2024-02-07 17:46:56,272251,49.99,2021-08-26 02:59:47,PAID
1001958,406451,view_item,2024-10-20 00:47:50,10,MAC,user406450@example.com,UK,2021-08-10 20:58:19,dark,es,383670,BASIC,Active,,358377,49.99,2023-09-14 09:44:02,PAID
1001959,990575,login,,300,IOS,user990574@example.com,IN,2025-01-24 15:26:19,dark,,1178742,ENTERPRISE,Past Due,2021-12-15 21:40:23,1842996,nan,2021-12-30 15:12:33,PENDING
1001960,51927,purchase,,10,,user51926@example.com,US,2022-09-14 21:17:36,light,en,279310,PRO,Active,,1092595,49.99,2025-09-12 05:42:24,FAILED
1001962,113401,login,,10,IOS,user113400@example.com,CA,2025-05-04 16:40:56,light,fr,996923,PRO,,2023-02-11 13:16:42,473343,19.99,2024-10-21 21:34:03,FAILED
1001963,173300,purchase,,300,IOS,user173299@example.com,UK,2021-03-08 17:17:44,dark,,692551,ENTERPRISE,,,2394752,49.99,2024-02-03 01:51:42,PAID
1001965,755797,login,2024-05-06 05:37:09,10,IOS,USER755796@@example..com,UNKNOWN,2020-03-13 13:04:44,dark,es,1424804,BASIC,Active,2022-04-08 03:13:53,760783,19.99,,FAILED
1001966,582840,error,,10,,user582839@example.com,US,2023-07-19 15:44:05,dark,fr,1428066,ENTERPRISE,Active,2025-11-19 23:49:33,1965825,nan,2023-01-09 07:00:47,PENDING
1001970,401437,purchase,2024-10-31 05:28:37,120,IOS,user401436@example.com,CANADA,,light,fr,868450,BASIC,Canceled,,595792,49.99,,FAILED
1001974,303128,viewitem,,120,IOS,user303127@example.com,UK,2024-11-18 19:21:56,light,es,1004879,BASIC,Active,,1495961,49.99,,FAILED
1001975,963272,purchase,,120,,user963271@example.com,UNKNOWN,,light,fr,1014328,ENTERPRISE,,2024-11-26 12:34:10,510090,19.99,2022-11-10 14:48:23,FAILED
1001976,437464,logout,2025-10-10 13:11:40,10,,user437463@example.com,US,,light,en,29042,BASIC,,,1224744,19.99,,
1001978,978042,error,2025-06-12 10:07:17,120,IOS,user978041@example.com,IN,,dark,es,874701,BASIC,Canceled,,817846,19.99,2021-10-16 03:38:45,PENDING
1001983,452060,viewitem,,120,,user452059@example.com,US,2021-06-10 05:02:24,light,fr,856854,ENTERPRISE,Past Due,,447812,19.99,2022-08-04 23:56:33,
1001984,649926,logout,,10,,user649925@example.com,UK,2023-12-01 22:51:58,light,es,239219,BASIC,Active,2023-03-31 00:51:37,2294941,nan,2021-10-07 10:23:36,PAID
1001986,962687,purchase,2023-01-08 19:58:49,300,ANDROID,user962686@example.com,US,2022-01-12 07:01:16,dark,fr,899901,PRO,Active,2022-02-01 03:01:16,2429313,19.99,2024-07-03 06:16:22,PAID
1001992,424868,purchase,,300,MAC,user424867@example.com,UNKNOWN,2024-12-09 15:58:02,light,es,625011,BASIC,Active,,879520,nan,2023-12-21 12:19:46,PENDING
1001995,499205,view_item,,300,WINDOWS,user499204@example.com,UK,,dark,fr,203967,ENTERPRISE,Active,,493333,199.99,,FAILED
1001996,306947,login,,300,WINDOWS,user306946@example.com,CA,2022-11-29 23:01:30,light,es,1482655,PRO,,,1851134,19.99,,PENDING
1001998,737744,login,,10,MAC,user737743@example.com,CANADA,2025-10-08 15:38:46,light,fr,1349854,BASIC,Active,2021-07-16 21:42:13,1115357,nan,2022-10-26 18:38:14,
1002016,904066,purchase,2023-03-13 02:19:08,10,,user904065@example.com,UK,,dark,en,419185,PRO,Active,,2292888,49.99,,
1002019,742890,login,2023-06-05 13:47:37,300,ANDROID,user742889@example.com,US,2025-12-19 05:20:02,light,en,274430,BASIC,Active,2022-03-21 18:13:35,207673,19.99,2025-11-21 07:39:34,PAID
1002021,939640,purchase,2024-05-18 09:46:16,10,,user939639@example.com,IN,,dark,,732548,BASIC,Active,,2055546,199.99,2024-09-28 14:40:49,FAILED
1002022,830814,logout,2023-06-05 14:27:42,10,WINDOWS,user830813@example.com,US,2025-11-04 14:02:12,dark,es,444656,ENTERPRISE,Past Due,2025-11-27 19:07:23,2425662,49.99,2022-09-25 21:52:26,FAILED
1002031,166433,purchase,,10,WINDOWS,user166432@example.com,US,2020-07-06 19:17:36,dark,en,1092418,PRO,Active,2023-11-30 06:26:10,1130726,nan,2021-05-30 04:50:05,PAID
1002039,923507,logout,2024-09-10 23:45:49,120,WINDOWS,user923506@example.com,CA,,dark,,1440943,ENTERPRISE,Past Due,2023-01-20 10:21:10,2316777,nan,,PAID
1002040,55754,view_item,2024-06-12 15:47:21,300,IOS,user55753@example.com,UNKNOWN,2024-10-12 14:31:21,light,en,68491,PRO,,2024-07-20 10:59:28,413355,19.99,,FAILED
1002041,994581,logout,,300,ANDROID,user994580@example.com,US,2025-06-19 16:02:16,dark,es,120360,PRO,,,2457824,199.99,2023-12-15 22:06:46,PAID
1002042,182321,logout,,300,IOS,user182320@example.com,IN,,light,es,32605,PRO,Active,2023-12-29 01:36:29,1399396,19.99,,FAILED
1002046,980023,purchase,,300,MAC,user980022@example.com,UNKNOWN,,dark,,1296091,ENTERPRISE,Active,2022-06-23 13:50:23,2013446,199.99,,PENDING
1002050,928086,login,,10,IOS,user928085@example.com,US,2024-03-13 14:27:18,dark,fr,817270,PRO,Active,2023-08-22 16:28:14,708012,nan,2022-09-12 14:32:10,FAILED
1002056,766115,view_item,2023-05-25 20:41:02,300,MAC,user766114@example.com,CA,,light,es,1252953,PRO,,2023-03-10 22:15:17,162589,199.99,2022-08-26 08:17:54,PAID
1002057,674143,logout,2023-04-28 09:35:04,120,WINDOWS,user674142@example.com,CANADA,,light,fr,20743,BASIC,Past Due,2021-01-14 11:33:19,1668629,199.99,,PAID
1002060,284483,purchase,2023-07-20 01:38:09,300,MAC,user284482@example.com,IN,,light,es,433972,ENTERPRISE,,2021-01-22 22:58:28,480289,49.99,,FAILED
1002063,769148,login,2024-05-07 11:49:18,10,IOS,USER769147@@example..com,CA,,dark,,1013088,BASIC,Active,2022-06-06 13:22:48,20330,19.99,,FAILED
1002066,446428,logout,2023-03-31 08:02:26,10,ANDROID,USER446427@@example..com,US,,dark,fr,1484781,BASIC,,,10178,199.99,2021-08-30 09:16:45,PAID
1002070,708014,login,,120,,user708013@example.com,CA,2022-01-17 02:31:14,dark,en,728961,ENTERPRISE,Active,,1021009,199.99,2025-02-01 00:05:51,FAILED
1002071,778294,login,2025-11-04 06:58:35,120,IOS,user778293@example.com,IN,,dark,,641156,PRO,Active,2023-03-05 22:20:36,37516,19.99,2023-04-29 00:04:54,PAID
1002074,522116,logout,,300,WINDOWS,user522115@example.com,CA,2024-09-02 06:29:59,dark,fr,478819,PRO,Past Due,2023-10-27 05:17:38,1067286,19.99,,FAILED
1002079,76327,purchase,,10,MAC,user76326@example.com,UNKNOWN,2023-04-21 22:15:32,light,es,229839,PRO,Active,,1104990,19.99,2024-06-11 07:37:06,PAID
1002084,861573,login,,10,ANDROID,user861572@example.com,IN,2025-01-10 10:29:14,light,es,421506,ENTERPRISE,Active,2024-06-23 05:20:42,718165,49.99,2024-02-10 12:06:18,
1002092,27342,viewitem,2025-06-19 16:14:51,10,IOS,user27341@example.com,CA,,dark,en,373953,PRO,Past Due,2023-01-28 04:18:55,929347,49.99,,PENDING
1002101,582226,purchase,2024-07-02 00:40:06,10,MAC,user582225@example.com,CANADA,2024-11-12 06:12:54,dark,es,1382325,PRO,Past Due,2021-06-01 13:49:22,318306,199.99,2022-02-16 21:13:02,
1002103,850312,purchase,,300,MAC,user850311@example.com,US,2025-04-19 07:28:50,light,es,976130,ENTERPRISE,Past Due,2022-08-09 20:43:36,1920463,nan,,PAID
1002104,469407,purchase,2023-05-01 07:45:02,300,WINDOWS,USER469406@@example..com,UK,,dark,en,1176471,BASIC,Active,2025-02-15 07:48:28,809204,49.99,,FAILED
1002107,296622,viewitem,2025-05-23 20:56:07,120,IOS,user296621@example.com,IN,2025-10-05 18:03:12,light,fr,398378,ENTERPRISE,Canceled,,1817188,19.99,,PENDING
1002112,714227,error,,10,IOS,user714226@example.com,CANADA,2020-01-06 14:11:47,light,fr,909536,BASIC,Past Due,,2390008,nan,2024-01-09 00:56:09,PAID
1002115,875664,viewitem,2023-04-22 07:59:48,300,WINDOWS,user875663@example.com,UK,,dark,en,280917,PRO,Active,,2291553,49.99,,PAID
1002121,492847,viewitem,,120,MAC,user492846@example.com,US,2021-08-10 15:24:48,dark,es,23432,PRO,,2021-11-06 14:50:58,1917563,19.99,,FAILED
1002122,458411,logout,2023-02-28 20:54:52,300,,user458410@example.com,UK,,light,fr,1123509,BASIC,,,2155700,49.99,2024-07-29 11:18:02,FAILED
1002127,525877,logout,2025-06-16 21:48:25,120,MAC,user525876@example.com,CA,,dark,en,264494,PRO,Past Due,2023-01-27 19:13:28,667960,19.99,2023-05-06 22:08:31,FAILED
1002128,794190,error,2025-08-11 01:51:37,300,WINDOWS,user794189@example.com,UK,,dark,es,1341243,PRO,Active,2021-10-08 11:49:46,478995,nan,2024-05-16 22:05:15,PENDING
1002129,89228,logout,2025-03-04 19:22:40,120,WINDOWS,user89227@example.com,IN,2021-05-19 03:00:15,dark,fr,658560,PRO,Active,2024-08-21 05:52:24,2373729,49.99,2021-02-15 10:01:15,PENDING
1002133,407106,viewitem,,120,ANDROID,user407105@example.com,UK,2020-03-07 02:42:54,light,fr,1335325,PRO,Active,,2448487,19.99,2024-03-27 07:56:01,
1002134,665732,error,,120,WINDOWS,user665731@example.com,UK,2020-09-29 11:29:10,dark,fr,843370,ENTERPRISE,Canceled,,2466197,19.99,,PENDING
1002138,226466,viewitem,,300,ANDROID,user226465@example.com,UNKNOWN,,light,es,555502,BASIC,Active,,1854634,49.99,,
1002139,284945,error,2025-06-18 19:49:53,10,ANDROID,user284944@example.com,US,2022-04-11 16:26:46,dark,es,715915,PRO,Past Due,2023-05-29 20:45:03,962524,19.99,2025-06-05 08:27:29,FAILED
1002141,460815,viewitem,2023-11-06 10:13:08,120,ANDROID,user460814@example.com,CANADA,,dark,es,142929,PRO,,,1830499,19.99,,PAID
1002146,304790,purchase,,10,ANDROID,user304789@example.com,US,,dark,en,887299,BASIC,Active,2021-10-31 00:39:20,1535453,19.99,2021-07-28 19:07:49,PENDING
1002148,617539,purchase,,300,IOS,user617538@example.com,IN,,dark,,892259,BASIC,Canceled,,1096068,49.99,2022-06-20 11:16:07,FAILED
1002156,160911,view_item,2023-01-14 17:52:35,120,ANDROID,user160910@example.com,US,2022-05-09 09:30:06,dark,,1021979,ENTERPRISE,,2025-03-11 12:36:22,1883765,19.99,2022-06-11 06:01:11,
1002169,885873,purchase,2024-11-03 17:19:09,120,WINDOWS,user885872@example.com,CA,,light,es,24068,BASIC,Active,2022-03-20 17:15:11,414905,49.99,,FAILED
1002170,315163,view_item,,120,,user315162@example.com,UK,2023-10-23 22:06:15,dark,es,214551,PRO,,2025-06-16 13:18:55,937639,199.99,2023-08-01 20:43:20,PENDING
1002174,454540,view_item,,300,,user454539@example.com,IN,,dark,en,650866,PRO,Canceled,2022-03-05 18:37:42,774129,nan,,FAILED
1002176,694847,logout,2023-06-26 16:41:44,120,IOS,user694846@example.com,IN,,light,fr,1182686,PRO,Past Due,2024-04-07 05:13:52,1521990,nan,2025-04-10 21:01:00,FAILED
1002179,328356,login,2023-12-16 08:29:51,300,,user328355@example.com,UK,2024-05-04 12:15:02,dark,,946161,BASIC,Canceled,2025-10-17 02:49:21,1022775,199.99,2022-05-01 12:43:12,
1002189,329095,viewitem,2024-10-02 05:34:20,10,,user329094@example.com,IN,2024-08-01 00:25:40,dark,es,894411,BASIC,Canceled,,780564,49.99,,FAILED
1002190,398916,login,2023-03-07 00:32:00,120,ANDROID,user398915@example.com,UK,2023-10-20 10:39:29,light,en,1122983,ENTERPRISE,Active,,1766522,nan,,FAILED
1002191,193933,purchase,2023-11-02 00:26:18,10,WINDOWS,user193932@example.com,US,2021-05-16 21:24:22,light,fr,903762,BASIC,Canceled,2024-11-12 16:44:55,90185,nan,,PENDING
1002194,597982,purchase,,10,ANDROID,user597981@example.com,US,,dark,es,1230846,ENTERPRISE,Active,,1796543,199.99,2024-07-27 04:21:50,FAILED
1002197,66727,login,2023-09-15 06:56:55,120,ANDROID,user66726@example.com,IN,2021-08-07 04:37:57,light,fr,1008616,PRO,Canceled,,1126790,nan,,PENDING
1002220,972986,view_item,2025-12-26 06:45:52,120,,user972985@example.com,US,,dark,es,843524,BASIC,,,1970180,49.99,2025-06-21 07:19:48,PAID
1002229,591157,error,,300,MAC,user591156@example.com,US,,light,en,856565,ENTERPRISE,,2025-01-21 04:06:04,506205,nan,2022-03-29 20:58:15,PAID
1002232,550606,view_item,,10,IOS,user550605@example.com,IN,2024-10-03 13:39:50,dark,es,1476775,ENTERPRISE,Active,,801804,49.99,2022-11-24 07:15:44,PAID
1002233,427902,viewitem,,120,MAC,user427901@example.com,US,2020-03-29 16:45:27,dark,en,943170,BASIC,Active,,1799241,49.99,2022-03-30 13:17:02,FAILED
1002238,529588,login,,120,WINDOWS,user529587@example.com,UNKNOWN,,light,fr,570617,PRO,Canceled,,2045583,199.99,,FAILED
1002241,328414,view_item,2023-08-16 10:39:02,10,,user328413@example.com,UK,,light,es,41332,ENTERPRISE,,,448316,49.99,,PENDING
1002242,917209,view_item,2025-10-14 06:13:56,10,ANDROID,user917208@example.com,IN,2025-09-07 15:12:47,dark,fr,118431,BASIC,Past Due,2024-08-22 10:45:56,689695,19.99,,PAID
1002243,629747,logout,,120,IOS,user629746@example.com,UNKNOWN,,dark,es,430871,ENTERPRISE,Past Due,,496044,nan,,PAID
1002245,702697,logout,2025-11-20 08:59:54,300,MAC,user702696@example.com,CA,,light,fr,965927,BASIC,Past Due,2023-11-07 15:25:40,2179024,49.99,,PAID
1002246,571495,login,2023-11-06 17:51:28,300,IOS,user571494@example.com,US,,dark,fr,1409123,ENTERPRISE,Canceled,2023-02-13 09:35:15,1055228,49.99,2023-11-13 04:50:07,PAID
1002247,784269,purchase,,300,IOS,user784268@example.com,IN,,dark,en,1221061,BASIC,Past Due,2025-08-15 21:22:28,1783873,19.99,,FAILED
1002249,872193,view_item,,300,ANDROID,user872192@example.com,UNKNOWN,,dark,es,575595,ENTERPRISE,Active,2022-08-28 20:12:04,1853824,49.99,2024-03-01 05:13:18,
1002250,347570,purchase,,300,IOS,USER347569@@example..com,US,2022-04-09 01:52:11,light,en,1208113,PRO,,2025-11-27 09:20:50,1139667,49.99,2021-08-10 21:30:08,FAILED
1002251,92151,logout,,120,MAC,user92150@example.com,US,2020-05-08 13:25:24,light,es,433780,PRO,Active,,992675,49.99,2021-06-17 04:49:15,PAID
1002252,599413,login,2025-07-17 19:27:06,10,ANDROID,user599412@example.com,IN,,light,en,747570,ENTERPRISE,Active,,1065028,nan,2022-02-02 16:04:28,PENDING
1002255,809948,viewitem,,300,WINDOWS,user809947@example.com,CANADA,,light,fr,1366177,ENTERPRISE,Canceled,2021-01-11 07:48:31,960571,199.99,,FAILED
1002257,665868,login,,10,ANDROID,user665867@example.com,IN,2022-02-15 19:49:14,dark,en,598128,BASIC,Canceled,2024-05-15 17:43:28,779367,nan,,PENDING
1002259,378591,login,2024-03-20 09:07:38,120,IOS,user378590@example.com,UK,,light,fr,507919,BASIC,Canceled,,754537,199.99,2021-03-07 10:58:39,PENDING
1002268,842200,login,,120,WINDOWS,user842199@example.com,UNKNOWN,,dark,fr,106868,BASIC,Past Due,2025-06-08 19:34:55,510705,19.99,2025-10-16 18:40:07,PENDING
1002269,391443,viewitem,,10,WINDOWS,user391442@example.com,UK,2022-08-15 05:13:59,light,en,980311,PRO,Canceled,,966123,49.99,,FAILED
1002271,885493,purchase,2023-07-30 17:35:38,120,IOS,user885492@example.com,CA,,dark,en,656070,PRO,Past Due,,958719,49.99,2022-01-23 12:27:52,PAID
1002272,819791,error,2024-01-20 19:42:30,300,MAC,user819790@example.com,UK,,dark,es,364687,BASIC,,2025-04-04 21:00:24,1115589,49.99,,FAILED
1002291,761335,view_item,2023-11-20 17:14:14,10,IOS,user761334@example.com,IN,,light,en,697387,ENTERPRISE,Active,2021-10-30 03:56:44,1154680,19.99,,PENDING
1002292,96687,error,,300,IOS,user96686@example.com,US,2025-09-14 21:16:49,dark,fr,1374215,PRO,,,326643,19.99,,FAILED
1002293,110011,login,,10,IOS,user110010@example.com,UK,2021-11-05 05:57:17,dark,es,1101242,ENTERPRISE,Active,2023-10-19 17:51:23,1962998,nan,2021-06-17 03:33:15,PAID
1002303,368771,login,2025-05-30 05:12:03,10,WINDOWS,user368770@example.com,CA,,light,es,518460,ENTERPRISE,,,970102,199.99,2025-10-08 02:23:35,PAID
1002307,940671,login,2023-05-28 13:29:55,120,,user940670@example.com,UK,,light,en,1225777,PRO,Past Due,2024-05-24 14:16:50,1256932,19.99,,
1002313,518130,login,2023-11-29 07:26:43,10,,user518129@example.com,UK,2021-11-11 00:45:48,dark,,287064,PRO,Past Due,2022-03-26 12:31:44,1122567,nan,,PAID
1002317,637209,login,,300,IOS,user637208@example.com,UNKNOWN,2021-02-13 11:41:23,dark,en,903391,ENTERPRISE,Active,2023-10-12 22:00:21,728826,nan,,FAILED
1002319,682615,view_item,,10,IOS,user682614@example.com,US,,dark,es,1037147,BASIC,Canceled,,1629507,49.99,,
1002320,608177,viewitem,2024-12-13 04:27:10,10,MAC,user608176@example.com,IN,,dark,es,1193687,PRO,Active,2024-10-16 23:02:28,1148485,19.99,,PENDING
1002329,682246,viewitem,2024-06-21 15:31:20,120,IOS,USER682245@@example..com,CA,,dark,en,1167678,PRO,Active,,408974,nan,,PAID
1002333,143210,view_item,,120,WINDOWS,user143209@example.com,UNKNOWN,2024-08-26 07:20:52,dark,es,1333525,ENTERPRISE,Active,2021-06-03 09:30:00,785902,49.99,2021-10-22 05:31:48,FAILED
1002334,7382,error,,300,MAC,user7381@example.com,UK,,dark,fr,1341253,PRO,Past Due,2022-05-21 06:51:05,1322350,49.99,,PENDING
1002336,209753,view_item,,10,IOS,USER209752@@example..com,CANADA,,dark,fr,129658,BASIC,Active,2022-11-08 00:03:33,727774,199.99,2021-01-21 07:48:25,
1002337,274687,login,,300,MAC,user274686@example.com,UK,2021-11-28 04:33:18,light,en,756306,PRO,Past Due,,42090,19.99,,PAID
1002346,881990,view_item,2025-11-02 12:22:11,120,,user881989@example.com,CANADA,,light,es,767785,ENTERPRISE,Active,,1961833,49.99,2022-09-20 09:47:35,FAILED
1002353,275702,logout,,300,IOS,user275701@example.com,UNKNOWN,,dark,fr,203499,PRO,Past Due,2025-07-16 16:40:32,679502,nan,,PAID
1002357,219127,purchase,2025-01-24 00:50:54,120,,user219126@example.com,UK,,light,es,1140332,ENTERPRISE,Canceled,2021-09-05 14:58:04,1455861,19.99,2022-12-13 04:52:58,PENDING
1002360,694266,login,2023-01-27 01:53:15,120,WINDOWS,user694265@example.com,UNKNOWN,,light,es,724572,PRO,Past Due,,553315,19.99,,PENDING
1002364,581048,viewitem,,120,MAC,user581047@example.com,US,,light,en,1000616,BASIC,,2024-12-04 04:22:30,1744954,nan,,PAID
1002368,338268,error,2023-09-08 17:47:31,120,ANDROID,user338267@example.com,US,,light,es,1433792,PRO,Past Due,2021-08-03 08:48:26,1670814,49.99,2023-09-30 15:20:00,FAILED
1002373,611677,view_item,,120,ANDROID,user611676@example.com,UK,2025-08-27 02:57:56,dark,en,1012763,ENTERPRISE,Active,,938705,19.99,2024-02-19 03:20:49,FAILED
1002375,509739,view_item,,120,ANDROID,user509738@example.com,UK,,dark,,274408,ENTERPRISE,Canceled,,1800669,199.99,2024-12-15 20:19:51,PAID
1002386,242847,viewitem,2023-06-23 07:47:26,300,IOS,user242846@example.com,CA,2025-04-13 06:19:44,dark,,588549,PRO,,2025-07-09 13:58:52,899504,19.99,2025-11-04 22:54:21,FAILED
1002390,422096,login,2024-06-12 07:36:45,120,WINDOWS,user422095@example.com,IN,2024-09-02 02:02:22,dark,fr,1113499,PRO,,,1395573,nan,2023-11-14 13:45:25,PAID
1002401,446586,login,2024-07-14 15:32:41,10,ANDROID,user446585@example.com,US,2024-01-31 04:34:32,dark,en,793802,BASIC,Past Due,,1378938,19.99,2024-01-23 05:47:20,FAILED
1002403,164640,login,2025-08-25 11:28:25,10,ANDROID,user164639@example.com,IN,2024-03-01 06:32:23,dark,,983033,ENTERPRISE,,2025-04-24 05:33:41,1694374,49.99,2023-01-20 14:53:19,PAID
1002404,51072,logout,2024-02-06 02:17:29,300,WINDOWS,user51071@example.com,US,2022-12-23 19:44:19,light,en,1006621,ENTERPRISE,Past Due,2023-05-14 22:00:12,1340820,199.99,2024-12-02 15:37:50,FAILED
1002406,636580,login,2024-09-09 12:44:22,10,ANDROID,user636579@example.com,CANADA,,dark,,1429628,ENTERPRISE,,2022-09-10 02:44:37,2155240,49.99,,PAID
1002414,707157,view_item,2024-01-27 18:27:30,10,MAC,user707156@example.com,CA,,light,es,1241445,PRO,,2022-10-02 08:40:10,1128319,nan,2021-04-24 07:17:48,
1002418,107037,purchase,,120,,user107036@example.com,UNKNOWN,,light,es,968421,BASIC,Active,2024-10-06 23:51:59,2433127,nan,,FAILED
1002420,942155,error,,120,MAC,user942154@example.com,US,,dark,en,150741,PRO,Active,,76767,199.99,2021-08-14 04:24:41,PENDING
1002424,209815,error,2024-03-01 07:15:27,300,IOS,user209814@example.com,UK,,dark,en,818895,ENTERPRISE,,2024-10-08 01:26:51,810752,19.99,,PAID
1002425,403373,error,2024-03-29 02:53:19,120,IOS,user403372@example.com,IN,2025-07-27 05:09:15,dark,es,1138110,BASIC,Past Due,2022-01-29 13:43:43,2035335,199.99,2023-03-02 01:35:54,PAID
1002432,802153,viewitem,,10,,user802152@example.com,CANADA,,dark,en,120085,PRO,Canceled,2023-10-01 08:24:00,2372792,19.99,,PENDING
1002435,128817,viewitem,2023-01-26 17:37:58,10,IOS,user128816@example.com,CANADA,,light,en,1271759,PRO,Active,2024-02-12 05:35:31,1678257,19.99,2023-06-25 03:25:14,FAILED
1002437,732871,login,,10,ANDROID,user732870@example.com,IN,2020-06-25 09:02:58,light,es,910498,BASIC,,2023-08-28 18:04:14,2419704,49.99,,PAID
1002439,428670,logout,2023-12-11 08:51:12,300,MAC,user428669@example.com,CA,,dark,,1372972,ENTERPRISE,Active,,1149296,19.99,2024-06-30 15:10:34,FAILED
1002442,881381,view_item,2023-06-16 15:19:12,120,ANDROID,user881380@example.com,IN,,light,en,432030,ENTERPRISE,Active,2022-10-19 05:13:46,1640328,49.99,2023-10-19 11:20:00,FAILED
1002443,257741,login,2025-03-29 21:09:47,120,ANDROID,user257740@example.com,UK,2021-04-10 11:30:22,light,fr,204368,BASIC,Canceled,2024-07-15 09:28:04,667150,nan,,FAILED
1002444,451243,login,2023-05-16 21:18:42,300,WINDOWS,user451242@example.com,IN,2023-04-01 19:39:41,dark,en,1202150,BASIC,Active,,1637776,19.99,,
1002447,143233,logout,,300,ANDROID,USER143232@@example..com,IN,2020-07-13 05:28:08,light,en,219104,BASIC,,2022-09-13 05:14:29,1399465,49.99,,FAILED
1002452,220252,view_item,2023-09-07 11:18:50,120,ANDROID,user220251@example.com,UNKNOWN,,dark,fr,1039325,BASIC,,2024-07-19 13:48:39,786031,49.99,2025-11-14 08:57:47,PENDING
1002453,751938,logout,2023-03-08 10:18:41,10,MAC,user751937@example.com,IN,2020-04-05 02:58:02,light,en,1136027,ENTERPRISE,,,881364,19.99,,PENDING
1002454,62486,error,2025-02-02 17:58:20,300,IOS,user62485@example.com,US,2023-05-27 10:06:39,light,es,1475869,PRO,Active,,1196056,49.99,,
1002462,757992,logout,,300,ANDROID,user757991@example.com,IN,2024-01-30 18:13:15,light,en,1393303,ENTERPRISE,Active,2024-02-05 20:20:55,1188431,nan,,PAID
1002469,203346,error,2024-07-14 16:52:14,300,,user203345@example.com,UNKNOWN,2025-02-06 21:35:38,light,es,1456029,PRO,Active,2023-02-01 20:59:17,737118,nan,2021-02-27 08:51:55,PAID
1002477,83023,logout,2023-02-05 16:29:08,10,IOS,user83022@example.com,UK,2023-11-17 12:08:15,dark,,1312708,BASIC,,,1866420,49.99,2023-11-05 21:08:29,PAID
1002479,829136,logout,,10,,user829135@example.com,US,2023-11-14 03:57:03,light,en,327982,BASIC,Past Due,2023-07-22 11:10:53,2445457,49.99,,PAID
1002482,374853,login,2024-09-07 19:29:16,120,IOS,user374852@example.com,US,,dark,es,1291357,ENTERPRISE,Active,2021-04-21 06:41:26,1678677,49.99,,
1002486,510201,view_item,,10,ANDROID,user510200@example.com,US,,light,en,164399,ENTERPRISE,Past Due,,2347889,19.99,2021-11-28 03:10:44,PENDING
1002487,176917,purchase,,10,MAC,user176916@example.com,UK,2021-06-10 07:25:04,light,fr,114969,BASIC,,2024-04-29 04:01:38,2459033,49.99,2021-11-08 16:48:14,FAILED
1002489,886327,view_item,,300,ANDROID,user886326@example.com,UK,2025-10-30 21:35:17,dark,es,355917,BASIC,Active,2023-04-12 02:52:19,2363028,199.99,,FAILED
1002491,20130,login,,10,ANDROID,user20129@example.com,UK,,dark,,984216,BASIC,Active,2022-11-03 07:22:04,516778,nan,2022-11-26 17:46:16,
1002492,556272,login,,120,IOS,user556271@example.com,UNKNOWN,,dark,es,418964,BASIC,Active,2023-08-10 00:00:09,1961169,49.99,,PAID
1002494,504049,purchase,,120,,USER504048@@example..com,CANADA,2022-02-03 05:57:11,dark,fr,437523,PRO,Active,,2396067,nan,2025-10-28 17:48:37,PENDING
1002496,622230,login,2025-11-23 14:31:18,300,,user622229@example.com,US,,light,fr,864153,PRO,,2023-04-07 11:30:28,205221,19.99,,
1002500,247556,view_item,2023-01-21 00:28:12,300,IOS,user247555@example.com,IN,2023-11-18 16:45:09,light,es,1097259,BASIC,Active,2023-09-27 18:33:07,2146291,nan,2023-04-20 11:09:46,FAILED
1002501,306565,view_item,2025-10-01 23:21:23,120,IOS,user306564@example.com,UNKNOWN,2023-08-04 09:29:09,light,en,618483,PRO,Canceled,2023-10-11 19:53:25,768710,19.99,,PAID
1002508,839716,viewitem,2025-12-24 13:01:07,120,,user839715@example.com,IN,,dark,es,58828,ENTERPRISE,Active,2023-05-17 12:00:53,457822,19.99,2024-01-04 06:39:59,
1002515,261301,logout,2025-01-24 19:43:55,10,MAC,user261300@example.com,UK,,dark,es,230901,ENTERPRISE,Active,2025-12-19 01:43:24,2209052,19.99,2021-11-21 10:37:40,PAID
1002517,229871,view_item,2023-02-05 21:21:52,300,MAC,user229870@example.com,US,,dark,es,502273,ENTERPRISE,Past Due,2022-08-10 23:40:46,1734971,nan,2024-09-22 04:36:26,PENDING
1002518,242633,login,,120,ANDROID,user242632@example.com,UK,,light,fr,189289,ENTERPRISE,,2022-07-16 02:56:22,792488,nan,2025-04-20 03:23:32,PAID
1002524,611555,view_item,2024-11-14 10:48:28,120,ANDROID,user611554@example.com,UNKNOWN,,dark,,1098277,PRO,,,2050165,49.99,2021-05-20 14:47:52,FAILED
1002527,830914,viewitem,2025-09-25 10:45:41,120,WINDOWS,user830913@example.com,UK,2022-06-22 18:48:35,dark,fr,365394,ENTERPRISE,Canceled,2021-05-23 17:29:22,1108169,nan,,PAID
1002529,166429,login,,10,ANDROID,user166428@example.com,UK,2023-03-23 04:02:20,light,es,32703,ENTERPRISE,Active,2022-11-06 04:22:35,2091274,49.99,,FAILED
1002537,710459,viewitem,2025-08-10 02:15:59,120,,user710458@example.com,US,,light,es,240873,ENTERPRISE,Active,2023-02-12 00:43:21,2447109,49.99,2024-07-16 16:24:23,PENDING
1002538,687976,error,2024-09-22 13:46:53,10,ANDROID,user687975@example.com,UK,2020-12-08 21:36:51,light,en,43285,BASIC,Canceled,,2407071,19.99,,PAID
1002542,815036,view_item,,300,IOS,user815035@example.com,CANADA,,light,es,250045,ENTERPRISE,Active,2021-08-09 07:56:11,1924915,19.99,,PAID
1002546,757060,purchase,,10,ANDROID,user757059@example.com,UNKNOWN,2025-01-05 00:57:37,dark,,1190226,BASIC,Past Due,2024-12-27 15:30:03,135628,49.99,2023-07-15 00:40:51,PAID
1002548,311118,purchase,,300,IOS,user311117@example.com,US,2020-10-26 06:38:50,light,es,78713,BASIC,Active,,1493165,49.99,,PAID
1002550,943003,logout,2023-11-29 15:41:03,300,ANDROID,user943002@example.com,US,2022-04-05 02:48:28,dark,,1248881,BASIC,Past Due,2023-02-03 13:59:55,1131524,19.99,,FAILED
1002555,811270,view_item,2023-05-15 13:24:19,10,IOS,user811269@example.com,UNKNOWN,2020-11-26 23:11:58,dark,en,888135,ENTERPRISE,Active,,2452386,199.99,2021-12-02 09:02:38,PAID
1002558,336721,logout,2023-10-30 15:33:00,300,WINDOWS,user336720@example.com,UK,2022-12-19 08:02:47,dark,,433518,PRO,Active,2023-07-29 01:00:38,1757349,nan,2023-12-07 00:14:55,PENDING
1002561,648869,login,2023-04-15 08:21:23,120,WINDOWS,USER648868@@example..com,CA,,dark,en,371966,ENTERPRISE,Canceled,,1149247,49.99,2023-08-17 09:38:41,
1002563,794473,login,,10,IOS,user794472@example.com,UK,,light,es,812726,PRO,Past Due,,213119,49.99,2025-12-27 12:34:31,PENDING
1002567,695189,view_item,2023-04-21 14:54:48,300,ANDROID,user695188@example.com,UK,2023-04-30 12:23:01,dark,es,1251427,BASIC,Active,2022-10-21 17:40:09,1074307,199.99,2025-12-12 01:48:46,PENDING
1002576,657909,view_item,,300,ANDROID,user657908@example.com,IN,,dark,en,1230963,ENTERPRISE,Active,2024-03-26 03:57:39,2439040,199.99,,PENDING
1002581,980372,purchase,2024-09-11 06:55:39,120,IOS,user980371@example.com,IN,2023-04-25 01:41:12,dark,fr,869979,ENTERPRISE,Active,,1050867,199.99,2022-03-25 23:08:33,PAID
1002582,728441,login,,120,ANDROID,user728440@example.com,US,2020-09-30 09:36:57,light,fr,1294909,ENTERPRISE,Canceled,2025-11-29 21:08:04,1046893,49.99,2023-10-16 19:06:50,FAILED
1002584,622788,view_item,,300,,user622787@example.com,CANADA,2021-06-28 02:02:40,dark,fr,18376,ENTERPRISE,Active,2021-08-03 06:08:03,1722613,49.99,,PAID
1002591,186009,purchase,,300,WINDOWS,user186008@example.com,CANADA,,light,fr,1077351,ENTERPRISE,,2023-12-25 05:40:30,155423,nan,2024-09-05 08:06:08,
1002592,256236,view_item,2025-04-30 23:50:49,120,WINDOWS,user256235@example.com,UK,,light,es,1005504,PRO,Active,,441916,19.99,,FAILED
1002593,214984,login,2025-08-26 20:13:18,10,ANDROID,user214983@example.com,CA,2024-07-14 14:32:20,light,en,1145454,PRO,Past Due,2022-11-21 18:09:21,1858547,19.99,2021-06-02 20:11:49,PAID
1002595,718833,logout,2025-06-15 21:05:53,300,WINDOWS,user718832@example.com,IN,,light,en,1492681,ENTERPRISE,,2022-11-15 13:26:11,805688,19.99,2021-07-23 17:05:31,FAILED
1002600,816439,login,2023-07-20 02:51:56,120,WINDOWS,user816438@example.com,UK,2024-06-12 10:59:19,dark,fr,1237910,PRO,Active,,1318933,49.99,,FAILED
1002603,558835,login,,300,ANDROID,user558834@example.com,UK,,dark,en,71474,ENTERPRISE,Canceled,,2416646,49.99,2022-05-27 00:22:06,PAID
1002605,481636,viewitem,2024-08-27 02:37:46,300,IOS,user481635@example.com,US,2020-04-16 20:55:07,light,en,1187948,ENTERPRISE,Active,,1156471,nan,2023-11-15 20:43:19,FAILED
1002610,134658,error,2024-10-20 03:45:44,300,MAC,user134657@example.com,CANADA,,light,es,177761,ENTERPRISE,,2023-02-15 09:03:30,1458810,49.99,2021-08-16 02:15:30,FAILED
1002615,237477,error,2024-04-05 10:20:51,120,ANDROID,user237476@example.com,UNKNOWN,2025-07-24 10:32:03,light,es,172429,PRO,Canceled,,1837814,49.99,,PAID
1002628,438371,login,2023-12-18 07:23:54,300,ANDROID,user438370@example.com,UNKNOWN,2022-12-14 05:47:31,dark,,204427,ENTERPRISE,Active,2024-11-05 19:59:03,751988,199.99,,FAILED
1002629,622127,purchase,,10,WINDOWS,user622126@example.com,IN,2022-08-16 17:25:08,light,es,995619,PRO,Past Due,2022-03-28 14:44:16,1600811,199.99,2022-10-28 00:07:03,PAID
1002634,8304,logout,,120,ANDROID,user8303@example.com,US,,dark,fr,317480,ENTERPRISE,Canceled,2022-03-07 12:34:56,2368269,nan,2025-08-18 12:26:07,
1002636,682870,login,2024-10-14 04:56:30,10,,user682869@example.com,IN,2024-07-31 21:54:13,dark,,1310749,PRO,Past Due,2025-01-11 15:58:28,670661,199.99,,
1002641,459831,purchase,2024-07-10 12:17:08,120,,user459830@example.com,UK,2021-03-06 13:45:52,dark,fr,962285,ENTERPRISE,,,1005269,49.99,2025-06-26 19:29:38,PAID
1002651,507366,view_item,,300,IOS,user507365@example.com,UK,,dark,es,962600,BASIC,Canceled,2025-07-20 15:07:12,1686085,nan,2021-04-19 17:46:24,FAILED
1002652,783948,viewitem,2024-07-14 17:40:31,300,ANDROID,user783947@example.com,IN,,light,en,220621,PRO,Active,2022-06-02 01:29:15,282486,49.99,2025-05-22 06:23:17,FAILED
1002654,502531,purchase,,120,,user502530@example.com,IN,2024-05-09 12:48:38,dark,fr,521083,ENTERPRISE,Active,2024-02-16 02:03:58,786632,19.99,,FAILED
1002658,589024,login,2025-09-17 22:54:30,10,IOS,user589023@example.com,US,,dark,es,144545,ENTERPRISE,Active,2022-12-05 06:15:32,1418393,49.99,,FAILED
1002672,207309,view_item,2024-01-16 10:01:21,10,WINDOWS,user207308@example.com,UK,,dark,es,1202604,BASIC,Active,,285050,19.99,2025-02-12 17:01:17,PENDING
1002674,735764,purchase,,120,ANDROID,user735763@example.com,UK,2023-08-18 21:53:03,light,es,675223,ENTERPRISE,Canceled,2021-09-27 19:30:50,1029034,199.99,2024-01-07 08:28:31,PAID
1002679,7613,error,2025-01-01 10:29:20,10,ANDROID,user7612@example.com,CA,,light,fr,609725,ENTERPRISE,Past Due,2025-01-21 10:01:14,771667,nan,,PENDING
1002686,914305,purchase,2023-08-17 12:59:27,300,WINDOWS,USER914304@@example..com,CA,,light,en,775973,BASIC,,,1558082,49.99,2023-12-18 17:30:11,PAID
1002688,392420,login,,10,,USER392419@@example..com,UK,,dark,es,1206959,ENTERPRISE,Active,,249545,49.99,2022-11-09 15:31:45,PAID
1002694,362651,logout,,10,IOS,user362650@example.com,UNKNOWN,,dark,en,75596,BASIC,Active,2023-10-22 08:48:45,1826477,49.99,,PENDING
1002703,631639,login,,120,,user631638@example.com,US,2022-07-21 01:34:46,light,es,758015,ENTERPRISE,Active,2021-10-31 07:13:29,667202,nan,,FAILED
1002705,201233,purchase,,120,IOS,user201232@example.com,US,2025-05-23 23:06:20,light,fr,198229,ENTERPRISE,Active,,492759,nan,2023-02-08 06:25:03,PAID
1002707,739977,view_item,2025-04-03 01:05:24,10,IOS,user739976@example.com,IN,2020-11-03 21:21:44,light,es,359824,BASIC,Past Due,,1889087,19.99,2022-11-28 06:59:25,PENDING
1002711,416769,error,2025-02-22 16:58:58,300,ANDROID,user416768@example.com,US,,dark,,1109681,ENTERPRISE,Canceled,,1618878,nan,2025-03-24 13:03:59,FAILED
1002714,456571,view_item,2023-02-10 11:07:54,10,WINDOWS,user456570@example.com,UK,,dark,en,1117778,BASIC,Active,,15707,199.99,2025-02-02 14:36:50,PAID
1002720,222074,viewitem,,10,IOS,user222073@example.com,CANADA,2020-11-12 09:30:31,dark,fr,637632,ENTERPRISE,Active,,2364885,nan,2022-06-14 06:43:31,PAID
1002723,236825,viewitem,,300,IOS,user236824@example.com,US,2020-10-03 03:49:07,light,es,194296,BASIC,Active,2024-05-03 12:44:21,1144823,19.99,2023-05-25 21:27:12,PENDING
1002729,611654,login,,120,,user611653@example.com,IN,,dark,fr,1046939,ENTERPRISE,Active,2021-07-20 15:13:06,1289568,49.99,2021-10-28 15:56:06,PENDING
1002730,532474,logout,,300,MAC,user532473@example.com,CANADA,,dark,en,1163332,BASIC,Active,,97937,19.99,2023-02-04 21:43:24,PENDING
1002736,6697,purchase,2025-02-22 02:25:54,120,ANDROID,user6696@example.com,CANADA,2025-05-08 22:50:06,light,es,16579,ENTERPRISE,Active,2022-02-20 17:29:40,164306,199.99,2024-06-20 07:28:49,PAID
1002737,337191,login,2023-08-21 23:18:11,120,ANDROID,user337190@example.com,UK,2024-11-08 09:13:41,light,en,731158,PRO,Active,2024-12-07 09:53:54,1013822,49.99,,PAID
1002743,177623,view_item,,120,ANDROID,user177622@example.com,US,2021-08-14 10:44:46,light,fr,321611,PRO,,,1074592,nan,2025-07-11 10:38:42,PAID
1002744,964198,error,2024-06-02 10:11:50,120,ANDROID,user964197@example.com,UK,,light,es,661285,BASIC,Active,,782530,19.99,2025-08-26 19:12:12,PENDING
1002747,958009,error,2024-05-20 06:51:20,10,WINDOWS,user958008@example.com,IN,,dark,,217304,PRO,Active,2022-08-26 05:26:28,877783,49.99,2024-06-24 21:04:23,FAILED
1002748,96953,purchase,2024-01-07 17:26:13,10,IOS,user96952@example.com,US,2024-08-17 19:46:29,dark,fr,1338859,PRO,Canceled,,1036231,nan,2024-04-26 04:47:09,
1002752,659997,view_item,2024-11-16 00:52:42,10,WINDOWS,user659996@example.com,CA,2024-03-29 07:34:03,dark,,844761,ENTERPRISE,Past Due,2023-10-06 17:27:05,1606950,49.99,2022-04-14 13:57:09,
1002754,587154,login,,10,,user587153@example.com,US,2025-05-09 00:45:11,dark,es,1283009,BASIC,Past Due,2025-09-06 07:04:01,2121650,49.99,,FAILED
1002759,103219,purchase,2024-01-29 12:19:33,300,ANDROID,user103218@example.com,IN,,dark,en,1032018,ENTERPRISE,,,11791,199.99,,PENDING
1002760,660431,error,,10,MAC,user660430@example.com,IN,,light,es,1205749,BASIC,Active,,2169903,19.99,2025-01-18 18:13:59,PAID
1002761,52688,purchase,2024-08-07 12:35:21,10,MAC,user52687@example.com,UK,,dark,es,207698,PRO,Past Due,,413623,49.99,2021-03-04 23:50:29,PAID
1002764,77925,logout,2024-03-07 04:15:24,300,IOS,user77924@example.com,IN,,light,fr,389881,ENTERPRISE,Active,,841362,49.99,2024-10-15 13:39:20,
1002770,544307,viewitem,2025-11-23 15:01:59,10,IOS,user544306@example.com,US,2024-08-09 05:45:31,dark,en,1354953,BASIC,Past Due,,667806,49.99,2022-08-06 02:19:55,
1002772,417141,viewitem,,300,IOS,user417140@example.com,US,2025-11-12 20:14:31,light,en,72821,BASIC,Past Due,2022-05-29 19:39:20,2298736,19.99,,PAID
1002774,985921,login,2024-05-04 15:29:13,300,ANDROID,user985920@example.com,US,,dark,,1377807,PRO,Canceled,,525773,nan,2024-03-23 23:44:38,FAILED
1002776,241907,logout,,10,IOS,user241906@example.com,US,2025-06-28 15:43:52,light,fr,123020,BASIC,,2024-08-31 08:34:41,374261,19.99,2025-11-11 11:47:39,PAID
1002780,985190,viewitem,,120,IOS,user985189@example.com,UK,,light,es,40230,BASIC,Active,2024-03-17 15:36:09,153425,19.99,,PAID
1002791,580503,view_item,2023-01-17 22:07:27,10,IOS,user580502@example.com,US,,dark,en,1366617,ENTERPRISE,Active,2021-06-13 07:33:27,1308160,19.99,2023-03-30 01:32:50,PAID
1002795,805485,logout,,300,WINDOWS,user805484@example.com,US,2024-07-26 14:20:30,light,fr,659151,ENTERPRISE,Past Due,,74417,19.99,,PENDING
1002799,247807,view_item,2025-02-20 20:34:11,120,ANDROID,user247806@example.com,CANADA,2021-12-05 20:48:09,dark,es,243615,PRO,Active,2025-02-22 05:33:47,1562354,49.99,2023-08-12 04:35:12,FAILED
1002805,565398,logout,2025-09-29 00:51:44,10,MAC,user565397@example.com,UNKNOWN,2023-01-10 11:43:54,light,es,319824,BASIC,Past Due,2022-07-17 23:01:41,2174964,19.99,2025-02-20 14:14:30,PENDING
1002810,817941,error,2024-03-08 14:17:41,10,ANDROID,user817940@example.com,US,2020-09-13 16:32:26,light,en,954187,ENTERPRISE,Active,,1415579,49.99,,PENDING
1002812,923663,error,,10,MAC,user923662@example.com,UK,,dark,fr,830935,PRO,Canceled,2021-01-06 15:58:18,6144,19.99,,PENDING
1002815,907067,error,,120,,user907066@example.com,CANADA,2022-07-08 21:21:24,dark,es,1282164,BASIC,Canceled,2024-07-09 09:16:38,899567,49.99,2022-06-03 15:41:47,FAILED
1002816,10509,viewitem,2024-03-04 06:49:15,120,ANDROID,user10508@example.com,UK,2023-02-10 02:32:24,dark,es,1369379,PRO,Active,,2293815,199.99,,PENDING
1002822,27172,logout,2025-11-25 01:42:31,120,,user27171@example.com,UK,2020-08-28 01:21:29,dark,fr,496109,ENTERPRISE,Past Due,2022-01-31 23:34:38,2354499,19.99,2023-12-15 06:42:49,PAID
1002831,58291,login,,120,ANDROID,user58290@example.com,IN,2020-10-06 06:42:24,dark,,837516,BASIC,Active,2022-06-15 15:43:20,965362,19.99,2021-02-03 08:50:57,PENDING
1002837,524338,error,,120,ANDROID,user524337@example.com,UNKNOWN,2021-04-12 16:48:07,dark,es,1323482,ENTERPRISE,Canceled,2022-01-03 11:38:23,1033939,199.99,,PAID
1002846,970459,error,,120,ANDROID,user970458@example.com,UK,2023-11-23 14:10:10,dark,fr,523440,PRO,Active,2025-11-08 05:20:45,2498,49.99,2022-11-06 05:55:24,PAID
1002850,176544,login,2023-10-17 00:36:47,10,IOS,user176543@example.com,IN,2022-11-28 22:34:35,dark,es,873669,ENTERPRISE,Active,,896718,49.99,2023-07-21 20:17:08,
1002851,998594,viewitem,2024-11-11 16:22:34,10,IOS,user998593@example.com,UNKNOWN,,dark,es,857536,ENTERPRISE,,2022-12-02 18:36:13,2406072,nan,2021-02-18 10:29:52,FAILED
1002852,901010,purchase,2024-12-11 05:12:22,300,IOS,user901009@example.com,UK,2020-10-27 08:28:02,light,fr,452313,PRO,Canceled,,2365430,49.99,2023-12-28 21:48:18,FAILED
1002855,597214,login,,300,MAC,user597213@example.com,UK,2025-07-24 22:49:12,dark,es,194200,ENTERPRISE,Canceled,2022-12-21 17:19:08,306320,nan,2025-08-14 14:18:17,PENDING
1002856,944280,viewitem,2024-06-05 01:30:08,300,IOS,user944279@example.com,UK,2025-11-26 12:33:04,dark,,49525,BASIC,Canceled,,296996,199.99,2021-08-20 00:40:50,FAILED
1002857,874323,view_item,2023-03-21 01:21:54,120,IOS,user874322@example.com,US,,dark,fr,1174188,PRO,Canceled,,1919833,nan,,FAILED
1002860,87253,login,2023-12-16 02:43:07,10,IOS,user87252@example.com,IN,2020-05-28 08:55:33,dark,fr,522612,PRO,,,2200368,nan,2021-03-21 01:51:02,PAID
1002865,30166,error,,10,ANDROID,user30165@example.com,IN,2021-10-22 20:36:32,dark,fr,375741,PRO,Active,,27875,nan,,
1002869,929197,purchase,,10,WINDOWS,user929196@example.com,IN,2025-01-20 10:55:21,dark,es,451696,PRO,,2021-11-23 23:44:53,2097072,19.99,2025-12-11 20:19:06,PENDING
1002886,52738,login,2025-03-26 03:49:40,300,IOS,user52737@example.com,IN,2025-12-12 10:02:50,light,es,1318318,ENTERPRISE,Active,2022-07-07 20:48:07,212055,19.99,,FAILED
1002887,20801,login,,10,IOS,user20800@example.com,US,,dark,,1377345,PRO,Active,2024-01-11 20:55:58,1667111,49.99,2023-04-05 21:49:08,PAID
1002889,893366,view_item,2023-08-14 13:47:52,10,ANDROID,user893365@example.com,UNKNOWN,2022-11-12 04:53:32,light,fr,558246,PRO,Active,2023-01-12 01:46:44,791883,49.99,2023-09-29 16:04:50,PENDING
1002893,391466,login,,120,ANDROID,user391465@example.com,US,2021-08-23 11:38:45,light,fr,1118224,PRO,Canceled,2021-06-18 11:51:13,1415124,19.99,,FAILED
1002896,104522,view_item,2023-08-25 11:41:01,10,IOS,user104521@example.com,CA,,light,en,228873,ENTERPRISE,,,2472827,19.99,2021-08-04 11:44:59,FAILED
1002911,388829,logout,,300,MAC,user388828@example.com,IN,2025-01-01 19:56:52,light,en,1043986,ENTERPRISE,Past Due,2022-02-11 13:39:54,133274,49.99,,PENDING
1002917,637883,view_item,2023-03-08 11:37:55,10,ANDROID,user637882@example.com,UNKNOWN,2025-04-24 06:03:57,dark,en,86800,PRO,,2021-11-03 02:36:50,351901,nan,,PAID
1002918,234262,login,,10,WINDOWS,user234261@example.com,IN,2020-08-05 18:43:56,light,es,546356,BASIC,Active,2024-09-26 19:44:07,146496,199.99,,PAID
1002924,820613,login,2023-08-10 00:52:40,10,MAC,user820612@example.com,UK,,light,fr,160910,BASIC,Past Due,,661161,nan,,
1002926,882596,error,,10,IOS,user882595@example.com,US,2023-04-23 08:52:48,dark,fr,880770,PRO,Canceled,2025-04-01 15:27:19,1954237,49.99,2025-07-12 00:12:45,PENDING
1002927,475964,purchase,,120,,user475963@example.com,IN,,dark,fr,522138,ENTERPRISE,Canceled,,1250895,199.99,2025-10-19 03:21:39,PENDING
1002935,257680,view_item,,300,,user257679@example.com,US,2023-11-24 07:56:21,light,es,344706,ENTERPRISE,Canceled,2022-11-17 17:15:41,1948377,19.99,2025-06-26 21:57:22,PENDING
1002939,764235,viewitem,2023-04-13 03:27:46,300,IOS,user764234@example.com,IN,,dark,,255133,ENTERPRISE,Canceled,2025-11-29 18:07:36,2087628,19.99,2023-03-11 22:07:03,PENDING
1002940,901552,view_item,,300,ANDROID,user901551@example.com,CA,2020-02-07 09:40:30,dark,es,1395215,ENTERPRISE,Active,2021-08-06 17:18:36,451483,49.99,,FAILED
1002943,597493,error,2023-04-03 22:11:26,10,IOS,user597492@example.com,IN,2025-12-04 08:29:20,dark,fr,911033,ENTERPRISE,Canceled,,618223,19.99,,PENDING
1002948,974702,login,,120,MAC,user974701@example.com,UK,2024-10-19 01:51:18,dark,es,1154661,BASIC,,2025-09-13 15:39:23,2364615,49.99,,
1002952,554032,login,2024-08-19 16:20:51,10,ANDROID,user554031@example.com,CA,2022-07-20 19:14:05,light,es,56123,ENTERPRISE,Active,2025-02-01 08:27:28,830623,19.99,2021-06-20 07:31:21,PAID
1002955,706572,purchase,2023-03-27 08:39:49,120,IOS,user706571@example.com,CANADA,2023-07-01 10:50:18,light,es,640201,PRO,Active,,974157,199.99,2025-12-27 18:23:46,PAID
1002959,351267,logout,2024-07-10 10:47:44,10,ANDROID,user351266@example.com,UK,,light,es,1243152,BASIC,Past Due,2022-04-14 21:03:05,887806,49.99,2024-10-23 11:03:34,FAILED
1002965,99213,logout,2023-01-20 05:09:15,120,MAC,user99212@example.com,IN,2025-01-26 20:08:07,light,en,243889,ENTERPRISE,Canceled,2023-10-24 00:16:27,203920,199.99,,
1002969,597985,view_item,2025-05-31 06:10:57,300,IOS,user597984@example.com,US,,light,fr,567540,BASIC,,,2442085,49.99,,FAILED
1002974,583946,logout,,120,MAC,user583945@example.com,US,,dark,,105930,PRO,Active,2024-08-22 04:45:47,1119656,49.99,,
1002976,676461,viewitem,2025-09-29 22:04:19,120,ANDROID,user676460@example.com,US,,dark,en,337911,PRO,,2023-12-17 04:22:52,894087,19.99,2021-01-23 19:12:17,FAILED
1002978,238445,logout,2024-07-28 15:51:03,120,MAC,user238444@example.com,CA,2020-02-24 05:09:36,dark,es,569935,ENTERPRISE,,,1683046,nan,,FAILED
1002980,266898,login,,10,,user266897@example.com,UK,,light,es,665992,PRO,Active,2025-10-17 14:31:16,769336,nan,2025-02-02 14:41:36,PAID
1002987,237776,purchase,2023-07-03 16:40:57,300,IOS,user237775@example.com,US,2021-03-01 22:21:51,dark,en,125754,PRO,,,1088534,49.99,2025-03-16 11:43:41,PENDING
1002990,375233,logout,,300,ANDROID,user375232@example.com,UK,2022-12-20 22:45:36,dark,fr,112895,ENTERPRISE,Active,,677050,49.99,2024-10-10 00:00:31,PAID
1002992,616232,purchase,,300,WINDOWS,user616231@example.com,UNKNOWN,2022-12-18 06:34:21,light,fr,917963,ENTERPRISE,,2021-04-02 16:31:56,354569,nan,2022-08-24 12:56:24,PENDING
1002994,875264,viewitem,,120,MAC,user875263@example.com,UK,2022-09-27 14:26:10,light,es,605872,ENTERPRISE,Active,2021-12-22 12:24:29,150427,19.99,2024-11-16 07:06:13,FAILED
1002995,484916,login,2024-08-06 07:04:51,10,WINDOWS,user484915@example.com,IN,,dark,en,1385056,ENTERPRISE,,2025-07-07 18:49:03,1266584,19.99,2024-10-27 10:06:54,PAID
1002997,562642,error,2025-01-17 07:17:38,10,ANDROID,user562641@example.com,CANADA,,dark,es,1378349,PRO,Active,2021-12-28 22:27:15,605467,49.99,,PAID
1003000,972901,error,2024-06-08 06:43:20,10,WINDOWS,user972900@example.com,US,2020-02-06 06:35:11,light,es,61917,BASIC,,2021-09-21 05:13:52,729793,19.99,2024-12-27 17:50:22,FAILED
1003008,130373,logout,,300,ANDROID,user130372@example.com,CA,2020-02-19 02:29:05,light,en,1314130,PRO,Active,,1907986,49.99,2021-12-13 10:14:56,FAILED
1003011,997471,login,,120,MAC,user997470@example.com,CA,,dark,fr,736681,PRO,Active,,26306,19.99,2023-05-21 08:25:46,
1003013,788243,view_item,,120,MAC,user788242@example.com,UNKNOWN,2021-02-16 16:29:03,dark,fr,1405585,BASIC,,,70314,199.99,,PAID
1003015,575317,logout,,300,ANDROID,user575316@example.com,UK,2021-01-06 16:52:29,light,en,102849,BASIC,,2023-09-08 11:28:26,1973215,49.99,2021-07-16 21:10:21,
1003016,544076,view_item,,10,IOS,user544075@example.com,CA,,light,fr,1226585,PRO,Active,2022-10-18 16:22:40,2285231,19.99,,FAILED
1003026,744093,error,2025-08-12 05:45:15,300,WINDOWS,USER744092@@example..com,US,2021-04-04 23:44:27,light,en,217451,BASIC,Active,,1951436,49.99,,PAID
1003031,737690,login,,120,,user737689@example.com,US,,dark,es,62735,ENTERPRISE,Active,,2010301,19.99,2022-11-10 19:42:46,PAID
1003033,612026,logout,2025-06-09 12:29:16,300,MAC,user612025@example.com,CA,2022-05-16 02:52:44,dark,en,966013,ENTERPRISE,Canceled,,1181547,49.99,,PAID
1003047,481499,error,2023-02-21 17:11:13,300,ANDROID,user481498@example.com,IN,,dark,,1215629,ENTERPRISE,Past Due,,1735622,199.99,2025-03-19 07:31:43,PAID
1003048,53442,view_item,2023-07-13 17:00:36,10,MAC,user53441@example.com,UK,2020-10-04 17:58:27,light,fr,275115,PRO,,,769571,19.99,2022-05-08 13:29:16,FAILED
1003049,940176,login,2023-07-08 09:12:39,300,IOS,user940175@example.com,CANADA,2025-05-17 21:58:14,dark,es,629518,BASIC,Active,,1740625,49.99,,PAID
1003053,124082,purchase,2024-02-21 23:53:33,10,WINDOWS,user124081@example.com,IN,,dark,,531737,ENTERPRISE,,,771747,19.99,2024-03-22 05:23:20,PAID
1003056,968614,viewitem,2023-05-23 03:51:00,300,MAC,user968613@example.com,UK,2025-10-05 08:48:06,dark,fr,1126955,BASIC,Canceled,2023-04-24 20:51:03,582724,49.99,2021-07-04 20:30:07,FAILED
1003060,126870,purchase,,10,,user126869@example.com,CA,,dark,,1306265,ENTERPRISE,Canceled,2023-10-22 20:35:36,1008104,49.99,2023-07-25 01:50:52,PAID
1003064,20327,view_item,2025-12-16 04:14:49,300,WINDOWS,user20326@example.com,CANADA,,dark,fr,492592,PRO,,2024-08-05 00:04:56,710155,nan,2024-06-11 04:13:09,FAILED
1003067,990136,viewitem,2024-01-16 13:08:32,10,WINDOWS,user990135@example.com,UNKNOWN,2025-07-20 11:48:22,light,es,944804,BASIC,Active,,1889638,49.99,2021-11-06 12:14:09,FAILED
1003072,956625,error,2023-07-12 00:38:32,300,WINDOWS,user956624@example.com,UK,,light,es,1183860,ENTERPRISE,Active,2025-04-10 16:26:32,2423448,19.99,2025-06-10 00:57:13,FAILED
1003073,924069,viewitem,,300,IOS,USER924068@@example..com,IN,2020-07-21 02:17:30,dark,en,436762,PRO,Canceled,2023-03-31 19:39:33,1816209,49.99,,FAILED
1003074,391540,viewitem,,10,IOS,user391539@example.com,UNKNOWN,2025-01-21 05:37:13,dark,en,1244988,PRO,Canceled,2024-09-17 10:16:45,1867002,49.99,2024-05-16 18:45:43,FAILED
1003077,674794,purchase,,300,WINDOWS,user674793@example.com,UK,,light,es,1483603,PRO,,,947048,199.99,,PAID
1003079,323660,logout,2024-07-28 05:42:36,10,ANDROID,user323659@example.com,CANADA,2025-08-05 04:10:43,dark,en,195533,BASIC,Active,2023-06-12 13:29:49,2470334,49.99,,
1003083,43831,viewitem,2023-04-07 12:18:43,10,ANDROID,user43830@example.com,US,,dark,en,59985,ENTERPRISE,Active,2021-07-24 22:57:53,1990557,nan,,FAILED
1003087,558347,purchase,,120,MAC,user558346@example.com,UK,,light,fr,976873,ENTERPRISE,Past Due,,2370200,nan,,FAILED
1003090,265673,error,,120,ANDROID,user265672@example.com,CANADA,,light,fr,913191,BASIC,Active,2024-07-16 00:06:12,1043786,199.99,,FAILED
1003098,559263,login,,120,IOS,user559262@example.com,US,,dark,fr,514352,PRO,,,1075501,nan,,
1003103,576732,login,,300,MAC,user576731@example.com,US,2020-05-21 01:53:50,dark,fr,1429009,BASIC,Canceled,,51833,199.99,,
1003107,629141,error,,10,MAC,user629140@example.com,US,,dark,en,368728,ENTERPRISE,Active,2022-10-28 12:28:01,1122393,19.99,,PAID
1003111,18752,login,2025-06-25 20:11:53,10,ANDROID,user18751@example.com,US,2024-07-10 10:40:21,dark,fr,223115,PRO,,2021-08-16 20:54:41,2110735,199.99,2023-02-17 15:04:05,FAILED
1003114,216267,view_item,2023-04-24 14:10:23,120,,user216266@example.com,CANADA,,light,en,268756,ENTERPRISE,,,1661583,199.99,2021-11-09 07:36:50,PAID
1003117,703341,viewitem,,10,IOS,user703340@example.com,UK,,dark,,158871,BASIC,Active,2024-12-24 12:54:58,2415142,19.99,,
1003120,84975,view_item,2025-03-05 12:04:19,120,,user84974@example.com,IN,,light,fr,790132,ENTERPRISE,Active,2024-11-22 13:52:21,94933,49.99,,PAID
1003121,258034,error,,10,ANDROID,user258033@example.com,US,,dark,en,857407,PRO,Canceled,2022-08-31 17:04:19,1893975,nan,,
1003128,551483,login,,300,IOS,user551482@example.com,US,2024-07-25 19:37:57,light,fr,1237902,ENTERPRISE,Active,2025-03-09 20:53:32,2335119,19.99,2022-11-28 23:15:31,PAID
1003129,921287,view_item,,120,,user921286@example.com,US,2025-08-26 02:25:45,dark,fr,814946,ENTERPRISE,Past Due,2023-02-04 02:16:17,2413982,49.99,,PENDING
1003135,344764,purchase,,10,MAC,user344763@example.com,US,2021-01-19 10:05:50,dark,en,490696,BASIC,Active,2024-08-30 07:31:12,1673360,19.99,2023-07-22 14:14:42,PAID
1003137,983088,logout,,10,MAC,user983087@example.com,IN,2020-09-05 09:54:59,dark,fr,1230682,BASIC,Past Due,2023-12-10 02:10:24,2042482,199.99,2021-06-24 06:07:06,FAILED
1003138,626052,login,2024-04-22 09:14:36,300,ANDROID,user626051@example.com,IN,2020-10-11 02:03:51,dark,en,338889,ENTERPRISE,,2022-10-25 21:46:04,174807,19.99,2022-02-05 17:02:30,FAILED
1003144,151623,viewitem,,300,WINDOWS,user151622@example.com,US,2025-12-05 00:31:00,light,en,602863,ENTERPRISE,Canceled,,725836,19.99,2021-01-13 18:14:25,PAID
1003161,801369,login,,300,ANDROID,user801368@example.com,US,2022-12-24 18:59:47,dark,es,1395200,BASIC,Past Due,,1886640,nan,2022-06-25 15:09:20,PAID
1003166,531629,error,,120,IOS,user531628@example.com,CA,2025-03-12 08:58:52,light,fr,1458708,ENTERPRISE,Active,2023-03-11 14:16:38,1175504,19.99,2024-11-29 19:46:55,PAID
1003171,768516,error,,10,,USER768515@@example..com,US,,light,fr,501812,PRO,,,305601,19.99,2024-11-17 18:54:56,FAILED
1003173,956813,purchase,,10,ANDROID,user956812@example.com,CA,2023-12-20 15:20:37,light,fr,78247,ENTERPRISE,Active,,1860847,49.99,2024-06-07 14:31:39,
1003174,258634,view_item,2023-11-17 00:23:24,10,ANDROID,user258633@example.com,CA,2025-10-10 09:07:06,light,fr,364859,PRO,Canceled,,1130860,49.99,,PAID
1003175,295205,purchase,,120,IOS,user295204@example.com,UK,2021-01-27 11:21:59,light,en,861446,PRO,Past Due,,744548,199.99,,PAID
1003179,911246,view_item,2023-11-19 20:48:29,10,ANDROID,user911245@example.com,UNKNOWN,2020-06-05 00:15:32,dark,en,263180,ENTERPRISE,Active,2022-11-06 13:54:20,479148,nan,2025-10-06 18:01:54,PENDING
1003180,984979,login,,120,ANDROID,user984978@example.com,UK,2023-04-16 14:58:09,dark,es,763276,ENTERPRISE,,,725551,49.99,2021-04-14 13:43:51,FAILED
1003181,459908,purchase,,120,WINDOWS,user459907@example.com,US,,dark,,1496363,ENTERPRISE,Past Due,2024-05-30 22:38:06,2358799,199.99,2022-09-21 04:46:49,FAILED
1003191,399079,purchase,2024-07-18 17:08:17,300,IOS,user399078@example.com,IN,2021-11-22 13:35:32,light,en,89619,PRO,,2022-10-20 21:00:29,1965648,199.99,,FAILED
1003192,247286,view_item,,300,WINDOWS,user247285@example.com,UK,2025-08-14 16:02:57,dark,en,871941,ENTERPRISE,Active,2024-11-10 00:37:27,307578,49.99,,FAILED
1003196,608560,error,2024-05-05 12:16:58,120,WINDOWS,user608559@example.com,US,2024-07-07 04:45:10,dark,es,391795,PRO,Active,,2406479,19.99,2021-10-17 23:33:03,PENDING
1003199,381912,viewitem,,10,IOS,user381911@example.com,US,2024-02-15 19:16:13,dark,en,385975,ENTERPRISE,,2024-04-20 06:08:49,939800,nan,,FAILED
1003206,934283,purchase,2025-02-16 07:02:56,300,IOS,user934282@example.com,IN,,dark,en,683595,BASIC,Active,2025-03-22 22:07:37,168112,49.99,2023-04-20 11:25:56,PENDING
1003210,993165,login,2025-04-06 00:23:31,10,IOS,user993164@example.com,CANADA,2020-01-16 20:40:11,light,fr,1313001,BASIC,Active,,605154,49.99,2022-04-13 12:43:37,PAID
1003215,346194,login,,10,,user346193@example.com,US,,light,es,727903,PRO,,2024-11-07 01:09:28,783681,49.99,2025-12-07 04:43:21,
1003228,819528,viewitem,2024-03-29 17:36:35,300,ANDROID,user819527@example.com,IN,2022-10-14 17:54:01,dark,es,1295162,PRO,Canceled,2024-03-13 15:05:09,2431111,19.99,2022-12-01 05:54:59,FAILED
1003231,142464,view_item,2023-06-14 04:43:23,300,MAC,user142463@example.com,UNKNOWN,2025-11-27 13:44:30,light,en,1094079,BASIC,,2021-08-21 15:18:26,2381554,19.99,2023-02-18 06:08:04,PAID
1003232,491125,purchase,2025-11-24 10:24:13,120,,user491124@example.com,US,2020-01-15 18:22:05,dark,,1478506,PRO,Canceled,2024-12-10 11:04:11,2375068,19.99,2021-02-12 16:32:33,PENDING
1003233,323793,login,,300,ANDROID,USER323792@@example..com,US,2023-02-03 03:14:34,light,es,1403427,PRO,Past Due,2024-04-04 18:09:06,2369585,49.99,2022-02-10 17:58:03,FAILED
1003238,189568,view_item,,10,WINDOWS,user189567@example.com,UK,2025-05-24 06:33:38,dark,en,328057,ENTERPRISE,Canceled,2023-11-12 18:39:10,2294138,19.99,2022-06-04 15:17:12,FAILED
1003240,588024,viewitem,,120,WINDOWS,user588023@example.com,UK,,light,es,1374350,PRO,Active,2025-10-15 04:33:21,905201,199.99,,PAID
1003248,219251,error,2024-12-05 07:37:29,300,ANDROID,user219250@example.com,CANADA,,light,fr,1362570,BASIC,,,1430150,19.99,,FAILED
1003249,928235,error,2024-06-21 11:27:22,10,IOS,user928234@example.com,CANADA,2025-01-19 09:05:26,light,fr,71774,PRO,Active,2022-01-14 02:47:06,1892056,19.99,2024-09-14 04:20:52,PAID
1003250,131001,login,,300,ANDROID,user131000@example.com,CANADA,,light,fr,636832,ENTERPRISE,Active,2024-10-16 10:26:40,1542342,19.99,,FAILED
1003254,289123,error,,300,ANDROID,user289122@example.com,US,2025-02-28 14:50:06,light,es,310397,ENTERPRISE,,2022-07-11 02:07:46,1710644,nan,2025-10-11 03:23:23,FAILED
1003264,819593,purchase,2025-04-19 07:48:31,300,,user819592@example.com,IN,2025-09-13 07:51:15,dark,fr,596520,PRO,Active,,1153433,199.99,,
1003272,333764,error,,300,IOS,user333763@example.com,UK,2021-08-05 06:39:55,dark,,1383575,ENTERPRISE,Active,2022-01-14 22:24:22,1737663,199.99,2023-06-08 23:51:13,FAILED
1003273,44489,error,2024-01-12 03:53:01,120,MAC,user44488@example.com,IN,2023-10-15 09:00:26,dark,,130098,BASIC,Active,2022-02-21 15:13:18,111822,19.99,,FAILED
1003274,20624,logout,,120,ANDROID,user20623@example.com,US,2022-08-27 10:00:45,light,es,605497,ENTERPRISE,Active,2021-04-28 11:38:30,934412,nan,2025-11-03 01:37:07,FAILED
1003279,857530,logout,,120,ANDROID,user857529@example.com,UNKNOWN,2025-11-18 23:17:02,dark,es,600295,PRO,Active,2022-05-11 19:10:58,644987,19.99,,
1003284,840317,login,2024-11-10 08:53:45,10,ANDROID,user840316@example.com,US,2021-02-24 23:59:30,light,en,1366496,ENTERPRISE,Active,,2362731,199.99,2024-09-18 14:11:37,PAID
1003286,110273,view_item,,10,MAC,user110272@example.com,US,2022-05-10 01:06:24,dark,en,997609,ENTERPRISE,Active,2024-01-18 06:38:05,198852,199.99,,FAILED
1003287,847970,logout,2025-12-25 09:40:08,300,MAC,user847969@example.com,US,2024-02-13 22:34:49,dark,es,1095790,PRO,,,1749900,19.99,,FAILED
1003290,316976,error,2025-11-19 09:00:59,10,ANDROID,user316975@example.com,CANADA,2024-09-02 20:46:45,light,es,339658,ENTERPRISE,Active,2021-10-14 13:01:52,1384493,49.99,2021-06-15 14:37:14,PAID
1003293,884007,view_item,,10,MAC,user884006@example.com,US,,dark,es,1380332,PRO,,2025-10-12 04:33:41,1299636,199.99,2025-06-11 12:16:11,PAID
1003295,842935,viewitem,,120,ANDROID,user842934@example.com,CANADA,2025-12-11 07:37:16,dark,fr,781212,BASIC,Canceled,,505155,19.99,2023-02-27 09:55:01,FAILED
1003305,814547,logout,2023-11-28 13:32:10,10,IOS,user814546@example.com,IN,2024-03-15 11:27:08,dark,en,797443,PRO,,2024-08-01 07:50:51,1807429,199.99,2021-10-22 02:53:24,PENDING
1003306,283886,purchase,2023-01-07 17:01:16,10,ANDROID,user283885@example.com,UK,2023-02-27 01:41:41,light,fr,48108,PRO,Active,2024-05-20 05:43:38,1874994,199.99,2025-07-19 17:07:49,FAILED
1003309,513043,login,,120,MAC,user513042@example.com,IN,,dark,es,516326,ENTERPRISE,Canceled,2023-09-30 17:38:38,1940880,49.99,2022-02-02 04:08:57,
1003314,372293,login,2025-02-20 22:41:07,120,MAC,user372292@example.com,UK,2021-07-29 22:39:54,light,fr,811475,ENTERPRISE,Active,,1439435,nan,,PAID
1003315,222092,login,,10,MAC,user222091@example.com,CANADA,2020-05-16 07:05:58,dark,fr,335207,BASIC,,2022-07-19 21:47:36,112940,49.99,2022-06-06 20:07:59,PAID
1003316,356810,view_item,2023-05-22 03:35:09,10,ANDROID,user356809@example.com,UK,,dark,,1048446,BASIC,Active,2025-01-09 11:10:55,1085806,49.99,2022-01-13 04:51:05,PAID
1003325,406745,login,,300,ANDROID,user406744@example.com,CANADA,2020-01-11 12:09:22,light,fr,1213050,PRO,,,1651587,nan,2024-01-14 04:57:05,
1003326,815904,viewitem,,300,,user815903@example.com,IN,,light,en,776319,PRO,Past Due,2025-05-22 19:23:29,716931,49.99,2025-10-09 18:04:16,FAILED
1003327,821898,purchase,,300,,user821897@example.com,US,,dark,en,102989,PRO,Past Due,2022-02-15 07:12:10,2134419,49.99,2021-12-12 10:53:20,FAILED
1003336,101986,login,2025-09-18 02:19:05,10,IOS,user101985@example.com,UK,,dark,fr,882187,ENTERPRISE,Active,2025-10-22 01:16:21,2394865,49.99,2023-12-20 10:38:55,PAID
1003339,850101,viewitem,2024-08-15 21:43:27,300,MAC,user850100@example.com,CA,,dark,es,1312730,BASIC,Active,2024-09-23 08:05:35,754151,nan,2023-02-04 09:09:21,PAID
1003344,437074,login,,120,ANDROID,user437073@example.com,UNKNOWN,2021-12-24 20:50:14,light,es,1085038,ENTERPRISE,Active,,1721718,19.99,2023-12-19 03:47:10,FAILED
1003351,367047,logout,,120,,user367046@example.com,UK,,light,fr,1295649,PRO,Active,2023-02-22 17:42:08,1285687,49.99,,
1003353,251074,view_item,2024-01-17 18:00:33,300,WINDOWS,user251073@example.com,CA,2020-01-21 08:57:11,dark,,1291778,BASIC,,2022-06-07 11:17:17,2336236,19.99,,FAILED
1003358,618842,viewitem,,10,IOS,user618841@example.com,CANADA,2024-08-22 07:33:14,dark,fr,691150,BASIC,Active,,1858821,19.99,2022-06-21 10:45:08,PAID
1003369,978841,view_item,2023-10-09 13:58:33,300,IOS,user978840@example.com,UK,,dark,fr,51526,PRO,Active,2025-09-20 21:38:54,941329,19.99,2022-01-18 01:58:38,PENDING
1003374,443668,logout,2025-08-12 19:38:16,300,WINDOWS,USER443667@@example..com,UNKNOWN,2023-04-03 19:40:07,dark,es,563211,PRO,Past Due,2023-02-11 21:27:07,1124785,49.99,,PENDING
1003375,795393,login,2024-02-17 10:12:26,300,IOS,user795392@example.com,UK,,dark,es,1158310,BASIC,Past Due,2021-09-29 08:49:13,2352208,49.99,,PENDING
1003380,754156,login,2024-08-28 17:09:03,120,WINDOWS,user754155@example.com,CANADA,2023-04-20 17:14:44,dark,,883702,BASIC,Active,2022-09-27 13:49:06,2250293,19.99,2025-07-19 17:03:46,PAID
1003382,269380,view_item,2025-06-01 10:01:05,300,ANDROID,user269379@example.com,UK,2023-05-23 20:18:02,light,en,1423662,PRO,Active,2022-08-27 14:27:49,2309022,199.99,,PAID
1003385,370234,purchase,2024-12-06 09:43:38,10,WINDOWS,user370233@example.com,US,2021-06-18 11:11:11,light,es,1393803,BASIC,Past Due,2024-05-13 07:42:53,1100186,nan,2022-09-21 11:32:37,
1003396,368074,viewitem,,300,IOS,user368073@example.com,IN,,dark,es,1099467,BASIC,Canceled,,2032231,19.99,2021-12-30 06:38:32,PENDING
1003399,980289,view_item,2025-10-18 11:59:53,10,WINDOWS,user980288@example.com,US,2025-05-12 04:41:32,dark,,1329640,PRO,,2023-09-25 21:06:26,1223972,19.99,,
1003402,123143,login,2024-04-18 22:48:44,120,IOS,user123142@example.com,UNKNOWN,,dark,es,20453,BASIC,Active,2022-11-23 10:32:12,1911529,199.99,,PENDING
1003405,844371,login,,120,ANDROID,USER844370@@example..com,UK,2022-03-27 06:28:01,light,fr,1385085,PRO,Canceled,2021-06-21 16:44:32,2298619,19.99,2023-02-10 16:45:35,FAILED
1003409,760596,error,,120,WINDOWS,user760595@example.com,UK,,dark,fr,897606,ENTERPRISE,Canceled,,743830,19.99,,PENDING
1003412,513990,purchase,,300,ANDROID,user513989@example.com,UNKNOWN,,light,fr,31718,PRO,Past Due,2024-05-26 18:07:36,1347530,nan,,FAILED
1003428,912910,viewitem,2023-10-26 19:12:28,300,,user912909@example.com,CANADA,,dark,en,1082783,PRO,Active,2024-08-19 21:26:01,1776331,nan,2025-07-26 03:16:44,PAID
1003441,358098,error,,300,,user358097@example.com,UK,,dark,fr,533192,BASIC,Active,,1254984,49.99,2024-08-11 21:24:13,PAID
1003450,211865,login,2023-09-16 09:11:07,120,MAC,user211864@example.com,US,,light,en,892737,BASIC,Past Due,,803585,19.99,,FAILED
1003452,848429,purchase,,300,MAC,user848428@example.com,UNKNOWN,2025-03-13 16:19:12,light,en,947663,ENTERPRISE,Past Due,,7175,199.99,2024-07-29 07:18:01,PENDING
1003454,342176,logout,2025-11-15 06:17:39,300,,user342175@example.com,US,,light,en,41098,BASIC,,2021-01-11 11:39:28,240700,199.99,2021-10-19 17:52:40,PENDING
1003461,100720,purchase,2023-11-17 09:11:56,120,ANDROID,user100719@example.com,CA,2023-02-25 11:51:29,dark,es,817763,BASIC,Active,,1934666,19.99,2021-09-20 15:06:15,PENDING
1003473,44760,logout,2023-12-08 05:58:33,10,ANDROID,user44759@example.com,UK,2020-04-01 23:52:29,light,fr,440690,PRO,Active,2021-03-16 05:47:16,223667,19.99,,PAID
1003475,100453,view_item,,120,IOS,user100452@example.com,IN,,light,en,417739,PRO,Canceled,,1367929,19.99,,FAILED
1003481,809198,viewitem,2025-05-29 23:32:26,300,ANDROID,user809197@example.com,UNKNOWN,2023-02-22 10:09:44,dark,,174379,ENTERPRISE,Active,2021-08-18 08:58:08,1784039,19.99,,FAILED
1003484,480264,viewitem,2024-09-17 00:16:21,300,,user480263@example.com,US,2021-10-27 00:29:35,light,en,38157,ENTERPRISE,Past Due,,1037995,199.99,,
1003485,345942,error,2024-10-21 11:21:29,120,IOS,user345941@example.com,US,,light,en,1087320,BASIC,Canceled,2022-05-24 14:25:49,748528,nan,2021-04-07 08:34:55,FAILED
1003488,267368,view_item,2025-09-15 05:19:06,10,ANDROID,USER267367@@example..com,UK,2023-01-31 14:51:43,light,es,739253,PRO,Past Due,2025-01-09 02:02:57,632672,19.99,2025-11-15 13:27:02,PAID
1003490,437938,error,,300,IOS,user437937@example.com,UK,2020-04-11 21:03:12,dark,es,669381,BASIC,Active,,1630112,49.99,,FAILED
1003491,942149,logout,,10,IOS,user942148@example.com,IN,2022-04-09 06:14:22,light,en,33475,PRO,Active,2023-04-02 04:12:38,2275324,nan,2023-01-31 06:09:42,PAID
1003494,759692,error,2025-02-23 04:58:52,10,MAC,user759691@example.com,CANADA,2023-01-02 14:12:33,dark,fr,1365940,ENTERPRISE,Canceled,2021-12-30 10:33:23,2140648,49.99,2023-11-11 21:55:24,FAILED
1003501,668105,login,,300,ANDROID,user668104@example.com,IN,2024-10-07 12:28:57,dark,en,857901,ENTERPRISE,Active,2022-02-11 03:38:11,454068,nan,2025-01-05 04:04:53,PAID
1003516,677820,error,2024-08-17 08:24:28,120,MAC,USER677819@@example..com,IN,,light,en,1072482,BASIC,Past Due,2021-05-23 11:35:40,2306553,49.99,2021-09-15 00:06:40,PAID
1003522,224972,error,,300,,user224971@example.com,IN,2023-01-04 22:55:59,dark,,1018175,PRO,Past Due,,1799574,19.99,2024-08-09 16:23:06,PAID
1003523,910963,view_item,,10,WINDOWS,user910962@example.com,UNKNOWN,2022-05-26 12:17:33,dark,en,81606,BASIC,Active,2022-03-02 04:18:58,208538,19.99,2025-02-16 02:13:41,
1003525,409255,login,,300,IOS,user409254@example.com,CA,2022-07-16 15:08:09,dark,es,379088,BASIC,Active,,235247,199.99,2024-05-21 10:00:26,FAILED
1003534,430118,logout,2023-04-29 00:48:11,300,,user430117@example.com,CANADA,,dark,,317240,ENTERPRISE,,,763545,19.99,,PENDING
1003535,499584,viewitem,2024-08-24 10:18:59,120,ANDROID,USER499583@@example..com,UK,,dark,,1480928,BASIC,Past Due,2021-09-08 12:06:01,2384806,49.99,,PAID
1003536,606373,error,2024-09-14 18:47:24,300,ANDROID,user606372@example.com,CANADA,2021-04-28 13:12:13,dark,es,88656,PRO,,2023-12-31 07:32:45,343278,nan,,FAILED
1003538,42712,logout,2023-01-01 15:47:06,10,IOS,user42711@example.com,IN,2024-06-13 14:22:10,light,fr,307090,PRO,Canceled,2024-09-14 10:00:25,1899131,49.99,,FAILED
1003539,153384,logout,2024-02-17 10:59:21,300,ANDROID,user153383@example.com,CA,,dark,es,302500,BASIC,,,1424017,49.99,2023-06-20 21:07:47,PAID
1003545,327694,login,,120,,user327693@example.com,US,2020-05-08 20:28:44,light,es,1373298,ENTERPRISE,Active,2025-04-08 02:13:38,1213134,49.99,2021-06-04 03:25:01,FAILED
1003546,218488,purchase,2024-01-06 11:27:47,300,,user218487@example.com,US,,dark,fr,225981,BASIC,Active,,1777891,49.99,,PAID
1003551,214871,logout,,120,WINDOWS,user214870@example.com,UK,,light,es,816365,PRO,Past Due,,2221011,199.99,2024-12-28 21:45:34,PAID
1003553,571021,viewitem,,300,ANDROID,user571020@example.com,UNKNOWN,2021-03-31 09:27:31,dark,fr,286519,BASIC,Past Due,2025-10-31 15:40:35,1537217,19.99,,
1003565,895228,login,,10,ANDROID,user895227@example.com,IN,,dark,en,1460343,BASIC,Past Due,,1091347,49.99,2021-11-20 17:35:09,
1003567,110769,error,,120,ANDROID,user110768@example.com,CA,,dark,fr,726731,ENTERPRISE,Active,2025-03-12 16:57:34,1131447,nan,,PAID
1003573,307656,error,2024-04-05 04:07:38,300,ANDROID,user307655@example.com,UK,2022-04-15 05:24:43,dark,fr,1265632,ENTERPRISE,,2022-01-26 16:37:29,1650911,19.99,2025-08-27 19:39:59,PAID
1003575,310787,error,,10,IOS,user310786@example.com,US,2022-10-03 00:48:57,dark,es,761180,ENTERPRISE,,2024-02-07 07:19:39,1874286,49.99,2025-06-26 19:16:36,
1003578,866846,login,2025-11-03 20:54:37,120,MAC,user866845@example.com,CANADA,2022-12-10 21:29:24,dark,es,380772,ENTERPRISE,Active,,2448527,19.99,,PAID
1003580,509334,login,,120,MAC,user509333@example.com,US,2022-02-25 06:01:17,dark,fr,34598,BASIC,,,2394072,19.99,,PAID
1003582,263562,view_item,2023-12-26 00:33:53,10,ANDROID,user263561@example.com,CA,,dark,fr,1487546,BASIC,Active,,557574,199.99,2025-09-17 22:32:52,
1003587,644223,logout,2023-10-12 00:36:36,120,IOS,user644222@example.com,CA,,light,es,1431435,ENTERPRISE,Active,,1988001,19.99,,FAILED
1003588,508129,viewitem,2024-05-05 19:59:47,120,MAC,user508128@example.com,IN,2020-04-22 06:38:47,dark,fr,95736,ENTERPRISE,Active,,1579723,49.99,2023-01-13 05:30:41,PENDING
1003591,242872,login,2023-01-26 02:10:08,300,WINDOWS,USER242871@@example..com,UK,2020-10-17 02:11:52,light,fr,71229,PRO,Active,,1130124,49.99,,FAILED
1003593,72753,logout,,10,WINDOWS,user72752@example.com,UK,2024-10-05 10:40:04,light,es,1451347,BASIC,Past Due,2022-10-28 20:52:27,939871,199.99,2022-04-18 22:52:46,FAILED
1003599,637464,logout,,120,WINDOWS,user637463@example.com,UK,2020-03-12 15:11:39,light,es,124377,BASIC,Past Due,2025-07-21 00:30:25,172703,49.99,,PAID
1003608,771224,login,,10,ANDROID,user771223@example.com,US,,light,fr,1351285,ENTERPRISE,Canceled,,1775251,49.99,2025-07-16 21:59:45,PAID
1003610,700853,view_item,2025-12-06 13:43:31,120,IOS,user700852@example.com,UNKNOWN,2021-05-13 19:54:14,dark,es,853044,BASIC,Active,,2124808,49.99,2022-04-20 16:23:47,FAILED
1003611,620190,login,2025-04-22 20:33:51,120,IOS,user620189@example.com,US,,dark,fr,861307,BASIC,Active,,2359071,19.99,2025-02-06 12:45:26,
1003612,351795,logout,,300,MAC,user351794@example.com,CANADA,2020-10-08 12:36:24,dark,fr,1147299,PRO,Active,2022-06-23 02:36:38,2055780,49.99,2023-02-12 00:56:18,PENDING
1003613,543035,error,2024-10-23 04:45:34,120,WINDOWS,user543034@example.com,US,,light,fr,622238,PRO,Active,2021-05-13 17:01:45,126596,19.99,,FAILED
1003614,556491,view_item,,10,IOS,user556490@example.com,IN,,dark,fr,434012,PRO,Past Due,2021-04-01 20:23:57,1186916,19.99,2021-07-04 05:51:22,PAID
1003629,440867,logout,,10,WINDOWS,user440866@example.com,UK,,light,es,864649,BASIC,Past Due,2025-05-09 18:19:36,407284,199.99,,FAILED
1003639,923857,error,2025-10-23 01:44:05,300,,user923856@example.com,IN,2023-08-16 04:32:05,light,es,765024,PRO,Active,2023-10-07 02:19:41,2448030,nan,2024-02-15 20:49:36,PAID
1003640,105296,purchase,,300,MAC,user105295@example.com,US,,light,fr,529832,ENTERPRISE,Canceled,,1937580,19.99,,FAILED
1003644,890481,purchase,2024-09-12 12:04:36,120,IOS,user890480@example.com,UK,2021-04-16 12:38:56,light,es,1006052,BASIC,Canceled,,910968,19.99,2021-11-24 20:02:42,FAILED
1003647,628865,login,2024-02-09 07:55:20,120,,user628864@example.com,IN,,dark,fr,1338717,BASIC,Past Due,2023-07-31 14:06:05,1050869,49.99,,
1003651,35862,error,2025-08-14 03:57:20,10,ANDROID,user35861@example.com,CA,2022-04-07 16:11:25,dark,en,1083225,PRO,,2022-07-15 02:18:28,1890815,nan,2023-03-14 13:07:09,FAILED
1003659,641974,logout,,120,IOS,user641973@example.com,UK,,dark,en,1398079,PRO,Active,2022-07-07 07:43:50,36187,49.99,,PAID
1003665,144617,view_item,,120,,user144616@example.com,UK,2022-02-10 00:43:27,light,es,321288,PRO,Past Due,2024-01-21 13:00:49,2303538,49.99,,FAILED
1003679,245006,login,,120,ANDROID,user245005@example.com,UNKNOWN,2020-06-13 21:17:10,dark,,1225463,PRO,,2021-01-18 22:38:47,676471,19.99,,FAILED
1003683,626104,error,2024-01-19 15:38:58,120,MAC,user626103@example.com,UK,2020-05-14 01:43:33,dark,en,490716,BASIC,,2024-02-23 22:24:02,284274,19.99,,PAID
1003685,256836,login,2024-08-01 03:18:02,10,ANDROID,user256835@example.com,CA,,dark,fr,799004,BASIC,Past Due,2024-04-02 16:08:10,1570474,199.99,2023-05-29 15:00:09,FAILED
1003688,360993,login,2023-02-08 17:46:20,10,,user360992@example.com,UNKNOWN,2021-04-12 07:04:11,dark,fr,71083,ENTERPRISE,Past Due,2024-04-26 11:49:04,1996766,199.99,2024-12-06 06:40:15,FAILED
1003692,82598,view_item,,10,WINDOWS,user82597@example.com,UNKNOWN,2025-02-06 17:34:16,dark,,816687,PRO,Canceled,,1342542,nan,2024-04-20 11:09:15,PAID
1003693,618179,login,2025-08-07 13:29:09,300,WINDOWS,user618178@example.com,US,2020-12-15 14:13:16,light,fr,1496464,ENTERPRISE,,2023-10-28 19:36:06,1414796,199.99,,PAID
1003700,971896,view_item,,120,IOS,user971895@example.com,IN,,light,es,607720,BASIC,,2025-08-09 14:44:08,1260413,nan,,FAILED
1003703,991664,view_item,,120,MAC,user991663@example.com,CANADA,,light,en,374012,PRO,Canceled,,675598,49.99,2021-09-07 22:38:48,PAID
1003712,409268,viewitem,,10,IOS,USER409267@@example..com,UK,2022-10-14 04:12:37,light,fr,684737,PRO,,2023-10-02 23:46:35,546888,199.99,,PENDING
1003714,861134,error,2025-11-19 07:24:13,120,IOS,user861133@example.com,US,2025-08-17 14:33:28,dark,,975810,PRO,Active,2024-05-04 07:09:54,93063,19.99,2025-12-10 20:22:39,PAID
1003716,888483,error,,10,IOS,USER888482@@example..com,IN,,dark,fr,1035469,ENTERPRISE,Canceled,2021-07-08 04:18:57,1666838,nan,,FAILED
1003718,755389,error,2024-11-06 20:46:03,10,WINDOWS,USER755388@@example..com,UK,,dark,fr,1090885,PRO,Canceled,2023-06-08 02:32:39,2453924,nan,2021-04-04 14:33:03,PAID
1003719,776995,error,,10,ANDROID,user776994@example.com,UK,,light,es,430819,PRO,Past Due,2021-12-05 08:59:51,2375437,199.99,2025-09-11 15:11:40,
1003720,810763,login,,300,,user810762@example.com,US,2023-05-29 00:42:50,light,en,726806,ENTERPRISE,,,686124,199.99,2025-05-19 04:34:12,
1003721,5804,login,,120,,user5803@example.com,US,2022-09-15 20:38:57,dark,fr,1131584,BASIC,Active,2023-11-25 05:06:51,1751893,199.99,2022-11-11 05:14:22,
1003723,475344,viewitem,2024-07-18 17:40:52,120,ANDROID,user475343@example.com,UK,2020-11-21 21:23:56,dark,fr,1438054,PRO,,,2466016,19.99,,FAILED
1003724,970466,logout,,300,IOS,user970465@example.com,US,,light,fr,1121346,ENTERPRISE,Canceled,,85157,199.99,2024-02-18 01:33:08,
1003736,981566,error,,10,IOS,user981565@example.com,IN,2021-05-05 14:54:22,dark,,501351,ENTERPRISE,,,1642361,49.99,2025-04-27 11:17:14,PENDING
1003743,737229,error,,120,ANDROID,user737228@example.com,UK,,dark,,470016,PRO,Past Due,,1034607,49.99,2025-06-01 06:38:34,FAILED
1003746,493815,purchase,,300,ANDROID,user493814@example.com,US,,dark,en,1104060,PRO,Past Due,2023-02-05 14:26:26,1872105,199.99,,
1003755,26563,view_item,2023-05-31 22:47:02,120,IOS,user26562@example.com,UK,,dark,es,267369,PRO,Canceled,2025-02-11 22:40:23,2158754,19.99,,FAILED
1003759,331709,login,2023-09-11 07:34:32,10,MAC,user331708@example.com,UK,,light,fr,501192,BASIC,Canceled,,276382,49.99,2025-09-13 13:31:08,PENDING
1003766,114858,login,,10,IOS,user114857@example.com,IN,2021-02-21 02:24:05,light,en,1331788,PRO,Canceled,,1719443,nan,2021-11-27 15:41:48,PAID
1003775,661552,logout,2024-11-24 08:50:44,10,IOS,user661551@example.com,UNKNOWN,2025-01-17 08:31:02,dark,fr,959275,BASIC,Active,,1454515,199.99,,PAID
1003780,157188,login,,300,MAC,user157187@example.com,CA,2020-05-20 02:13:36,dark,fr,1389074,PRO,Canceled,,184313,nan,,PAID
1003783,349406,error,2024-07-24 06:33:16,300,MAC,user349405@example.com,IN,2021-10-18 21:17:22,light,fr,201388,PRO,Active,2025-11-02 18:19:40,395559,49.99,,PAID
1003792,824813,error,,10,ANDROID,user824812@example.com,UK,2025-11-22 11:57:27,dark,fr,1475035,BASIC,Active,2021-01-01 03:05:27,834326,nan,2021-03-14 02:50:31,PAID
1003796,163042,purchase,2023-08-18 12:25:05,300,IOS,user163041@example.com,UNKNOWN,,light,en,430115,PRO,Active,2024-10-30 15:59:03,1240166,199.99,,PENDING
1003797,595611,view_item,,120,ANDROID,USER595610@@example..com,CA,2024-02-11 10:15:53,light,es,718972,PRO,,,280579,49.99,,FAILED
1003798,393633,login,,10,MAC,user393632@example.com,IN,,light,en,1337277,BASIC,Canceled,2023-04-26 10:05:09,1128124,19.99,2025-05-12 21:41:06,
1003800,422922,error,,120,IOS,user422921@example.com,IN,,light,fr,1400645,PRO,Canceled,,1461763,19.99,2024-12-01 01:26:47,
1003801,950830,login,,10,IOS,user950829@example.com,UNKNOWN,2021-12-30 02:31:41,dark,fr,1397959,PRO,Active,2023-09-16 05:18:12,2373366,49.99,2024-11-28 02:44:13,PAID
1003803,847268,logout,,120,ANDROID,user847267@example.com,UK,2022-01-18 05:29:18,dark,es,598165,ENTERPRISE,Past Due,,312563,199.99,,FAILED
1003806,466502,logout,2025-08-05 11:35:36,120,IOS,user466501@example.com,UK,,dark,es,886254,PRO,Active,,715198,nan,2024-03-07 09:43:32,PENDING
1003819,980645,error,,120,IOS,user980644@example.com,CA,2023-10-16 05:29:45,light,fr,798538,BASIC,Active,2021-03-06 01:21:57,1658197,19.99,2022-02-28 03:18:36,PENDING
1003837,522775,view_item,,300,IOS,user522774@example.com,US,,dark,fr,1016334,ENTERPRISE,Canceled,2022-01-15 17:58:20,2438984,199.99,2025-08-19 15:16:57,PENDING
1003838,790175,logout,2024-07-14 21:49:43,10,WINDOWS,user790174@example.com,IN,2025-08-13 03:57:29,dark,en,521126,BASIC,Active,2024-04-22 10:21:55,1363311,199.99,,
1003841,246779,logout,,120,,user246778@example.com,US,,light,fr,31641,ENTERPRISE,Past Due,2023-11-09 12:44:02,505681,19.99,2025-07-30 16:43:17,FAILED
1003843,453532,login,2024-01-02 21:49:05,10,MAC,user453531@example.com,CA,,light,es,108465,ENTERPRISE,Canceled,2022-11-18 18:35:54,736657,49.99,,PAID
1003851,316021,purchase,2024-08-11 00:04:38,10,ANDROID,user316020@example.com,CANADA,,dark,,126964,PRO,Canceled,,230061,49.99,2025-02-01 20:34:56,PENDING
1003856,776220,login,,300,MAC,user776219@example.com,UNKNOWN,,light,fr,179550,PRO,Active,,1811175,49.99,2021-11-01 01:37:35,PAID
1003858,173738,logout,,120,ANDROID,user173737@example.com,CA,2020-12-07 04:22:01,dark,en,165631,BASIC,,2023-08-16 08:03:27,1043120,19.99,,PENDING
1003859,593589,logout,2025-01-06 07:22:48,10,WINDOWS,user593588@example.com,US,,dark,es,1366206,ENTERPRISE,Canceled,2023-10-03 04:39:45,195497,199.99,,PAID
1003861,751110,error,,10,MAC,user751109@example.com,IN,,light,fr,666021,ENTERPRISE,Past Due,2022-05-27 05:37:58,782900,199.99,,PAID
1003873,739911,purchase,,10,,user739910@example.com,UK,,light,en,1255773,PRO,Active,,2176241,19.99,2025-05-25 12:15:42,
1003876,508801,login,2023-08-25 02:16:07,120,IOS,USER508800@@example..com,US,,dark,es,413347,ENTERPRISE,Active,2024-03-26 11:19:00,1671503,19.99,,FAILED
1003882,275976,viewitem,,120,MAC,USER275975@@example..com,UK,,light,en,1331240,BASIC,Past Due,,773928,49.99,2022-01-03 22:58:15,PAID
1003894,744952,view_item,,120,IOS,user744951@example.com,UNKNOWN,,dark,es,224639,PRO,Active,2025-03-15 07:14:26,492991,nan,2021-04-15 00:27:36,FAILED
1003898,628509,purchase,2023-07-01 20:04:57,300,ANDROID,user628508@example.com,IN,2020-08-05 17:39:50,dark,es,814148,ENTERPRISE,Past Due,2022-07-21 21:22:17,282537,49.99,,
