event_id,customer_id,event_type,timestamp,session_length_sec,device_os,email,country,signup_date,metadata_json,sub_id,plan_name,status,start_date,invoice_id,amount,billing_date,payment_status
790412,68447,purchase,14-01-2023,-50,Windows,user68446@example.com,Canada,05-06-2025,"{""theme"": ""light"", ""lang"": ""en""}",1463807.0,Enterprise,Past Due,2022/10/26 16:11:58,,,,
492671,376485,ViewItem,2023-01-13T02:14:04,-50,Android,user376484@example.com,U.S.,2020/02/04 19:21:45,"{""theme"": ""light"", ""lang"": ""fr""}",245441.0,  Enterprise,Canceled,,,,,
529942,108075,LOGIN ,2024/06/17 04:40:03,120,ios,user108074@example.com,U.S.,29-04-2025,"{""theme"": ""dark"", ""lang"": ""es""}",,,,,,,,
91877,155616,LOGIN ,2025-12-29T23:53:07,99999,ios,user155615@example.com,uk,2025/08/17 15:39:06,"{""theme"": ""light"", ""lang"": ""fr""}",,,,,,,,
540545,76716,logout,2024-05-19T19:29:23,null,Windows,user76715@example.com,uk,2023/12/04 17:59:43,"{""theme"": ""dark"", ""lang"": ""fr""}",425347.0,Pro,,2025-10-15T20:53:39,,,,
194689,709290,ViewItem,2023/04/12 06:54:29,NaN,Android,user709289@example.com,CA,2024/06/15 17:08:20,"{""theme"": ""light"", ""lang"": ""en""}",628542.0,Basic,,2025/04/04 07:55:35,,,,
123373,889567,login,,10,Android,user889566@example.com,IN,01/11/2021,"{""theme"": ""light"", ""lang"": ""fr""}",,,,,,,,
381413,981094,login,09/20/2024,null,ios,user981093@example.com,IN,2022-08-23T18:50:26,"{""theme"": ""dark"", ""lang""",,,,,,,,
474989,890640,LOGIN ,2023-11-18T23:06:41,99999,ios,user890639@example.com,India,2023/09/16 08:32:01,"{""theme"": ""light"", ""lang"": ""fr""}",1048613.0,Pro,active,,,,,
138553,62968,purchase,01/28/2025,null,,user62967@example.com,CA,,"{""theme"": ""light"", ""lang"": ""en""}",1296459.0,Pro,Past Due,13-10-2024,,,,
402060,643068,purchase,07-07-2023,-50,ios,user643067@example.com,Canada,09/25/2024,"{""theme"": ""light"", ""lang"": ""es""}",95080.0,PRO,,24-12-2023,,,,
935800,807957,purchase,2025-12-29T04:31:23,NaN,Android,user807956@example.com,IN,2022-06-09T22:34:08,"{""theme"": ""dark"", ""lang"": ""en""}",510589.0,PRO,active,2021-01-26T00:23:24,,,,
220385,910175,LOGIN ,2024/08/20 09:50:50,null,android,user910174@example.com,US,01/25/2025,"{""theme"": ""dark"", ""lang"": ""en""}",806072.0,PRO,active,02-04-2023,,,,
395687,661349,ViewItem,2023-07-08T22:23:31,-50,ios,user661348@example.com,Canada,2021/10/04 02:41:30,"{""theme"": ""light"", ""lang"": ""fr""}",696527.0,Pro,,2022/11/02 06:40:15,,,,
889080,439604,purchase,,NaN,Android,user439603@example.com,India,04/08/2022,"{""theme"": ""light"", ""lang"": ""en""}",,,,,,,,
467783,850520,login,2023-03-02T05:18:15,99999,Android,user850519@example.com,uk,2021-05-29T04:12:02,"{""theme"": ""light"", ""lang"": ""es""}",667609.0,basic ,Active,2023-02-06T21:52:57,,,,
538930,401413,purchase,2024/07/09 14:55:24,300,Windows,user401412@example.com,India,,"{""theme"": ""dark"", ""lang"": ""en""}",279167.0,Basic,active,2024-07-09T09:19:22,,,,
652946,81308,error,2025-01-18T01:06:27,NaN,Mac,user81307@example.com,IN,2023/05/09 21:41:22,"{""theme"": ""light"", ""lang"": ""en""}",,,,,,,,
439721,931451,error,09/02/2025,NaN,Android,user931450@example.com,US,,"{""theme"": ""light"", ""lang"": ""es""}",1423688.0,basic ,active,2022/02/19 20:50:50,,,,
693569,74840,logout,2023-02-08T04:21:52,120,android,user74839@example.com,CA,2024/08/01 16:52:00,"{""theme"": ""light"", ""lang"": ""en""}",326922.0,basic ,Past Due,,,,,
585538,88738,logout,2025/10/04 06:39:40,120,,user88737@example.com,UK,03/15/2020,"{""theme"": ""light"", ""lang"": ""en""}",701030.0,Basic,,2025-10-04T22:09:44,,,,
420856,369527,LOGIN ,18-06-2023,120,ios,user369526@example.com,CA,2021/06/28 21:53:31,"{""theme"": ""light"", ""lang"": ""fr""}",6839.0,Pro,active,2021/05/23 07:34:14,,,,
504444,417677,view_item,2024-04-06T20:14:09,-50,iOS,USER417676@@example..com,U.S.,11-01-2022,"{""theme"": ""light"", ""lang"": ""fr""}",295438.0,Pro,Past Due,2024/06/27 19:39:01,,,,
249836,381360,login,19-12-2023,99999,android,user381359@example.com,UK,2022-12-06T14:37:48,"{""theme"": ""dark"", ""lang"": ""en""}",635214.0,Pro,,07/19/2024,,,,
168509,563575,view_item,2024/02/17 05:44:08,-50,Mac,user563574@example.com,CA,2020-03-01T11:10:21,"{""theme"": ""dark"", ""lang"": ""en""}",103041.0,Pro,active,2023/01/31 08:01:06,,,,
699125,362878,ViewItem,2023-06-12T09:55:03,300,android,user362877@example.com,UK,22-08-2025,"{""theme"": ""dark"", ""lang"": ""en""}",,,,,,,,
608779,236477,login,26-08-2023,null,ios,user236476@example.com,U.S.,03/08/2023,"{""theme"": ""dark"", ""lang"": ""fr""}",,,,,,,,
54549,830480,error,06/17/2023,NaN,ios,user830479@example.com,US,2023-01-18T00:07:20,"{""theme"": ""dark"", ""lang"": ""es""}",452223.0,Enterprise,,2023-08-22T21:23:01,,,,
390413,3237,view_item,2025/06/24 08:21:20,10,Android,user3236@example.com,U.S.,2021/09/28 05:24:34,"{""theme"": ""light"", ""lang"": ""fr""}",,,,,,,,
202626,59861,LOGIN ,2025-12-12T19:14:32,-50,,user59860@example.com,US,2024-03-31T14:24:36,"{""theme"": ""light"", ""lang"": ""en""}",,,,,,,,
509631,519158,view_item,,-50,,user519157@example.com,India,2020-12-12T19:49:39,"{""theme"": ""light"", ""lang"": ""fr""}",99595.0,Basic,Canceled,08-11-2023,,,,
970485,757954,logout,,10,Mac,user757953@example.com,IN,2023-04-08T17:23:28,"{""theme"": ""dark"", ""lang"": ""en""}",,,,,,,,
637637,693488,error,2024-04-01T07:37:56,300,Android,user693487@example.com,Canada,2022/08/25 09:57:17,"{""theme"": ""dark"", ""lang""",,,,,,,,
45636,390927,view_item,12/05/2024,120,Android,user390926@example.com,uk,12/09/2023,"{""theme"": ""dark"", ""lang"": ""es""}",,,,,,,,
994082,216004,error,10/04/2025,120,ios,user216003@example.com,Canada,13-09-2024,"{""theme"": ""dark"", ""lang"": ""fr""}",,,,,,,,
119243,821597,logout,02-11-2025,-50,Windows,user821596@example.com,Canada,2024/05/09 06:59:17,"{""theme"": ""dark"", ""lang"": ""fr""}",,,,,,,,
666719,380623,login,2024-05-29T21:49:20,null,iOS,user380622@example.com,IN,2021/07/01 14:30:31,"{""theme"": ""dark"", ""lang"": ""en""}",391140.0,PRO,,03/22/2022,,,,
488519,542356,error,2023/11/25 16:07:26,NaN,android,user542355@example.com,US,04-02-2022,"{""theme"": ""light"", ""lang"": ""es""}",890870.0,Pro,Canceled,2025-05-14T04:13:04,,,,
183556,907413,logout,2024-06-02T13:09:59,-50,Windows,user907412@example.com,UK,31-07-2022,"{""theme"": ""dark"", ""lang"": ""fr""}",,,,,,,,
89076,623922,error,2023-10-22T02:31:03,null,iOS,user623921@example.com,,2022/07/07 09:52:41,"{""theme"": ""dark"", ""lang"": ""en""}",,,,,,,,
681539,739529,purchase,11-11-2024,NaN,Windows,user739528@example.com,U.S.,2021-05-03T19:18:25,"{""theme"": ""dark"", ""lang"": ""es""}",1243543.0,Basic,,2021-04-14T03:34:07,,,,
318757,882531,login,,300,Mac,user882530@example.com,US,2025-11-30T08:33:48,"{""theme"": ""dark"", ""lang"": ""es""}",1027030.0,PRO,Active,04/13/2025,,,,
663760,490074,ViewItem,2025/12/26 10:59:15,99999,iOS,user490073@example.com,UK,2024-06-23T10:08:48,"{""theme"": ""dark"", ""lang""",592886.0,Pro,Past Due,06-01-2021,,,,
930962,651812,LOGIN ,02/28/2025,-50,ios,user651811@example.com,U.S.,2021-01-12T08:22:39,"{""theme"": ""dark"", ""lang"": ""fr""}",1034948.0,Basic,Canceled,2025/03/12 00:25:39,,,,
559354,721873,view_item,,10,android,USER721872@@example..com,US,2025-04-17T04:34:07,"{""theme"": ""dark"", ""lang"": ""es""}",94575.0,Pro,active,2022-12-25T10:04:31,,,,
948239,984368,ViewItem,2023/02/09 12:22:03,300,Mac,user984367@example.com,,2024-10-04T00:44:14,"{""theme"": ""dark"", ""lang"": ""fr""}",257341.0,  Enterprise,Active,09/02/2023,,,,
423362,679036,view_item,2023/10/19 04:33:23,null,iOS,user679035@example.com,,2023/09/17 23:43:13,"{""theme"": ""light"", ""lang"": ""en""}",696460.0,Enterprise,Past Due,,,,,
916103,164178,purchase,2024-03-13T00:08:56,120,ios,user164177@example.com,uk,2024/07/29 03:51:09,"{""theme"": ""dark"", ""lang""",402754.0,Pro,Active,2024/11/01 08:09:57,,,,
674476,818323,ViewItem,21-10-2024,10,Windows,user818322@example.com,India,2022-10-15T20:18:23,"{""theme"": ""dark"", ""lang"": ""es""}",1332564.0,basic ,Past Due,2022/06/20 04:54:47,,,,
829357,931246,view_item,12/19/2023,NaN,Mac,user931245@example.com,CA,,"{""theme"": ""light"", ""lang"": ""fr""}",949905.0,basic ,,2021-02-21T03:31:15,,,,
38281,343289,logout,2025-05-19T17:46:20,300,,user343288@example.com,India,08/17/2022,"{""theme"": ""dark"", ""lang"": ""en""}",,,,,,,,
490475,189473,login,2023/11/26 21:12:21,10,android,user189472@example.com,Canada,09/21/2025,"{""theme"": ""dark"", ""lang"": ""es""}",,,,,,,,
768032,303898,logout,2025/03/06 03:09:39,NaN,Windows,user303897@example.com,UK,2025-10-23T04:24:57,"{""theme"": ""dark"", ""lang"": ""en""}",169120.0,Basic,active,2023/01/24 09:02:08,,,,
631222,684403,view_item,2023-04-25T01:33:38,10,Windows,user684402@example.com,uk,04-10-2023,"{""theme"": ""dark"", ""lang"": ""es""}",,,,,,,,
870919,568594,logout,2025-07-25T18:59:13,99999,ios,user568593@example.com,CA,01/03/2022,"{""theme"": ""light"", ""lang"": ""fr""}",,,,,,,,
866494,681497,error,26-01-2025,NaN,iOS,user681496@example.com,,2022/02/10 10:58:48,"{""theme"": ""dark"", ""lang"": ""es""}",199776.0,Pro,Canceled,11-08-2024,,,,
393774,104141,login,31-03-2023,120,Windows,USER104140@@example..com,CA,01/28/2025,"{""theme"": ""light"", ""lang"": ""en""}",280594.0,basic ,Past Due,2021/11/21 06:36:56,,,,
267975,415791,purchase,09/05/2023,null,Android,user415790@example.com,Canada,2022/07/08 05:01:36,"{""theme"": ""dark"", ""lang""",64308.0,basic ,active,2022-02-24T21:51:59,,,,
531919,174970,error,2023-12-06T17:23:41,300,android,user174969@example.com,UK,2021/06/18 01:56:13,"{""theme"": ""dark"", ""lang"": ""fr""}",,,,,,,,
220519,956760,logout,2025/03/23 04:45:27,-50,,user956759@example.com,CA,23-02-2023,"{""theme"": ""dark"", ""lang"": ""fr""}",1191790.0,Basic,Canceled,11/23/2021,,,,
144439,513906,logout,2024/07/28 07:26:39,120,iOS,user513905@example.com,CA,2025/02/18 20:55:59,"{""theme"": ""light"", ""lang"": ""es""}",,,,,,,,
806873,60829,view_item,2025-05-27T01:29:09,10,android,user60828@example.com,UK,2023/10/06 14:32:52,"{""theme"": ""light"", ""lang"": ""es""}",,,,,,,,
544877,359130,view_item,04/07/2024,10,android,user359129@example.com,,2021/04/29 01:34:10,"{""theme"": ""dark"", ""lang"": ""es""}",,,,,,,,
408755,287236,LOGIN ,28-07-2023,null,iOS,user287235@example.com,CA,,"{""theme"": ""dark"", ""lang"": ""en""}",753494.0,Enterprise,,11/29/2022,,,,
394302,50427,LOGIN ,2025/08/09 12:35:36,-50,android,user50426@example.com,uk,01/14/2021,"{""theme"": ""dark"", ""lang"": ""en""}",429170.0,Enterprise,,2025-09-06T02:21:21,,,,
536457,626685,purchase,07/31/2023,10,Mac,USER626684@@example..com,,2022/07/30 11:19:46,"{""theme"": ""light"", ""lang"": ""es""}",1233527.0,Basic,Past Due,2024/06/05 10:03:46,,,,
955988,671357,ViewItem,29-03-2023,300,,user671356@example.com,US,02/08/2021,"{""theme"": ""dark"", ""lang"": ""es""}",,,,,,,,
148821,294497,view_item,2023-03-03T19:21:30,null,Windows,user294496@example.com,IN,07/21/2023,"{""theme"": ""dark"", ""lang"": ""en""}",429045.0,Enterprise,active,2023/06/23 14:55:47,,,,
284465,264027,purchase,08/19/2024,null,Windows,user264026@example.com,CA,2025-09-18T03:10:29,"{""theme"": ""dark"", ""lang"": ""es""}",836787.0,Enterprise,,2022-12-02T21:59:35,,,,
339988,405396,logout,2025-09-16T01:27:45,99999,iOS,user405395@example.com,uk,2021-07-28T23:28:56,"{""theme"": ""dark"", ""lang"": ""fr""}",121074.0,PRO,active,2025-06-04T00:01:29,,,,
703553,487603,error,21-02-2024,null,ios,user487602@example.com,U.S.,2023-12-16T02:09:20,"{""theme"": ""light"", ""lang"": ""fr""}",727579.0,PRO,active,2021-12-11T11:59:43,,,,
685711,870623,logout,2023-02-28T00:28:35,NaN,,user870622@example.com,CA,03/01/2022,"{""theme"": ""dark"", ""lang"": ""en""}",592279.0,Basic,active,15-10-2025,,,,
443979,354730,login,2023-08-12T07:16:15,120,android,user354729@example.com,uk,09-02-2023,"{""theme"": ""light"", ""lang"": ""fr""}",576399.0,Enterprise,active,07-11-2024,,,,
116791,256624,logout,2023-06-03T13:01:03,-50,iOS,user256623@example.com,U.S.,03-02-2024,"{""theme"": ""dark"", ""lang"": ""es""}",,,,,,,,
246949,455921,LOGIN ,2025/05/27 07:48:00,NaN,Mac,USER455920@@example..com,US,2023-09-17T09:40:36,"{""theme"": ""light"", ""lang"": ""es""}",27261.0,  Enterprise,Past Due,2023-08-30T01:39:51,,,,
309847,786949,login,2025/02/25 06:31:50,300,Windows,user786948@example.com,India,11/08/2020,"{""theme"": ""dark"", ""lang"": ""es""}",199105.0,PRO,Past Due,21-03-2025,,,,
566444,507251,ViewItem,01/09/2023,99999,iOS,user507250@example.com,U.S.,2025/11/25 21:31:04,"{""theme"": ""dark"", ""lang"": ""en""}",469206.0,Pro,Past Due,2025/05/07 00:57:05,,,,
718732,876835,error,07/11/2023,-50,ios,user876834@example.com,CA,2021-03-31T12:12:22,"{""theme"": ""dark"", ""lang"": ""es""}",,,,,,,,
790726,738061,login,19-03-2024,300,Android,user738060@example.com,India,2024-05-28T19:55:35,"{""theme"": ""light"", ""lang"": ""en""}",461332.0,PRO,Active,2024-07-01T12:14:58,,,,
578883,13795,view_item,2025-06-25T08:30:46,-50,android,user13794@example.com,India,2023/03/04 01:28:44,"{""theme"": ""dark"", ""lang"": ""es""}",,,,,,,,
849152,600193,purchase,2024-08-25T16:37:19,10,android,user600192@example.com,CA,2020-03-24T05:33:53,"{""theme"": ""dark"", ""lang"": ""fr""}",1278004.0,Enterprise,,10/12/2025,,,,
551151,175941,purchase,19-03-2025,10,Mac,user175940@example.com,UK,09/10/2021,"{""theme"": ""dark"", ""lang"": ""en""}",200300.0,PRO,Past Due,29-12-2025,,,,
257447,956140,purchase,2024/06/28 12:41:29,null,Mac,user956139@example.com,IN,2020/07/12 21:11:37,"{""theme"": ""light"", ""lang"": ""en""}",203719.0,  Enterprise,Past Due,2025-10-12T12:33:16,,,,
977773,307984,ViewItem,10/04/2025,null,android,user307983@example.com,IN,2021-05-29T23:58:01,"{""theme"": ""light"", ""lang"": ""es""}",,,,,,,,
126990,597069,purchase,01/26/2025,99999,,user597068@example.com,US,08-01-2024,"{""theme"": ""dark"", ""lang"": ""fr""}",1122099.0,Basic,Canceled,03/19/2022,,,,
857626,311305,purchase,,-50,Windows,user311304@example.com,U.S.,2025-11-15T08:12:04,"{""theme"": ""dark"", ""lang""",183226.0,  Enterprise,Canceled,07/14/2022,,,,
512173,302647,logout,2023-05-01T10:42:40,99999,iOS,user302646@example.com,IN,06-05-2023,"{""theme"": ""light"", ""lang"": ""es""}",1210860.0,Pro,active,2024/03/03 09:46:36,,,,
428534,418452,purchase,07/13/2025,null,ios,user418451@example.com,India,2023-02-19T17:57:57,"{""theme"": ""dark"", ""lang"": ""es""}",,,,,,,,
268946,251239,view_item,2023-01-12T08:37:56,99999,Android,USER251238@@example..com,US,2023/02/20 06:13:45,"{""theme"": ""light"", ""lang"": ""fr""}",557956.0,Enterprise,Past Due,14-02-2021,,,,
625887,288278,view_item,2023-03-27T15:37:11,120,Mac,user288277@example.com,UK,20-04-2024,"{""theme"": ""dark"", ""lang"": ""fr""}",398087.0,  Enterprise,Active,2024-08-31T00:11:02,,,,
163763,624679,ViewItem,15-03-2025,NaN,Android,user624678@example.com,India,2024-08-17T17:09:07,"{""theme"": ""light"", ""lang"": ""en""}",217270.0,Basic,,2025/10/20 07:05:37,,,,
567289,191857,logout,2023-06-22T18:32:54,120,,user191856@example.com,Canada,2022-04-15T05:18:53,"{""theme"": ""dark"", ""lang"": ""es""}",740657.0,  Enterprise,Past Due,09/18/2021,,,,
804190,33534,ViewItem,19-11-2025,-50,ios,user33533@example.com,IN,2024-02-27T05:24:12,"{""theme"": ""light"", ""lang"": ""fr""}",504461.0,PRO,active,07/04/2024,,,,
894616,912854,login,2023/12/21 21:01:14,99999,,user912853@example.com,Canada,24-04-2020,"{""theme"": ""dark"", ""lang"": ""en""}",56592.0,Basic,Canceled,2022/04/22 12:21:41,,,,
197244,844120,error,2025-07-13T21:48:20,null,iOS,USER844119@@example..com,UK,2023-11-03T15:38:14,"{""theme"": ""light"", ""lang"": ""fr""}",1355454.0,Pro,,2024-06-14T20:30:38,,,,
134967,411752,login,07/27/2025,10,iOS,user411751@example.com,US,2024-01-07T11:44:52,"{""theme"": ""dark"", ""lang""",1146428.0,Pro,Active,07/25/2025,,,,
826297,567997,logout,,300,ios,user567996@example.com,UK,2023-07-31T21:57:33,"{""theme"": ""light"", ""lang"": ""en""}",,,,,,,,
858852,995610,login,2025-05-21T13:19:32,-50,Mac,user995609@example.com,CA,05/24/2022,"{""theme"": ""light"", ""lang"": ""es""}",,,,,,,,
812408,621782,error,08/23/2024,99999,Android,user621781@example.com,IN,11/25/2024,"{""theme"": ""light"", ""lang"": ""en""}",1174085.0,basic ,active,2025-04-04T20:46:44,,,,
902415,900047,ViewItem,04-03-2023,null,Android,user900046@example.com,IN,2020-01-25T13:06:52,"{""theme"": ""light"", ""lang"": ""fr""}",649092.0,PRO,,2024-04-03T02:52:55,,,,
376183,600061,view_item,2023/09/06 06:48:49,120,Windows,user600060@example.com,uk,2024-11-03T20:44:22,"{""theme"": ""light"", ""lang"": ""fr""}",,,,,,,,
48361,638802,login,2025-03-23T01:45:27,300,Windows,user638801@example.com,uk,01/07/2024,"{""theme"": ""dark"", ""lang"": ""es""}",,,,,,,,
262536,589890,login,2025-11-05T12:00:41,-50,android,user589889@example.com,CA,2020-06-02T12:49:50,"{""theme"": ""dark"", ""lang"": ""es""}",,,,,,,,
969611,941507,view_item,2023-11-07T04:32:14,-50,Windows,user941506@example.com,uk,2023-02-11T06:02:19,"{""theme"": ""light"", ""lang"": ""en""}",718850.0,Enterprise,Canceled,2024-04-11T02:13:23,,,,
832761,169040,login,2025-04-02T07:09:58,NaN,Mac,user169039@example.com,U.S.,07-04-2020,"{""theme"": ""dark"", ""lang""",,,,,,,,
849388,870281,ViewItem,2023-12-07T13:17:56,-50,iOS,user870280@example.com,US,18-10-2021,"{""theme"": ""light"", ""lang"": ""es""}",,,,,,,,
285791,791210,purchase,,300,,user791209@example.com,India,01/28/2023,"{""theme"": ""dark"", ""lang"": ""fr""}",,,,,,,,
265632,472919,view_item,06/19/2023,99999,Mac,user472918@example.com,UK,08/08/2025,"{""theme"": ""dark"", ""lang""",,,,,,,,
830238,779021,LOGIN ,09/12/2024,300,iOS,user779020@example.com,US,27-09-2020,"{""theme"": ""light"", ""lang"": ""es""}",82266.0,PRO,Canceled,10-12-2024,,,,
61254,345987,logout,14-06-2025,null,Windows,user345986@example.com,,29-03-2025,"{""theme"": ""dark"", ""lang"": ""fr""}",857304.0,basic ,Active,02/09/2021,,,,
526935,217910,login,2024-01-24T14:59:24,-50,,user217909@example.com,US,2022/08/27 11:35:21,"{""theme"": ""dark"", ""lang"": ""fr""}",842558.0,Pro,,2021-12-20T02:19:04,,,,
625047,237041,login,2023-01-18T02:44:08,10,Android,user237040@example.com,Canada,2025-08-09T03:49:37,"{""theme"": ""light"", ""lang"": ""es""}",1495401.0,Basic,Past Due,2023-08-13T04:08:03,,,,
673394,129015,LOGIN ,2025-07-30T17:33:38,null,Mac,user129014@example.com,,2021-03-21T10:54:02,"{""theme"": ""dark"", ""lang"": ""en""}",807910.0,Enterprise,,2021-10-09T05:21:24,,,,
882490,736289,error,2025-12-14T10:33:13,300,Windows,user736288@example.com,IN,11/25/2023,"{""theme"": ""dark"", ""lang"": ""fr""}",111527.0,Basic,Past Due,07/03/2025,,,,
724199,422248,LOGIN ,2025-12-18T22:54:33,300,,user422247@example.com,CA,2025/05/03 12:45:27,"{""theme"": ""light"", ""lang"": ""fr""}",215829.0,Pro,Canceled,04/02/2022,,,,
244039,61411,purchase,2025-09-04T19:47:05,-50,android,user61410@example.com,U.S.,2021/12/06 15:15:21,"{""theme"": ""dark"", ""lang"": ""en""}",,,,,,,,
770836,600144,error,07/09/2023,10,ios,user600143@example.com,CA,2023-03-23T19:43:35,"{""theme"": ""dark"", ""lang""",333320.0,Pro,Past Due,2025/07/12 21:56:01,,,,
992395,824110,view_item,18-07-2024,300,iOS,USER824109@@example..com,IN,05-03-2022,"{""theme"": ""light"", ""lang"": ""en""}",,,,,,,,
395,33837,error,31-01-2025,NaN,Windows,user33836@example.com,Canada,2023-02-27T07:03:56,"{""theme"": ""light"", ""lang"": ""es""}",35220.0,Basic,Active,06/13/2021,,,,
362623,324479,view_item,14-01-2025,-50,Mac,user324478@example.com,U.S.,,"{""theme"": ""dark"", ""lang"": ""en""}",,,,,,,,
452372,533832,ViewItem,2023-10-18T14:51:28,120,android,user533831@example.com,Canada,2021/08/18 11:53:56,"{""theme"": ""dark"", ""lang"": ""es""}",500718.0,Basic,Canceled,10-06-2021,,,,
609445,364881,purchase,2023-08-06T23:27:03,10,android,user364880@example.com,India,2024-01-10T13:54:05,"{""theme"": ""dark"", ""lang""",53391.0,  Enterprise,active,10/22/2021,,,,
297263,564158,error,2023-10-03T20:35:51,10,Android,user564157@example.com,India,07/20/2021,"{""theme"": ""dark"", ""lang"": ""fr""}",982597.0,Enterprise,active,06/04/2025,,,,
483827,707629,purchase,,NaN,iOS,user707628@example.com,,2022/10/12 15:14:30,"{""theme"": ""dark"", ""lang"": ""fr""}",594522.0,basic ,active,2023-11-15T13:03:45,,,,
183125,139474,logout,19-07-2023,99999,,user139473@example.com,IN,01/28/2022,"{""theme"": ""light"", ""lang"": ""fr""}",1154093.0,PRO,,04-07-2023,,,,
950647,932999,login,2023-10-20T17:38:18,300,Android,user932998@example.com,U.S.,08/25/2022,"{""theme"": ""light"", ""lang"": ""es""}",1024882.0,  Enterprise,active,09/23/2021,,,,
122572,651169,error,2025-06-06T14:52:21,99999,ios,user651168@example.com,CA,2024/03/13 16:46:07,"{""theme"": ""light"", ""lang"": ""fr""}",,,,,,,,
555414,704069,logout,29-03-2024,-50,ios,USER704068@@example..com,India,2021/08/27 02:04:58,"{""theme"": ""dark"", ""lang"": ""fr""}",1062079.0,basic ,Canceled,2021-12-07T03:25:22,,,,
175423,495429,login,2025/09/19 16:10:02,120,Windows,user495428@example.com,UK,2021-12-02T19:40:33,"{""theme"": ""dark"", ""lang"": ""en""}",172413.0,Basic,Active,2023-04-20T15:35:34,,,,
487180,347467,login,2024-06-11T23:41:25,10,Windows,user347466@example.com,uk,2024/08/27 13:39:03,"{""theme"": ""light"", ""lang"": ""es""}",743435.0,Enterprise,active,29-07-2022,,,,
405430,367282,login,2025/07/18 03:31:10,-50,Mac,user367281@example.com,UK,2024-09-09T17:19:23,"{""theme"": ""dark"", ""lang"": ""en""}",154547.0,PRO,Active,2022-10-18T09:23:11,,,,
733926,264762,purchase,2023/08/05 11:39:12,300,Mac,user264761@example.com,IN,2021-12-15T10:39:00,"{""theme"": ""light"", ""lang"": ""en""}",774891.0,  Enterprise,Canceled,2023-01-17T07:37:52,,,,
57282,403471,error,2025-12-15T03:37:54,null,Mac,user403470@example.com,IN,2023-03-18T19:07:11,"{""theme"": ""light"", ""lang"": ""fr""}",471080.0,Pro,Active,2024/02/18 03:12:28,,,,
152493,866636,ViewItem,2025-08-31T05:27:51,300,ios,user866635@example.com,IN,09/27/2022,"{""theme"": ""dark"", ""lang"": ""es""}",622291.0,PRO,Past Due,23-07-2021,,,,
372471,471842,logout,2025-06-05T02:32:20,300,android,user471841@example.com,,2023-02-02T21:43:31,"{""theme"": ""light"", ""lang"": ""fr""}",678491.0,Pro,active,29-06-2025,,,,
741493,557763,logout,2023-05-01T19:59:14,120,iOS,user557762@example.com,UK,2023-11-20T20:12:06,"{""theme"": ""dark"", ""lang"": ""en""}",1490112.0,  Enterprise,Canceled,01/28/2022,,,,
26759,724555,view_item,2023-05-24T01:59:16,300,Windows,user724554@example.com,India,05/01/2023,"{""theme"": ""light"", ""lang"": ""es""}",738234.0,Enterprise,Past Due,2022-09-17T18:41:45,,,,
433243,819920,purchase,2023/06/27 09:40:22,NaN,Windows,user819919@example.com,IN,2023-08-10T04:04:01,"{""theme"": ""dark"", ""lang"": ""fr""}",96261.0,Pro,,2022-01-27T17:36:28,,,,
880565,608928,logout,29-03-2023,120,Android,user608927@example.com,UK,2021/02/10 06:18:50,"{""theme"": ""light"", ""lang"": ""en""}",,,,,,,,
565571,727543,ViewItem,25-01-2025,10,Mac,user727542@example.com,,,"{""theme"": ""dark"", ""lang"": ""es""}",24136.0,Basic,active,08/16/2023,,,,
95071,430268,error,,99999,Mac,user430267@example.com,UK,2023-02-16T09:20:27,"{""theme"": ""dark"", ""lang"": ""en""}",302614.0,Enterprise,Canceled,2022-11-18T02:59:03,,,,
394328,559464,error,2023-02-19T09:28:49,10,,user559463@example.com,U.S.,29-06-2024,"{""theme"": ""light"", ""lang"": ""fr""}",1091521.0,basic ,active,2025-01-21T10:18:44,,,,
777258,601769,purchase,2023/09/03 05:44:42,99999,android,user601768@example.com,uk,2021/12/14 11:38:11,"{""theme"": ""dark"", ""lang"": ""es""}",843238.0,PRO,active,04-12-2024,,,,
77848,651992,error,2024-02-27T06:12:57,-50,android,user651991@example.com,Canada,04-03-2025,"{""theme"": ""dark"", ""lang"": ""en""}",981688.0,Basic,active,2023/12/31 02:53:58,,,,
670916,376848,error,30-10-2025,10,Mac,user376847@example.com,CA,2024-05-20T18:22:20,"{""theme"": ""light"", ""lang"": ""en""}",14532.0,Basic,Past Due,17-09-2021,,,,
173231,405191,login,2024-06-01T14:31:35,NaN,android,user405190@example.com,UK,08/17/2022,"{""theme"": ""dark"", ""lang"": ""es""}",49384.0,Pro,,2024-06-21T09:30:12,,,,
889236,773847,purchase,2023-09-21T18:12:54,null,Mac,user773846@example.com,US,2025-05-09T11:51:06,"{""theme"": ""dark"", ""lang"": ""es""}",143561.0,PRO,active,2022/09/09 17:51:57,,,,
287476,327291,LOGIN ,30-06-2024,300,iOS,user327290@example.com,uk,2025-09-26T11:37:49,"{""theme"": ""dark"", ""lang"": ""en""}",135872.0,basic ,Canceled,2023-01-01T05:40:55,,,,
655697,81086,logout,,99999,ios,user81085@example.com,uk,2021/11/29 02:36:21,"{""theme"": ""light"", ""lang"": ""es""}",1283695.0,basic ,active,06-09-2022,,,,
700734,871537,LOGIN ,2024/07/08 11:14:59,NaN,Mac,user871536@example.com,CA,05/09/2024,"{""theme"": ""dark"", ""lang"": ""fr""}",,,,,,,,
406456,868821,view_item,2025/10/26 16:31:00,null,Mac,user868820@example.com,India,2020/12/10 23:59:21,"{""theme"": ""dark"", ""lang"": ""en""}",,,,,,,,
716227,740077,LOGIN ,2024-07-15T23:56:58,null,,user740076@example.com,,2021/02/18 20:57:00,"{""theme"": ""dark"", ""lang"": ""en""}",29608.0,PRO,active,2023/07/07 10:07:58,,,,
737635,730213,view_item,2025/08/25 09:45:43,-50,Windows,user730212@example.com,uk,2020/09/04 18:29:32,"{""theme"": ""dark"", ""lang"": ""en""}",362857.0,Pro,Active,2023/02/10 15:33:52,,,,
742248,918570,view_item,29-08-2024,NaN,Mac,user918569@example.com,uk,2022/02/22 10:23:13,"{""theme"": ""dark"", ""lang"": ""fr""}",,,,,,,,
55148,514290,ViewItem,11-10-2024,-50,,user514289@example.com,US,05/17/2022,"{""theme"": ""light"", ""lang"": ""es""}",184608.0,PRO,Active,,,,,
54447,712884,view_item,2025/04/12 12:21:07,300,Android,user712883@example.com,uk,2025-04-15T08:35:10,"{""theme"": ""light"", ""lang"": ""es""}",203598.0,PRO,,2023-12-25T12:02:40,,,,
600912,755977,error,2024/10/12 01:15:56,10,android,user755976@example.com,U.S.,2025/11/28 04:33:04,"{""theme"": ""light"", ""lang"": ""en""}",,,,,,,,
222205,819401,ViewItem,,99999,iOS,user819400@example.com,uk,2025/04/04 13:33:13,"{""theme"": ""light"", ""lang"": ""en""}",63454.0,basic ,Active,2023-01-12T04:41:13,,,,
855871,501992,ViewItem,2024-05-21T00:14:59,-50,ios,user501991@example.com,,2024-02-28T20:19:56,"{""theme"": ""light"", ""lang"": ""es""}",757011.0,basic ,active,2022/06/16 00:01:05,,,,
890600,601439,view_item,06/29/2025,null,Android,user601438@example.com,U.S.,05-09-2023,"{""theme"": ""light"", ""lang"": ""es""}",198220.0,basic ,Past Due,2021-08-21T21:40:18,,,,
967910,244641,ViewItem,13-03-2023,-50,android,user244640@example.com,,12/18/2023,"{""theme"": ""dark"", ""lang"": ""es""}",388185.0,PRO,Past Due,03/09/2025,,,,
398235,333678,LOGIN ,03/05/2024,null,iOS,USER333677@@example..com,US,27-11-2022,"{""theme"": ""dark"", ""lang"": ""en""}",298733.0,Enterprise,Past Due,2025/08/17 07:43:16,,,,
781527,144470,LOGIN ,27-09-2025,120,iOS,user144469@example.com,Canada,,"{""theme"": ""dark"", ""lang"": ""fr""}",1000608.0,PRO,Canceled,04/09/2024,,,,
917995,982329,purchase,2025-11-19T23:44:29,NaN,android,user982328@example.com,IN,2021-03-01T11:50:59,"{""theme"": ""dark"", ""lang"": ""es""}",474937.0,basic ,active,2021-08-02T08:44:43,,,,
890167,840774,error,08/12/2025,300,ios,user840773@example.com,US,02/02/2024,"{""theme"": ""dark"", ""lang"": ""es""}",37375.0,PRO,Canceled,2023-01-22T10:20:35,,,,
879059,808782,login,09/11/2023,10,Windows,user808781@example.com,uk,03/13/2024,"{""theme"": ""dark"", ""lang"": ""es""}",,,,,,,,
920628,731692,LOGIN ,2023/02/17 02:28:35,99999,android,user731691@example.com,UK,2020-11-02T22:14:42,"{""theme"": ""dark"", ""lang"": ""es""}",,,,,,,,
464491,968098,view_item,2025-10-14T10:01:52,300,,user968097@example.com,,2025-05-25T20:30:46,"{""theme"": ""dark"", ""lang"": ""es""}",,,,,,,,
678818,863839,LOGIN ,,300,Android,user863838@example.com,CA,09/01/2023,"{""theme"": ""dark"", ""lang"": ""fr""}",30374.0,basic ,Active,2021/05/16 15:40:54,,,,
763868,457251,ViewItem,08/10/2025,300,Windows,user457250@example.com,UK,2020/04/12 19:48:15,"{""theme"": ""dark"", ""lang"": ""es""}",299988.0,basic ,Canceled,26-03-2022,,,,
558196,345588,LOGIN ,04/05/2023,10,Windows,user345587@example.com,UK,2021-11-24T22:05:31,"{""theme"": ""light"", ""lang"": ""fr""}",61.0,Basic,Canceled,12-09-2021,,,,
827527,905864,purchase,2024/10/12 23:30:58,10,android,user905863@example.com,U.S.,2020/11/02 23:50:01,"{""theme"": ""dark"", ""lang""",,,,,,,,
711512,276351,LOGIN ,2023-08-03T13:29:55,null,Windows,user276350@example.com,IN,2020-12-04T03:05:26,"{""theme"": ""light"", ""lang"": ""es""}",60626.0,Basic,,07/11/2022,,,,
152008,80613,logout,05/07/2025,99999,Mac,user80612@example.com,IN,12/06/2025,"{""theme"": ""dark"", ""lang"": ""es""}",382597.0,basic ,Active,,,,,
500741,762077,view_item,2024-12-25T20:23:33,-50,ios,user762076@example.com,,2022/01/31 03:55:51,"{""theme"": ""dark"", ""lang"": ""fr""}",959114.0,  Enterprise,Active,07/07/2024,,,,
106991,915512,LOGIN ,2024-01-03T16:14:35,null,android,user915511@example.com,Canada,2025/10/13 20:09:46,"{""theme"": ""dark"", ""lang""",16444.0,Pro,active,2021-08-02T08:35:44,,,,
23738,47831,ViewItem,2024-04-11T21:20:24,10,Android,user47830@example.com,,14-07-2024,"{""theme"": ""dark"", ""lang"": ""en""}",188902.0,Basic,,2024-07-06T23:17:24,,,,
635571,818269,purchase,2025-05-03T14:30:58,300,iOS,user818268@example.com,CA,02/06/2023,"{""theme"": ""dark"", ""lang"": ""es""}",792335.0,Enterprise,,02/14/2025,,,,
997290,68759,login,2025-10-17T18:35:06,NaN,Android,user68758@example.com,U.S.,2021-11-30T18:30:26,"{""theme"": ""dark"", ""lang"": ""fr""}",,,,,,,,
534991,618830,LOGIN ,2023-01-03T09:01:33,99999,iOS,user618829@example.com,CA,19-07-2024,"{""theme"": ""dark"", ""lang"": ""es""}",,,,,,,,
101872,240378,purchase,26-12-2025,null,Android,user240377@example.com,,2022-02-23T23:53:22,"{""theme"": ""dark"", ""lang"": ""es""}",962648.0,  Enterprise,Active,07/21/2025,,,,
53954,673792,error,08/18/2024,null,ios,user673791@example.com,UK,2024-02-10T04:58:42,"{""theme"": ""light"", ""lang"": ""fr""}",,,,,,,,
941858,940563,view_item,2023-04-06T22:27:19,10,android,user940562@example.com,India,2020/11/06 08:06:01,"{""theme"": ""light"", ""lang"": ""en""}",511891.0,Pro,Past Due,10/17/2024,,,,
291280,792819,logout,2024/02/15 15:20:39,null,Mac,user792818@example.com,UK,28-01-2025,"{""theme"": ""dark"", ""lang"": ""es""}",,,,,,,,
851715,49871,purchase,2024-08-11T19:17:03,10,Android,user49870@example.com,US,09/21/2024,"{""theme"": ""dark"", ""lang""",1444705.0,Basic,,2025-09-25T23:07:03,,,,
594216,15322,LOGIN ,31-08-2025,10,,user15321@example.com,,,"{""theme"": ""dark"", ""lang"": ""en""}",,,,,,,,
421896,115420,error,23-12-2024,120,ios,user115419@example.com,U.S.,2022-02-17T01:27:39,"{""theme"": ""dark"", ""lang"": ""en""}",,,,,,,,
669865,503479,logout,2023/07/11 02:26:42,-50,ios,user503478@example.com,UK,2020/07/21 19:36:23,"{""theme"": ""light"", ""lang"": ""fr""}",15529.0,basic ,Active,,,,,
648556,117082,LOGIN ,2025-06-13T14:58:37,300,,user117081@example.com,US,08/02/2025,"{""theme"": ""light"", ""lang"": ""es""}",,,,,,,,
260375,283374,logout,2025/12/24 03:35:18,NaN,,user283373@example.com,US,2022/05/31 14:33:43,"{""theme"": ""dark"", ""lang"": ""en""}",1252314.0,basic ,Canceled,2024/05/20 10:45:27,,,,
199848,591311,LOGIN ,02-11-2023,10,Android,user591310@example.com,IN,2023-04-10T07:48:26,"{""theme"": ""light"", ""lang"": ""en""}",38817.0,PRO,,2025/08/30 10:43:28,,,,
931642,797703,view_item,,NaN,android,user797702@example.com,US,2021-03-22T21:17:03,"{""theme"": ""dark"", ""lang""",121946.0,Pro,Active,2024-11-14T21:16:57,,,,
863919,513433,LOGIN ,26-01-2024,null,,user513432@example.com,IN,2024-06-29T11:59:36,"{""theme"": ""light"", ""lang"": ""en""}",,,,,,,,
892737,557406,error,2023-01-05T02:46:07,120,Mac,user557405@example.com,India,2023/04/24 12:07:54,"{""theme"": ""dark"", ""lang""",55664.0,Enterprise,Active,2024-07-23T09:36:10,,,,
552106,848012,purchase,15-04-2024,NaN,Android,user848011@example.com,IN,12/10/2020,"{""theme"": ""dark"", ""lang"": ""fr""}",,,,,,,,
205720,251172,error,2023/06/25 16:46:15,99999,,user251171@example.com,India,2022/09/17 03:51:49,"{""theme"": ""light"", ""lang"": ""fr""}",201837.0,Basic,active,26-11-2024,,,,
852396,338212,view_item,2024-01-20T02:30:49,NaN,Windows,user338211@example.com,UK,2023/05/12 04:11:54,"{""theme"": ""dark"", ""lang""",283260.0,PRO,,20-04-2024,,,,
642656,197138,login,29-03-2023,null,Mac,user197137@example.com,CA,2024-06-26T20:50:53,"{""theme"": ""dark"", ""lang"": ""es""}",1169111.0,PRO,,2024-11-02T19:25:15,,,,
213056,860174,error,15-02-2024,NaN,,user860173@example.com,UK,2024-09-08T20:16:23,"{""theme"": ""dark"", ""lang"": ""fr""}",26901.0,  Enterprise,,2025-05-11T19:47:46,,,,
138932,52606,logout,04/11/2024,-50,ios,user52605@example.com,IN,23-11-2024,"{""theme"": ""light"", ""lang"": ""es""}",26828.0,Pro,,13-01-2024,,,,
988723,448625,LOGIN ,06/01/2024,10,iOS,user448624@example.com,,2020/03/12 03:48:13,"{""theme"": ""light"", ""lang"": ""es""}",,,,,,,,
863700,714394,LOGIN ,2024-01-07T03:45:17,300,android,user714393@example.com,Canada,2020-11-03T16:17:12,"{""theme"": ""light"", ""lang"": ""es""}",773299.0,PRO,,2021/09/28 07:35:14,,,,
422890,273845,logout,2024-05-22T20:14:40,NaN,Windows,user273844@example.com,CA,2023/11/27 12:07:49,"{""theme"": ""dark"", ""lang"": ""en""}",159020.0,Pro,Active,02/25/2025,,,,
377342,841752,logout,04-02-2025,99999,Android,user841751@example.com,Canada,2022/12/12 21:08:25,"{""theme"": ""light"", ""lang"": ""fr""}",276032.0,  Enterprise,Active,2022/12/16 06:37:47,,,,
594633,288118,LOGIN ,2024-05-09T23:37:13,null,,USER288117@@example..com,U.S.,12/26/2021,"{""theme"": ""light"", ""lang"": ""en""}",176655.0,PRO,Canceled,2022/04/15 21:21:55,,,,
666804,242790,ViewItem,2024-11-12T14:28:26,99999,iOS,user242789@example.com,Canada,2021-03-21T19:53:32,"{""theme"": ""light"", ""lang"": ""es""}",937052.0,PRO,Active,2021-04-14T16:29:26,,,,
99736,247503,ViewItem,02-09-2025,-50,Windows,user247502@example.com,India,2025/01/23 10:44:15,"{""theme"": ""dark"", ""lang"": ""fr""}",191238.0,PRO,Canceled,2021/01/31 17:21:57,,,,
694475,707863,view_item,2024/04/08 11:16:49,NaN,android,user707862@example.com,IN,22-10-2025,"{""theme"": ""light"", ""lang"": ""fr""}",76047.0,Enterprise,active,03-08-2023,,,,
588028,621276,ViewItem,13-01-2023,300,Mac,USER621275@@example..com,India,2023/03/20 05:42:14,"{""theme"": ""dark"", ""lang"": ""es""}",1185744.0,Enterprise,,2022-08-24T21:36:21,,,,
295478,805342,purchase,07/08/2025,300,Windows,user805341@example.com,US,10/23/2025,"{""theme"": ""dark"", ""lang"": ""en""}",837075.0,Enterprise,Canceled,2021/08/02 05:41:02,,,,
607191,679403,view_item,2023-11-04T22:36:03,-50,ios,user679402@example.com,India,2020-03-10T19:03:25,"{""theme"": ""dark"", ""lang"": ""es""}",1082001.0,PRO,Active,12-05-2023,,,,
436539,844020,ViewItem,2023/02/19 04:56:36,300,ios,user844019@example.com,IN,2022-08-12T00:12:47,"{""theme"": ""light"", ""lang"": ""fr""}",,,,,,,,
986938,422785,logout,05-04-2024,99999,Android,user422784@example.com,US,12/05/2025,"{""theme"": ""light"", ""lang"": ""en""}",391486.0,  Enterprise,Canceled,2024-12-18T12:12:59,,,,
609713,478757,view_item,08/15/2023,10,android,user478756@example.com,IN,26-04-2025,"{""theme"": ""light"", ""lang"": ""fr""}",,,,,,,,
673921,240530,view_item,01-06-2025,-50,ios,user240529@example.com,U.S.,2020/12/30 03:08:20,"{""theme"": ""dark"", ""lang"": ""en""}",,,,,,,,
538957,324491,LOGIN ,2024-07-05T21:06:27,null,android,user324490@example.com,,2025-06-24T17:06:13,"{""theme"": ""light"", ""lang"": ""en""}",303817.0,basic ,Canceled,,,,,
622065,575569,logout,,NaN,Windows,user575568@example.com,IN,2022-05-03T22:56:14,"{""theme"": ""dark"", ""lang"": ""en""}",1151617.0,Basic,,2021-03-20T01:52:53,,,,
543255,331102,purchase,09-07-2024,300,iOS,user331101@example.com,U.S.,21-03-2025,"{""theme"": ""light"", ""lang"": ""fr""}",1065380.0,PRO,Canceled,2021/12/23 16:31:39,,,,
397174,956110,login,12/13/2025,10,Windows,user956109@example.com,India,2021/07/04 12:30:46,"{""theme"": ""light"", ""lang"": ""es""}",844187.0,basic ,Active,01/19/2021,,,,
238142,127348,LOGIN ,2023-12-25T19:11:35,NaN,Android,user127347@example.com,CA,03-08-2022,"{""theme"": ""light"", ""lang"": ""en""}",76080.0,Pro,Past Due,2022-01-19T10:21:09,,,,
763714,581307,logout,2023-05-30T16:53:45,120,ios,user581306@example.com,UK,2021/05/11 13:53:37,"{""theme"": ""dark"", ""lang"": ""es""}",4245.0,Pro,Past Due,2023/02/10 14:07:57,,,,
993683,991208,LOGIN ,,null,Mac,user991207@example.com,uk,25-08-2024,"{""theme"": ""dark"", ""lang"": ""en""}",1190968.0,Basic,active,2024/02/15 14:15:17,,,,
9422,256942,error,2025/11/25 02:54:57,NaN,android,user256941@example.com,US,2025-10-04T17:48:42,"{""theme"": ""light"", ""lang"": ""es""}",681960.0,basic ,Active,26-07-2023,,,,
751068,330579,purchase,2025/07/26 08:20:39,null,android,user330578@example.com,US,06-10-2022,"{""theme"": ""dark"", ""lang"": ""fr""}",,,,,,,,
253409,126274,view_item,2024/04/27 19:44:51,-50,Mac,user126273@example.com,India,2023/06/19 08:31:12,"{""theme"": ""light"", ""lang"": ""fr""}",847605.0,PRO,active,15-12-2023,,,,
42502,912516,purchase,06-03-2025,10,iOS,user912515@example.com,U.S.,25-03-2025,"{""theme"": ""dark"", ""lang"": ""es""}",507171.0,Enterprise,,2021/11/11 22:23:10,,,,
656915,143788,purchase,2025/05/30 23:31:55,NaN,Mac,user143787@example.com,CA,2025-04-24T07:01:05,"{""theme"": ""light"", ""lang"": ""fr""}",1140675.0,Enterprise,Past Due,08/22/2024,,,,
583959,403187,error,10/25/2025,-50,ios,user403186@example.com,US,2023/11/05 21:34:33,"{""theme"": ""dark"", ""lang"": ""fr""}",679324.0,basic ,active,17-05-2021,,,,
414482,154189,view_item,26-12-2024,-50,Android,user154188@example.com,,2022-05-02T08:09:49,"{""theme"": ""dark"", ""lang"": ""en""}",425616.0,  Enterprise,Active,2022-02-01T05:17:52,,,,
752120,287394,logout,2025/08/08 15:08:08,null,ios,user287393@example.com,IN,2021-05-13T23:39:17,"{""theme"": ""dark"", ""lang"": ""fr""}",958415.0,Basic,Canceled,2021-06-06T04:32:14,,,,
617920,578421,logout,2025/03/22 02:28:37,NaN,,user578420@example.com,,2020/07/15 09:44:04,"{""theme"": ""dark"", ""lang"": ""fr""}",,,,,,,,
984504,867832,LOGIN ,2023/10/12 19:11:39,10,ios,user867831@example.com,US,08/09/2023,"{""theme"": ""dark"", ""lang""",1406640.0,basic ,Active,2023-07-11T08:51:05,,,,
770731,334484,purchase,2025/06/28 11:59:17,120,Windows,user334483@example.com,India,2024/11/17 00:55:56,"{""theme"": ""dark"", ""lang"": ""en""}",1447729.0,Basic,Past Due,2021/03/15 04:11:33,,,,
405325,903574,purchase,13-12-2023,null,ios,user903573@example.com,,2023-07-23T08:52:27,"{""theme"": ""light"", ""lang"": ""fr""}",47683.0,Basic,,2025/04/17 08:31:18,,,,
641724,411927,purchase,2023-01-18T23:24:42,null,Windows,user411926@example.com,UK,2020-07-07T18:36:08,"{""theme"": ""dark"", ""lang"": ""es""}",445969.0,PRO,Active,03/10/2021,,,,
517020,456108,login,2025/04/11 10:13:44,NaN,,user456107@example.com,India,03-03-2024,"{""theme"": ""dark"", ""lang"": ""fr""}",610389.0,Enterprise,Active,2022/09/09 03:30:35,,,,
432880,736430,LOGIN ,13-12-2023,120,Mac,user736429@example.com,uk,2022/07/08 03:28:59,"{""theme"": ""dark"", ""lang""",1086626.0,Basic,active,2022-04-08T10:00:34,,,,
282010,716087,LOGIN ,2025-09-14T16:08:39,120,,user716086@example.com,,2023-04-26T07:30:15,"{""theme"": ""light"", ""lang"": ""fr""}",426862.0,basic ,active,2022-08-13T22:10:50,,,,
6478,452638,ViewItem,2023/08/10 17:06:53,-50,android,user452637@example.com,IN,2023-04-03T19:18:28,"{""theme"": ""light"", ""lang"": ""en""}",37631.0,Pro,Active,2023-09-04T04:47:47,,,,
463029,796872,purchase,2023/12/19 11:42:59,-50,,user796871@example.com,U.S.,2024-11-03T11:43:33,"{""theme"": ""light"", ""lang"": ""es""}",854485.0,Pro,Active,2021-07-22T22:55:51,,,,
498753,731515,logout,,300,ios,user731514@example.com,IN,01/05/2024,"{""theme"": ""light"", ""lang"": ""fr""}",,,,,,,,
64069,895682,login,2023/08/15 09:26:11,99999,Android,user895681@example.com,,2025/11/10 08:13:30,"{""theme"": ""light"", ""lang"": ""en""}",,,,,,,,
412164,353949,ViewItem,2024/08/01 13:49:05,NaN,Mac,user353948@example.com,UK,2020-01-28T10:39:17,"{""theme"": ""light"", ""lang"": ""es""}",,,,,,,,
857374,831109,view_item,2024-02-18T09:29:18,300,,user831108@example.com,India,2024/06/10 22:36:31,"{""theme"": ""light"", ""lang"": ""en""}",310484.0,Pro,Active,2022-01-18T00:52:18,,,,
453661,731504,login,08/19/2023,NaN,,user731503@example.com,,2024-09-30T03:36:32,"{""theme"": ""light"", ""lang"": ""fr""}",651069.0,Pro,Past Due,11/09/2024,,,,
337899,126189,purchase,2023-09-26T21:55:46,120,ios,user126188@example.com,uk,2024-06-15T15:35:34,"{""theme"": ""light"", ""lang"": ""fr""}",1102818.0,Enterprise,,,,,,
355926,610731,purchase,07/02/2023,300,,user610730@example.com,,10/31/2020,"{""theme"": ""dark"", ""lang"": ""en""}",1495074.0,PRO,,2022-12-26T21:08:33,,,,
276137,435321,logout,2025-02-22T00:16:40,-50,,user435320@example.com,Canada,2021-04-26T23:12:22,"{""theme"": ""light"", ""lang"": ""es""}",1417363.0,Enterprise,Canceled,,,,,
734896,692563,LOGIN ,09/23/2024,NaN,ios,user692562@example.com,U.S.,03/08/2023,"{""theme"": ""light"", ""lang"": ""fr""}",833455.0,Pro,active,2023/10/18 22:38:01,,,,
926052,318614,view_item,2024-12-22T08:52:07,10,Android,user318613@example.com,India,03-06-2021,"{""theme"": ""dark"", ""lang"": ""en""}",299832.0,Enterprise,active,29-04-2025,,,,
185641,72630,login,2023-11-24T02:49:23,120,Android,user72629@example.com,CA,2021/11/07 02:58:32,"{""theme"": ""light"", ""lang"": ""es""}",539354.0,Pro,,2024/04/26 06:23:49,,,,
657905,7695,ViewItem,02/15/2025,NaN,Mac,user7694@example.com,Canada,2025-09-30T23:10:53,"{""theme"": ""dark"", ""lang"": ""es""}",1329008.0,  Enterprise,Canceled,05/22/2021,,,,
242323,957863,logout,2023/11/29 06:01:05,99999,,user957862@example.com,IN,06-01-2024,"{""theme"": ""dark"", ""lang"": ""fr""}",,,,,,,,
422543,435396,view_item,,-50,Mac,user435395@example.com,uk,2025-01-21T12:04:04,"{""theme"": ""dark"", ""lang""",,,,,,,,
496263,843488,ViewItem,2025-07-02T06:56:14,-50,Android,user843487@example.com,uk,14-05-2021,"{""theme"": ""light"", ""lang"": ""en""}",243012.0,  Enterprise,Past Due,2021-04-15T19:52:21,,,,
337075,32463,error,2025-12-21T06:34:22,null,Windows,user32462@example.com,uk,2023-04-02T14:23:49,"{""theme"": ""dark"", ""lang""",771117.0,Enterprise,active,2024-05-31T12:29:24,,,,
893299,756916,login,05/01/2023,NaN,iOS,user756915@example.com,,07/28/2025,"{""theme"": ""light"", ""lang"": ""en""}",826649.0,PRO,Past Due,05/08/2024,,,,
361026,557340,logout,11-07-2023,NaN,Mac,user557339@example.com,U.S.,2022/05/08 11:19:55,"{""theme"": ""dark"", ""lang"": ""fr""}",68212.0,Basic,Canceled,2024-03-10T05:41:12,,,,
868981,663653,ViewItem,20-08-2024,NaN,android,user663652@example.com,uk,24-04-2025,"{""theme"": ""light"", ""lang"": ""en""}",93464.0,Pro,Active,09-10-2021,,,,
592828,800152,logout,10/21/2023,99999,Windows,user800151@example.com,India,2024/11/02 00:06:35,"{""theme"": ""light"", ""lang"": ""fr""}",346344.0,Pro,Active,2023-11-04T10:09:26,,,,
816457,801509,purchase,2023-04-15T06:33:46,120,Mac,user801508@example.com,U.S.,2020-10-05T12:18:07,"{""theme"": ""dark"", ""lang""",1380891.0,basic ,active,08/06/2025,,,,
471191,125416,logout,03/22/2024,-50,Mac,user125415@example.com,IN,,"{""theme"": ""light"", ""lang"": ""en""}",813061.0,  Enterprise,active,2025/08/09 20:15:23,,,,
540189,694182,logout,2024-08-06T03:19:08,300,android,user694181@example.com,U.S.,07/06/2025,"{""theme"": ""dark"", ""lang"": ""es""}",70344.0,basic ,,2023/02/18 12:08:57,,,,
436663,508168,LOGIN ,2025-05-03T19:15:31,300,android,user508167@example.com,India,2021/08/13 07:26:56,"{""theme"": ""dark"", ""lang"": ""fr""}",497662.0,basic ,active,2021/09/13 15:23:53,,,,
973942,587813,LOGIN ,2023-04-21T14:53:13,99999,,user587812@example.com,U.S.,2025-02-25T20:56:45,"{""theme"": ""dark"", ""lang"": ""fr""}",,,,,,,,
360973,243596,view_item,2024/08/27 07:04:00,99999,ios,user243595@example.com,U.S.,2022-01-25T08:56:42,"{""theme"": ""dark"", ""lang"": ""fr""}",536170.0,basic ,Canceled,17-09-2023,,,,
638796,742387,ViewItem,01/12/2025,-50,iOS,user742386@example.com,US,2025/10/17 19:16:35,"{""theme"": ""dark"", ""lang""",,,,,,,,
466302,914267,purchase,19-04-2025,10,,user914266@example.com,UK,2025-07-14T08:47:46,"{""theme"": ""dark"", ""lang"": ""es""}",135324.0,basic ,Past Due,2022/04/18 16:15:15,,,,
57985,679727,LOGIN ,02/15/2024,99999,Android,user679726@example.com,U.S.,13-11-2023,"{""theme"": ""light"", ""lang"": ""en""}",768859.0,Basic,active,2023/05/29 13:29:33,,,,
417980,317753,purchase,29-06-2024,-50,Windows,user317752@example.com,US,2023-12-30T02:47:59,"{""theme"": ""dark"", ""lang"": ""fr""}",319181.0,Pro,active,23-07-2023,,,,
650325,68087,login,01/23/2024,120,Mac,user68086@example.com,UK,06-10-2025,"{""theme"": ""light"", ""lang"": ""fr""}",1138517.0,Basic,,08-07-2023,,,,
422690,615908,LOGIN ,2023-11-09T16:49:03,NaN,Mac,user615907@example.com,IN,03-07-2023,"{""theme"": ""dark"", ""lang"": ""es""}",,,,,,,,
528907,200816,LOGIN ,2024/01/28 19:48:15,10,,user200815@example.com,U.S.,2025-08-06T09:04:13,"{""theme"": ""dark"", ""lang""",271709.0,Pro,Past Due,,,,,
342129,10146,error,13-05-2023,-50,Mac,user10145@example.com,CA,16-01-2023,"{""theme"": ""dark"", ""lang"": ""es""}",695877.0,Basic,Past Due,2023-05-22T20:40:52,,,,
524511,136928,login,2024-07-30T05:26:45,null,ios,user136927@example.com,,06-09-2021,"{""theme"": ""light"", ""lang"": ""en""}",768318.0,Enterprise,Canceled,06/24/2021,,,,
575416,518289,purchase,2025/11/08 01:24:33,99999,Mac,user518288@example.com,India,09-01-2024,"{""theme"": ""dark"", ""lang"": ""es""}",345900.0,  Enterprise,Past Due,,,,,
620959,279307,error,2023-07-30T14:47:03,10,Windows,user279306@example.com,India,2021/07/04 09:23:36,"{""theme"": ""dark"", ""lang"": ""fr""}",,,,,,,,
270312,573067,login,2025-04-22T07:38:04,99999,android,user573066@example.com,UK,2022-10-12T10:56:25,"{""theme"": ""dark"", ""lang"": ""en""}",,,,,,,,
113624,152391,view_item,01/19/2023,10,android,user152390@example.com,India,2023-06-06T20:04:12,"{""theme"": ""light"", ""lang"": ""fr""}",,,,,,,,
695280,533903,login,11-08-2025,-50,Mac,user533902@example.com,U.S.,07/07/2025,"{""theme"": ""light"", ""lang"": ""en""}",541499.0,Pro,active,2025-05-04T15:04:29,,,,
25914,129993,ViewItem,01/23/2023,120,android,USER129992@@example..com,India,09/09/2022,"{""theme"": ""dark"", ""lang""",518.0,Pro,Canceled,2023-07-08T08:08:05,,,,
84691,277572,error,2023/03/27 18:04:51,NaN,,user277571@example.com,Canada,2021-10-11T03:05:33,"{""theme"": ""dark"", ""lang"": ""fr""}",,,,,,,,
500952,518188,logout,2025-11-30T09:18:14,99999,ios,user518187@example.com,U.S.,2021-06-13T08:44:50,"{""theme"": ""light"", ""lang"": ""es""}",,,,,,,,
406289,454984,view_item,2024-03-09T18:22:50,-50,android,user454983@example.com,US,2023-09-21T14:44:26,"{""theme"": ""light"", ""lang"": ""fr""}",599870.0,Pro,Active,15-09-2023,,,,
104384,637347,ViewItem,08/26/2023,10,,user637346@example.com,Canada,2024/09/14 05:55:50,"{""theme"": ""light"", ""lang"": ""en""}",791338.0,Enterprise,Active,04/19/2021,,,,
482280,212745,error,16-10-2023,null,android,user212744@example.com,uk,,"{""theme"": ""dark"", ""lang"": ""fr""}",38322.0,Basic,active,2021-09-27T00:16:19,,,,
146599,960501,purchase,05-12-2024,300,android,user960500@example.com,US,2021-08-09T15:24:06,"{""theme"": ""light"", ""lang"": ""en""}",102499.0,basic ,Canceled,2022-08-18T22:33:03,,,,
617768,838736,LOGIN ,06/10/2025,120,Mac,user838735@example.com,U.S.,2022-08-24T00:22:21,"{""theme"": ""dark"", ""lang"": ""en""}",1105109.0,Pro,Active,2022-10-17T13:17:27,,,,
370231,214397,view_item,2024-09-29T22:58:44,null,,user214396@example.com,Canada,2024/02/16 14:44:49,"{""theme"": ""dark"", ""lang"": ""es""}",1294418.0,basic ,Canceled,,,,,
956499,30899,logout,11/05/2025,NaN,Android,user30898@example.com,CA,2020-10-13T15:26:23,"{""theme"": ""light"", ""lang"": ""en""}",461822.0,PRO,Canceled,2023-08-16T07:28:50,,,,
299247,4612,view_item,10-09-2024,null,android,user4611@example.com,India,2025-07-30T23:30:43,"{""theme"": ""light"", ""lang"": ""fr""}",1139174.0,PRO,Past Due,18-09-2021,,,,
44069,15069,logout,2024-10-06T03:06:25,120,Android,user15068@example.com,uk,,"{""theme"": ""light"", ""lang"": ""en""}",,,,,,,,
547073,901524,ViewItem,02/22/2024,99999,android,user901523@example.com,IN,2022-05-28T04:33:13,"{""theme"": ""dark"", ""lang"": ""es""}",257321.0,Pro,,2022/02/12 20:41:00,,,,
605196,906915,view_item,01/05/2024,120,,user906914@example.com,Canada,,"{""theme"": ""dark"", ""lang"": ""fr""}",1007209.0,Basic,active,05-08-2021,,,,
408247,749028,login,2024-11-29T09:36:00,NaN,android,user749027@example.com,US,2020-06-13T16:42:37,"{""theme"": ""light"", ""lang"": ""en""}",109582.0,Pro,active,22-07-2025,,,,
651595,329853,view_item,2024-04-17T08:30:10,99999,,USER329852@@example..com,uk,2022/05/30 05:00:42,"{""theme"": ""light"", ""lang"": ""fr""}",664369.0,Pro,Past Due,31-08-2025,,,,
117939,212684,ViewItem,10/16/2024,300,android,user212683@example.com,Canada,2024-12-05T23:15:28,"{""theme"": ""dark"", ""lang"": ""fr""}",632037.0,basic ,Canceled,26-02-2021,,,,
552956,990726,ViewItem,08-10-2024,99999,Windows,user990725@example.com,UK,,"{""theme"": ""light"", ""lang"": ""en""}",,,,,,,,
983671,129953,ViewItem,2025-11-22T02:42:42,120,android,USER129952@@example..com,U.S.,12/29/2025,"{""theme"": ""dark"", ""lang"": ""es""}",49020.0,Basic,Past Due,03/20/2023,,,,
470444,342637,purchase,2023-04-01T18:20:21,99999,,user342636@example.com,IN,05/06/2022,"{""theme"": ""dark"", ""lang"": ""en""}",420490.0,Enterprise,Canceled,07/09/2022,,,,
910359,81160,LOGIN ,,300,Windows,user81159@example.com,U.S.,2024/07/13 04:59:17,"{""theme"": ""light"", ""lang"": ""fr""}",1162073.0,Pro,active,2022-11-20T14:11:52,,,,
944671,185088,view_item,2023-09-07T12:27:36,300,Android,user185087@example.com,India,05/19/2022,"{""theme"": ""light"", ""lang"": ""es""}",147779.0,  Enterprise,Active,2024-07-19T18:35:21,,,,
330883,474603,ViewItem,11-02-2023,99999,Windows,user474602@example.com,India,09-08-2022,"{""theme"": ""dark"", ""lang"": ""fr""}",711611.0,Pro,Past Due,2021-07-20T05:34:08,,,,
236303,335091,ViewItem,05/11/2024,NaN,,user335090@example.com,,2022-05-01T03:15:37,"{""theme"": ""light"", ""lang"": ""fr""}",940410.0,Pro,,29-05-2022,,,,
552302,373634,LOGIN ,2023/01/12 07:16:19,99999,Android,user373633@example.com,uk,2022/09/11 11:07:55,"{""theme"": ""dark"", ""lang""",,,,,,,,
785627,46247,logout,,120,,user46246@example.com,US,2025-04-15T01:30:02,"{""theme"": ""light"", ""lang"": ""fr""}",169668.0,Pro,Canceled,2023/02/05 22:36:26,,,,
805636,704669,logout,21-06-2024,99999,Android,user704668@example.com,Canada,,"{""theme"": ""dark"", ""lang"": ""fr""}",173470.0,Basic,,15-07-2023,,,,
228714,108549,purchase,2024/11/30 12:35:22,-50,iOS,user108548@example.com,,2023-06-15T01:50:28,"{""theme"": ""dark"", ""lang"": ""fr""}",,,,,,,,
413001,164885,ViewItem,08/22/2024,99999,,user164884@example.com,,27-01-2023,"{""theme"": ""light"", ""lang"": ""en""}",327111.0,PRO,Active,2024-08-08T04:34:53,,,,
772851,516839,LOGIN ,27-02-2024,300,Windows,user516838@example.com,CA,10-11-2024,"{""theme"": ""light"", ""lang"": ""fr""}",,,,,,,,
994826,771836,view_item,06/11/2025,10,Android,user771835@example.com,,05/23/2022,"{""theme"": ""dark"", ""lang"": ""en""}",1474520.0,Pro,Past Due,05-06-2022,,,,
65860,639129,LOGIN ,10/03/2025,120,android,user639128@example.com,IN,2025/09/02 10:09:00,"{""theme"": ""light"", ""lang"": ""es""}",651251.0,Basic,Canceled,2021-01-05T11:37:22,,,,
564402,869189,logout,2025/01/13 14:39:50,null,iOS,USER869188@@example..com,IN,01/10/2025,"{""theme"": ""dark"", ""lang"": ""es""}",138179.0,Enterprise,Past Due,2025-02-27T14:00:16,,,,
868325,417056,LOGIN ,2024-04-13T06:16:11,null,ios,user417055@example.com,India,01/15/2023,"{""theme"": ""dark"", ""lang"": ""fr""}",84274.0,Enterprise,Active,2025-11-09T22:30:44,,,,
369774,939531,purchase,29-07-2024,120,Windows,user939530@example.com,UK,2023/01/01 00:18:41,"{""theme"": ""light"", ""lang"": ""es""}",168311.0,Pro,active,04-09-2023,,,,
388460,559960,LOGIN ,2023-03-22T04:35:41,99999,android,user559959@example.com,uk,24-09-2020,"{""theme"": ""light"", ""lang"": ""en""}",297479.0,PRO,Active,2023/09/27 05:38:16,,,,
575636,871258,ViewItem,2024-05-09T08:41:30,120,,user871257@example.com,UK,2025-05-25T08:19:31,"{""theme"": ""dark"", ""lang"": ""es""}",,,,,,,,
789749,383454,purchase,2025-12-12T21:31:24,null,android,user383453@example.com,India,08/06/2024,"{""theme"": ""light"", ""lang"": ""fr""}",628058.0,Pro,Active,2022-12-31T04:40:43,,,,
885478,335851,login,2024-07-14T20:48:50,99999,android,USER335850@@example..com,,2021-01-11T12:47:24,"{""theme"": ""light"", ""lang"": ""en""}",,,,,,,,
554627,787961,view_item,2025/09/10 00:29:00,null,Mac,user787960@example.com,uk,2020-06-02T05:46:52,"{""theme"": ""light"", ""lang"": ""en""}",164142.0,Enterprise,Active,,,,,
371570,608527,purchase,01/10/2023,120,,user608526@example.com,Canada,2020/08/26 11:30:21,"{""theme"": ""light"", ""lang"": ""fr""}",342791.0,  Enterprise,Past Due,,,,,
572854,971274,purchase,2024/05/19 21:40:08,99999,Mac,user971273@example.com,Canada,18-08-2020,"{""theme"": ""light"", ""lang"": ""en""}",490081.0,basic ,Active,2024/11/08 01:04:54,,,,
332598,20739,login,2023-08-01T19:14:17,null,Windows,user20738@example.com,Canada,2022/08/13 10:45:23,"{""theme"": ""dark"", ""lang""",62827.0,basic ,active,05/05/2024,,,,
177366,853857,view_item,2025/06/17 16:52:29,300,,user853856@example.com,US,01-11-2023,"{""theme"": ""dark"", ""lang""",,,,,,,,
372646,885028,error,,10,Android,user885027@example.com,,2023/11/20 17:18:00,"{""theme"": ""dark"", ""lang"": ""en""}",1051310.0,PRO,Active,2022/07/05 09:43:30,,,,
763065,581357,login,2024-01-14T08:36:18,null,android,user581356@example.com,UK,16-12-2025,"{""theme"": ""dark"", ""lang"": ""en""}",,,,,,,,
902982,51698,ViewItem,2025/12/09 04:35:10,-50,,user51697@example.com,CA,2024-12-13T05:21:25,"{""theme"": ""dark"", ""lang"": ""fr""}",733480.0,  Enterprise,Past Due,04/10/2021,,,,
652229,631004,login,21-02-2025,99999,iOS,user631003@example.com,IN,2025/09/15 03:53:16,"{""theme"": ""light"", ""lang"": ""en""}",,,,,,,,
447315,352340,view_item,2023-08-24T06:39:54,300,,user352339@example.com,UK,14-04-2021,"{""theme"": ""dark"", ""lang"": ""es""}",1057557.0,basic ,Active,2024-04-11T15:51:16,,,,
758421,593307,LOGIN ,28-04-2023,-50,Mac,user593306@example.com,UK,2021/07/06 06:06:03,"{""theme"": ""dark"", ""lang"": ""en""}",143329.0,PRO,Canceled,2025-08-21T20:41:57,,,,
180440,346104,purchase,17-07-2025,10,,user346103@example.com,UK,10/13/2023,"{""theme"": ""light"", ""lang"": ""es""}",,,,,,,,
548346,720520,login,03-04-2025,NaN,Android,user720519@example.com,India,31-05-2020,"{""theme"": ""dark"", ""lang""",,,,,,,,
339276,951109,LOGIN ,2025-05-20T05:51:21,300,ios,user951108@example.com,IN,2024/02/21 03:20:20,"{""theme"": ""light"", ""lang"": ""es""}",911622.0,basic ,Canceled,,,,,
596797,285822,logout,2023-08-17T15:19:56,120,android,user285821@example.com,India,07-05-2024,"{""theme"": ""light"", ""lang"": ""es""}",,,,,,,,
150024,476167,logout,2025/02/02 03:40:33,NaN,Mac,user476166@example.com,U.S.,01/29/2025,"{""theme"": ""dark"", ""lang"": ""es""}",524841.0,Pro,Active,11/13/2023,,,,
164137,911893,purchase,03-11-2024,120,Android,user911892@example.com,uk,2022-11-24T21:54:25,"{""theme"": ""light"", ""lang"": ""es""}",521309.0,Enterprise,Canceled,2021-04-24T12:37:07,,,,
389041,887515,ViewItem,15-12-2023,NaN,iOS,user887514@example.com,uk,02-08-2020,"{""theme"": ""dark"", ""lang"": ""es""}",830698.0,  Enterprise,Active,2022/07/18 00:09:50,,,,
702048,391455,ViewItem,,NaN,ios,user391454@example.com,CA,2020/01/23 17:05:30,"{""theme"": ""dark"", ""lang"": ""es""}",393983.0,Pro,active,18-10-2025,,,,
807003,422135,logout,12-01-2025,-50,android,user422134@example.com,US,2025/02/01 18:15:45,"{""theme"": ""dark"", ""lang"": ""en""}",,,,,,,,
42513,216214,view_item,06/12/2025,99999,Mac,user216213@example.com,uk,08/22/2021,"{""theme"": ""dark"", ""lang""",575295.0,Basic,,12/24/2024,,,,
735794,643828,ViewItem,2023/01/06 02:58:09,-50,Windows,user643827@example.com,IN,2021-02-08T10:40:10,"{""theme"": ""light"", ""lang"": ""en""}",1384427.0,basic ,Past Due,2022-11-10T17:34:58,,,,
194217,451429,logout,02/09/2023,NaN,iOS,user451428@example.com,IN,15-12-2024,"{""theme"": ""dark"", ""lang"": ""es""}",1143355.0,  Enterprise,Active,2024-07-01T02:16:01,,,,
622590,935699,login,2025-11-09T03:31:10,300,android,user935698@example.com,UK,12-03-2022,"{""theme"": ""light"", ""lang"": ""en""}",,,,,,,,
427499,688197,purchase,2024/03/01 01:02:15,NaN,Windows,user688196@example.com,uk,01/07/2022,"{""theme"": ""dark"", ""lang"": ""es""}",237726.0,Basic,Canceled,2025-01-28T19:18:32,,,,
351395,191141,error,13-06-2023,null,,user191140@example.com,US,2023-06-14T22:34:21,"{""theme"": ""light"", ""lang"": ""es""}",1058089.0,basic ,Canceled,12/30/2023,,,,
277656,576015,LOGIN ,02-04-2025,10,ios,user576014@example.com,U.S.,,"{""theme"": ""dark"", ""lang""",637505.0,basic ,,20-03-2022,,,,
832313,242839,login,30-09-2023,null,,user242838@example.com,,2023-10-04T12:19:20,"{""theme"": ""dark"", ""lang"": ""es""}",540555.0,Pro,Active,30-03-2021,,,,
393798,263676,LOGIN ,04/22/2025,10,Windows,user263675@example.com,Canada,02/20/2025,"{""theme"": ""dark"", ""lang"": ""fr""}",,,,,,,,
520254,648709,ViewItem,2023-09-16T14:03:31,99999,android,user648708@example.com,Canada,10/09/2023,"{""theme"": ""dark"", ""lang""",137533.0,basic ,Past Due,06/07/2022,,,,
739531,106335,login,08/29/2023,300,iOS,USER106334@@example..com,UK,2021-12-20T21:44:07,"{""theme"": ""light"", ""lang"": ""en""}",397427.0,basic ,Active,12/04/2021,,,,
198567,887084,logout,2024-07-02T11:08:42,300,android,user887083@example.com,UK,2024-03-31T23:07:04,"{""theme"": ""light"", ""lang"": ""fr""}",811188.0,Basic,Past Due,07-03-2025,,,,
508983,689158,error,15-09-2025,10,ios,user689157@example.com,U.S.,2024/10/14 06:34:36,"{""theme"": ""light"", ""lang"": ""es""}",9447.0,Pro,Past Due,2022/09/19 10:00:27,,,,
216283,807088,login,2023-10-02T10:01:02,null,,user807087@example.com,India,16-01-2020,"{""theme"": ""dark"", ""lang"": ""es""}",,,,,,,,
675140,998830,purchase,2025-09-16T18:26:59,99999,Windows,user998829@example.com,,12/16/2023,"{""theme"": ""light"", ""lang"": ""en""}",516168.0,  Enterprise,Past Due,04/04/2025,,,,
311327,304507,error,08-05-2025,NaN,,user304506@example.com,US,2025-09-16T06:24:30,"{""theme"": ""dark"", ""lang"": ""fr""}",228367.0,  Enterprise,,05/07/2025,,,,
426792,299111,error,2023-11-06T20:17:44,120,Android,user299110@example.com,CA,2024-02-22T23:45:16,"{""theme"": ""dark"", ""lang"": ""es""}",1144879.0,PRO,Active,2023/10/26 16:30:09,,,,
254563,316795,view_item,,null,Mac,user316794@example.com,IN,08/10/2021,"{""theme"": ""light"", ""lang"": ""fr""}",,,,,,,,
975063,98960,view_item,07-08-2023,300,ios,user98959@example.com,U.S.,,"{""theme"": ""light"", ""lang"": ""es""}",532018.0,Pro,Past Due,03/16/2025,,,,
443158,4001,logout,06/21/2025,99999,,user4000@example.com,,2020/10/26 00:29:45,"{""theme"": ""dark"", ""lang"": ""en""}",,,,,,,,
601514,641135,view_item,08/05/2024,120,ios,user641134@example.com,UK,07/25/2021,"{""theme"": ""dark"", ""lang""",108101.0,Pro,Past Due,01/22/2025,,,,
936817,76885,view_item,2023-09-06T17:45:43,NaN,android,user76884@example.com,US,2021-05-15T13:45:21,"{""theme"": ""light"", ""lang"": ""en""}",951647.0,Enterprise,Canceled,21-06-2022,,,,
210858,117818,ViewItem,2025-12-09T16:18:09,120,Mac,user117817@example.com,U.S.,02-12-2025,"{""theme"": ""dark"", ""lang"": ""fr""}",,,,,,,,
677999,739951,login,,-50,android,user739950@example.com,IN,07/31/2024,"{""theme"": ""light"", ""lang"": ""en""}",446951.0,PRO,active,01/18/2021,,,,
944617,790304,LOGIN ,10/31/2025,10,ios,user790303@example.com,CA,2021-07-16T00:32:31,"{""theme"": ""dark"", ""lang"": ""es""}",279634.0,  Enterprise,active,2023-03-21T08:58:31,,,,
601226,173740,logout,2023-12-20T02:38:33,-50,ios,user173739@example.com,Canada,25-10-2020,"{""theme"": ""dark"", ""lang"": ""es""}",424801.0,  Enterprise,Canceled,2023-12-14T02:54:07,,,,
876270,812925,logout,2024/08/19 05:51:45,120,ios,user812924@example.com,,2024-04-08T23:05:33,"{""theme"": ""dark"", ""lang"": ""en""}",601647.0,Basic,,2023/02/01 07:09:59,,,,
560968,957348,purchase,25-12-2024,null,Mac,user957347@example.com,,10/01/2025,"{""theme"": ""dark"", ""lang"": ""fr""}",894918.0,Basic,,2022-12-24T04:21:42,,,,
897333,930635,error,2024/03/17 18:49:20,null,iOS,user930634@example.com,IN,2020/10/11 07:30:17,"{""theme"": ""dark"", ""lang""",,,,,,,,
693912,877285,login,24-02-2023,null,android,user877284@example.com,CA,12/31/2022,"{""theme"": ""light"", ""lang"": ""es""}",1251824.0,Basic,Past Due,12-05-2023,,,,
295468,871678,error,2023-08-03T09:23:56,-50,,user871677@example.com,Canada,,"{""theme"": ""light"", ""lang"": ""es""}",720658.0,Enterprise,active,12/12/2022,,,,
528104,677701,LOGIN ,2023-10-27T04:34:24,NaN,android,user677700@example.com,UK,2023-12-19T22:57:17,"{""theme"": ""dark"", ""lang"": ""es""}",,,,,,,,
618349,425415,logout,17-05-2023,NaN,Android,user425414@example.com,UK,22-12-2021,"{""theme"": ""light"", ""lang"": ""es""}",43935.0,  Enterprise,Canceled,2021-10-04T15:01:43,,,,
414442,737818,ViewItem,2024-08-09T11:09:55,300,Windows,user737817@example.com,US,03/02/2021,"{""theme"": ""light"", ""lang"": ""es""}",100657.0,  Enterprise,active,2022-01-09T23:33:11,,,,
297699,324968,purchase,19-02-2025,null,Android,user324967@example.com,CA,03/07/2022,"{""theme"": ""dark"", ""lang"": ""en""}",866407.0,PRO,Past Due,06/04/2024,,,,
870688,655786,login,2023-05-25T05:46:57,10,iOS,user655785@example.com,Canada,2025-02-01T11:12:54,"{""theme"": ""light"", ""lang"": ""es""}",,,,,,,,
682335,556102,error,2023/07/04 00:01:16,null,ios,user556101@example.com,IN,2025/03/05 23:23:24,"{""theme"": ""light"", ""lang"": ""es""}",363449.0,  Enterprise,Canceled,2024/01/23 15:50:32,,,,
648420,525542,ViewItem,2023-10-21T03:38:14,99999,ios,user525541@example.com,uk,2022/07/23 12:37:34,"{""theme"": ""light"", ""lang"": ""es""}",1203272.0,Basic,Canceled,09/09/2022,,,,
509305,516671,LOGIN ,2024-11-11T09:07:12,99999,iOS,user516670@example.com,UK,12/10/2021,"{""theme"": ""dark"", ""lang"": ""en""}",32135.0,  Enterprise,Canceled,11-09-2023,,,,
517512,995433,error,04/22/2025,120,Mac,user995432@example.com,U.S.,03/22/2023,"{""theme"": ""light"", ""lang"": ""fr""}",14521.0,  Enterprise,Past Due,2021-05-10T14:07:41,,,,
831030,646406,logout,02/27/2024,120,,user646405@example.com,US,,"{""theme"": ""light"", ""lang"": ""es""}",,,,,,,,
892827,265294,view_item,2023-09-10T22:49:21,10,Windows,user265293@example.com,India,07-12-2021,"{""theme"": ""dark"", ""lang"": ""fr""}",280583.0,Basic,active,15-10-2024,,,,
684338,313516,logout,2023/01/04 06:49:31,99999,,user313515@example.com,CA,2025-04-18T17:29:41,"{""theme"": ""light"", ""lang"": ""en""}",1176633.0,Basic,,03-04-2022,,,,
160714,626909,view_item,2023/04/28 14:33:59,300,iOS,user626908@example.com,IN,2025/05/14 19:29:18,"{""theme"": ""light"", ""lang"": ""fr""}",1168921.0,basic ,Canceled,2025-05-08T14:47:36,,,,
945523,873208,login,,99999,ios,USER873207@@example..com,CA,2023/10/11 18:08:09,"{""theme"": ""dark"", ""lang""",198211.0,Basic,,24-12-2024,,,,
658320,322530,logout,2024-02-19T01:11:22,NaN,Windows,user322529@example.com,uk,11/30/2025,"{""theme"": ""dark"", ""lang"": ""fr""}",780756.0,  Enterprise,,22-06-2024,,,,
244006,597777,ViewItem,2023-12-18T18:24:14,null,,user597776@example.com,,14-10-2021,"{""theme"": ""dark"", ""lang"": ""es""}",751392.0,Basic,Past Due,06/21/2024,,,,
790654,23793,purchase,2023-05-25T23:13:23,300,ios,user23792@example.com,IN,2025-03-22T01:48:33,"{""theme"": ""dark"", ""lang"": ""es""}",792961.0,Pro,,05/28/2024,,,,
965623,906792,login,2025/11/28 16:56:48,NaN,iOS,user906791@example.com,IN,2022-12-23T19:37:21,"{""theme"": ""light"", ""lang"": ""en""}",,,,,,,,
512491,266620,error,2024-11-11T15:34:20,120,,user266619@example.com,IN,2024/08/13 21:16:27,"{""theme"": ""light"", ""lang"": ""es""}",,,,,,,,
461368,532127,ViewItem,10/06/2023,-50,ios,user532126@example.com,uk,2022/09/09 23:34:59,"{""theme"": ""light"", ""lang"": ""en""}",,,,,,,,
191287,658184,error,18-12-2025,120,ios,user658183@example.com,US,2020/11/18 19:23:17,"{""theme"": ""dark"", ""lang"": ""fr""}",212562.0,  Enterprise,,2024-07-12T15:09:07,,,,
207421,325232,error,2023-09-20T05:44:06,120,,user325231@example.com,India,02/15/2021,"{""theme"": ""light"", ""lang"": ""es""}",,,,,,,,
87197,661445,ViewItem,2025-12-28T20:14:35,300,,user661444@example.com,U.S.,06/09/2024,"{""theme"": ""dark"", ""lang"": ""fr""}",,,,,,,,
225606,967336,logout,2024-06-25T12:32:40,NaN,iOS,user967335@example.com,Canada,,"{""theme"": ""light"", ""lang"": ""fr""}",334664.0,Basic,Active,05/23/2021,,,,
420933,448312,logout,03/22/2025,null,iOS,user448311@example.com,uk,05/25/2022,"{""theme"": ""light"", ""lang"": ""en""}",7366.0,PRO,Past Due,2022-08-23T11:25:37,,,,
867602,347500,ViewItem,2024-04-18T15:33:08,-50,,user347499@example.com,,2024-12-25T18:34:20,"{""theme"": ""light"", ""lang"": ""fr""}",425697.0,  Enterprise,Canceled,2022/10/11 16:46:43,,,,
754295,527330,logout,23-02-2023,300,,USER527329@@example..com,U.S.,08/20/2025,"{""theme"": ""light"", ""lang"": ""es""}",606773.0,PRO,Canceled,2023/06/19 13:45:46,,,,
417628,618094,login,2024-10-24T18:05:31,NaN,,user618093@example.com,US,,"{""theme"": ""light"", ""lang"": ""fr""}",304371.0,  Enterprise,Canceled,02-02-2024,,,,
423177,777394,ViewItem,2025-12-24T12:06:18,120,,user777393@example.com,US,05/13/2020,"{""theme"": ""dark"", ""lang"": ""es""}",,,,,,,,
202766,283542,LOGIN ,2025/11/30 09:11:57,null,ios,user283541@example.com,UK,2022/07/16 04:52:23,"{""theme"": ""dark"", ""lang"": ""fr""}",277918.0,  Enterprise,Active,2021-07-07T02:07:41,,,,
375872,847047,logout,2024/11/19 21:26:42,99999,,user847046@example.com,UK,2023-10-24T21:19:39,"{""theme"": ""light"", ""lang"": ""fr""}",363114.0,basic ,Canceled,2024/05/13 12:54:27,,,,
609756,234327,error,18-11-2025,null,iOS,user234326@example.com,uk,2025/06/15 05:48:11,"{""theme"": ""dark"", ""lang"": ""es""}",598130.0,basic ,Past Due,2025-12-26T00:45:42,,,,
695376,940249,purchase,2024-07-13T03:38:27,99999,android,user940248@example.com,CA,09/08/2021,"{""theme"": ""dark"", ""lang"": ""es""}",839924.0,basic ,Active,2025/06/26 06:07:19,,,,
448514,872046,ViewItem,2023-02-21T03:17:49,120,Mac,USER872045@@example..com,U.S.,,"{""theme"": ""dark"", ""lang"": ""fr""}",,,,,,,,
621851,169074,ViewItem,15-01-2025,300,ios,user169073@example.com,IN,2023/05/05 16:48:38,"{""theme"": ""dark"", ""lang"": ""fr""}",,,,,,,,
304951,633584,login,,NaN,ios,user633583@example.com,IN,2021-06-11T02:48:40,"{""theme"": ""light"", ""lang"": ""fr""}",,,,,,,,
4666,933847,error,10-04-2025,300,iOS,user933846@example.com,US,06/20/2022,"{""theme"": ""dark"", ""lang"": ""es""}",92185.0,Basic,active,2022-11-29T15:34:04,,,,
379206,327420,purchase,2024/12/16 13:43:08,-50,Windows,user327419@example.com,IN,08/12/2022,"{""theme"": ""dark"", ""lang""",,,,,,,,
462287,984590,purchase,2023-04-05T11:31:27,NaN,android,user984589@example.com,U.S.,2021-09-29T16:23:35,"{""theme"": ""light"", ""lang"": ""fr""}",509741.0,PRO,Past Due,2024-12-09T00:54:52,,,,
896277,690770,purchase,2025-11-11T15:11:12,null,Android,user690769@example.com,UK,04/01/2020,"{""theme"": ""dark"", ""lang""",261620.0,Pro,Canceled,,,,,
212450,328687,login,2025-05-08T18:03:26,120,Windows,user328686@example.com,U.S.,2023/06/20 15:44:48,"{""theme"": ""light"", ""lang"": ""fr""}",,,,,,,,
113510,682843,LOGIN ,,300,ios,user682842@example.com,Canada,2025-01-13T16:46:09,"{""theme"": ""dark"", ""lang"": ""es""}",217182.0,PRO,Canceled,2023/01/09 00:36:13,,,,
882428,840538,LOGIN ,2024/01/16 12:50:11,-50,,user840537@example.com,IN,11-05-2024,"{""theme"": ""dark"", ""lang"": ""fr""}",,,,,,,,
671226,510194,ViewItem,01/27/2025,120,,user510193@example.com,U.S.,,"{""theme"": ""light"", ""lang"": ""fr""}",423894.0,  Enterprise,Canceled,2024/10/18 04:41:31,,,,
388834,665297,error,2024/04/20 19:26:55,NaN,,user665296@example.com,IN,2022/01/01 03:05:46,"{""theme"": ""light"", ""lang"": ""es""}",341599.0,PRO,,2022-08-29T02:57:12,,,,
883635,967895,view_item,08/28/2025,300,Android,user967894@example.com,,2023/04/19 12:52:23,"{""theme"": ""dark"", ""lang"": ""es""}",704015.0,  Enterprise,Past Due,2024-04-02T23:10:46,,,,
974605,248109,purchase,06/28/2023,-50,android,user248108@example.com,IN,09/12/2021,"{""theme"": ""light"", ""lang"": ""en""}",873474.0,Basic,Canceled,23-04-2025,,,,
411498,37620,login,01-07-2023,null,Windows,user37619@example.com,,11/18/2023,"{""theme"": ""dark"", ""lang"": ""es""}",,,,,,,,
895602,706085,ViewItem,16-11-2024,120,ios,user706084@example.com,Canada,06/06/2020,"{""theme"": ""light"", ""lang"": ""fr""}",,,,,,,,
206787,872141,ViewItem,2023-07-03T12:27:33,null,ios,user872140@example.com,uk,2020/12/28 14:06:06,"{""theme"": ""light"", ""lang"": ""fr""}",33781.0,Basic,,01-03-2024,,,,
803579,566652,error,2023-06-18T16:58:07,-50,Mac,user566651@example.com,,12/28/2025,"{""theme"": ""light"", ""lang"": ""en""}",921630.0,basic ,Active,12/04/2024,,,,
171280,522875,purchase,,10,iOS,user522874@example.com,India,2020/05/15 15:19:34,"{""theme"": ""dark"", ""lang"": ""es""}",1415736.0,Enterprise,Canceled,2023/04/02 11:40:04,,,,
168443,663245,purchase,08/28/2025,NaN,,user663244@example.com,CA,05-01-2022,"{""theme"": ""dark"", ""lang"": ""fr""}",,,,,,,,
223548,695111,view_item,2025-10-01T05:01:50,300,iOS,USER695110@@example..com,,15-11-2020,"{""theme"": ""dark"", ""lang"": ""es""}",756406.0,Pro,Past Due,,,,,
544066,313644,view_item,06/07/2023,null,android,user313643@example.com,uk,2021-09-04T03:13:54,"{""theme"": ""light"", ""lang"": ""fr""}",,,,,,,,
663437,91171,error,2024-05-22T11:38:07,120,Android,user91170@example.com,UK,2021/02/25 05:04:47,"{""theme"": ""dark"", ""lang"": ""es""}",283905.0,Basic,Active,09-05-2023,,,,
770441,271218,login,09-03-2024,-50,Windows,user271217@example.com,India,05-12-2022,"{""theme"": ""dark"", ""lang"": ""fr""}",292803.0,basic ,Past Due,2023/08/26 19:44:36,,,,
439291,290802,purchase,2023/02/02 07:49:05,120,iOS,user290801@example.com,uk,24-09-2023,"{""theme"": ""light"", ""lang"": ""es""}",515997.0,Pro,active,08/20/2021,,,,
214788,112216,error,2025/10/15 09:09:12,-50,,user112215@example.com,UK,05-02-2023,"{""theme"": ""dark"", ""lang"": ""fr""}",229562.0,basic ,Canceled,2024-09-05T16:08:04,,,,
513640,192697,purchase,05/16/2023,300,,user192696@example.com,uk,04/12/2022,"{""theme"": ""dark"", ""lang"": ""es""}",1185494.0,PRO,Active,2023-10-26T23:01:29,,,,
307675,279938,view_item,2023-11-26T08:35:58,120,ios,user279937@example.com,UK,2023-12-05T01:51:04,"{""theme"": ""dark"", ""lang"": ""fr""}",54687.0,basic ,,2021-03-23T00:29:00,,,,
238366,993367,LOGIN ,2024-01-02T06:24:18,300,Mac,user993366@example.com,CA,2024/11/08 13:30:22,"{""theme"": ""light"", ""lang"": ""es""}",139961.0,  Enterprise,Active,2025-06-17T00:15:06,,,,
159883,262554,LOGIN ,24-02-2023,300,Mac,user262553@example.com,IN,20-03-2025,"{""theme"": ""light"", ""lang"": ""fr""}",507377.0,Enterprise,Canceled,02/03/2023,,,,
963239,778910,error,2024/01/31 18:55:35,99999,android,user778909@example.com,US,2023-08-09T18:07:49,"{""theme"": ""dark"", ""lang"": ""es""}",1079569.0,PRO,Canceled,02/04/2023,,,,
498164,845208,ViewItem,19-01-2025,null,android,user845207@example.com,Canada,03/18/2024,"{""theme"": ""dark"", ""lang""",111775.0,basic ,Canceled,2022/05/28 11:08:53,,,,
386102,477759,error,2024-06-25T17:37:21,-50,android,user477758@example.com,India,,"{""theme"": ""dark"", ""lang"": ""fr""}",,,,,,,,
394026,572081,logout,09/03/2025,10,ios,user572080@example.com,uk,2024-08-05T05:37:12,"{""theme"": ""dark"", ""lang""",1409516.0,Basic,active,07/17/2022,,,,
199942,878338,login,25-06-2024,null,Mac,user878337@example.com,CA,2021/10/21 09:04:57,"{""theme"": ""dark"", ""lang""",44814.0,PRO,Canceled,10/08/2022,,,,
37245,146398,LOGIN ,2025-02-02T15:28:13,99999,Mac,user146397@example.com,CA,17-12-2025,"{""theme"": ""light"", ""lang"": ""es""}",895986.0,PRO,Past Due,2025-10-24T07:01:52,,,,
35577,384287,logout,11-02-2024,null,,user384286@example.com,,25-07-2023,"{""theme"": ""light"", ""lang"": ""es""}",652294.0,Basic,Past Due,2023/01/22 15:31:05,,,,
655733,792768,login,14-12-2025,300,android,user792767@example.com,CA,25-12-2021,"{""theme"": ""dark"", ""lang""",220729.0,  Enterprise,Past Due,29-01-2021,,,,
151998,227791,error,01/06/2024,300,iOS,user227790@example.com,IN,2025-08-30T08:27:55,"{""theme"": ""dark"", ""lang"": ""fr""}",454645.0,PRO,Canceled,2024-07-17T06:27:37,,,,
166736,749982,logout,01-05-2024,300,Mac,user749981@example.com,uk,2025/02/27 20:59:21,"{""theme"": ""dark"", ""lang"": ""es""}",605644.0,PRO,,11/27/2024,,,,
731017,550131,view_item,01/20/2025,-50,,user550130@example.com,IN,2025-12-29T04:32:29,"{""theme"": ""light"", ""lang"": ""en""}",,,,,,,,
485941,960716,error,2023-09-02T06:36:10,10,Android,user960715@example.com,India,07/05/2024,"{""theme"": ""dark"", ""lang"": ""es""}",980423.0,Basic,active,11-09-2025,,,,
466824,627054,view_item,2023/03/08 08:38:22,NaN,ios,USER627053@@example..com,US,2025/09/04 03:12:39,"{""theme"": ""dark"", ""lang"": ""es""}",811093.0,Pro,Canceled,,,,,
251475,282131,logout,17-11-2025,99999,,user282130@example.com,UK,03/27/2024,"{""theme"": ""dark"", ""lang"": ""es""}",,,,,,,,
996141,732891,purchase,01/01/2023,120,Mac,user732890@example.com,UK,2025/03/17 20:09:01,"{""theme"": ""light"", ""lang"": ""es""}",,,,,,,,
602617,801300,error,01/10/2025,-50,,user801299@example.com,CA,2021/05/11 13:12:07,"{""theme"": ""light"", ""lang"": ""en""}",154974.0,PRO,Active,04/25/2021,,,,
57027,275364,purchase,2025/04/19 07:30:16,120,,user275363@example.com,US,03/25/2023,"{""theme"": ""dark"", ""lang"": ""es""}",992133.0,  Enterprise,,2023-09-19T15:29:33,,,,
81841,294772,ViewItem,2025/02/09 07:33:35,-50,iOS,user294771@example.com,CA,2024/06/14 16:42:17,"{""theme"": ""dark"", ""lang"": ""en""}",244232.0,basic ,Active,13-10-2025,,,,
588025,161803,error,2023-07-10T04:27:18,NaN,Mac,user161802@example.com,UK,04/27/2025,"{""theme"": ""light"", ""lang"": ""es""}",132009.0,  Enterprise,Canceled,01/13/2025,,,,
303148,227209,logout,2024/10/29 20:37:21,300,Windows,user227208@example.com,India,2024/09/27 18:21:44,"{""theme"": ""dark"", ""lang"": ""fr""}",830609.0,Pro,Canceled,2021-08-10T07:47:54,,,,
362160,306141,login,2025-03-04T06:53:12,99999,Windows,user306140@example.com,US,2025/02/20 02:03:37,"{""theme"": ""dark"", ""lang""",837775.0,Pro,Canceled,01/21/2025,,,,
488098,752669,purchase,11-05-2023,null,ios,user752668@example.com,India,2025/05/24 19:31:00,"{""theme"": ""dark"", ""lang""",57371.0,Pro,Canceled,01-08-2024,,,,
177996,251422,purchase,26-03-2023,120,Windows,user251421@example.com,U.S.,26-12-2022,"{""theme"": ""dark"", ""lang"": ""fr""}",499546.0,Enterprise,Active,12/08/2023,,,,
843051,736473,LOGIN ,14-01-2025,null,ios,user736472@example.com,U.S.,11-02-2021,"{""theme"": ""dark"", ""lang"": ""en""}",1113740.0,  Enterprise,Past Due,2022-01-31T12:13:14,,,,
784317,641843,error,2025-02-14T06:26:41,300,ios,user641842@example.com,UK,08-10-2023,"{""theme"": ""dark"", ""lang"": ""fr""}",207382.0,PRO,Past Due,06-11-2024,,,,
668284,885379,error,30-08-2025,null,,user885378@example.com,UK,23-04-2020,"{""theme"": ""light"", ""lang"": ""es""}",695886.0,PRO,,16-02-2023,,,,
25253,111015,view_item,2023-08-03T10:45:39,-50,android,user111014@example.com,,08/04/2023,"{""theme"": ""dark"", ""lang""",819025.0,PRO,Active,2022/12/02 05:43:42,,,,
806886,727756,purchase,05/05/2025,null,iOS,user727755@example.com,IN,2022-12-26T13:47:28,"{""theme"": ""dark"", ""lang"": ""fr""}",193161.0,  Enterprise,Canceled,2024-06-10T08:07:46,,,,
256704,978585,ViewItem,2023-09-09T12:34:54,120,iOS,user978584@example.com,IN,09/09/2023,"{""theme"": ""dark"", ""lang"": ""es""}",1381170.0,basic ,,06/06/2023,,,,
259529,114856,logout,2025/04/22 01:06:12,99999,Android,user114855@example.com,uk,01/11/2024,"{""theme"": ""light"", ""lang"": ""en""}",2490.0,Enterprise,Active,2025/01/25 06:38:14,,,,
721305,123143,purchase,08/23/2024,NaN,ios,user123142@example.com,,12/30/2020,"{""theme"": ""dark"", ""lang"": ""es""}",20453.0,Basic,Active,2022-11-23T10:32:12,,,,
647446,778506,login,2024-02-03T22:19:54,300,Mac,user778505@example.com,,13-03-2024,"{""theme"": ""dark"", ""lang""",933078.0,  Enterprise,Active,2023-05-10T15:15:54,,,,
889798,193052,purchase,2025/07/01 11:49:12,NaN,ios,user193051@example.com,CA,2024/03/25 09:36:35,"{""theme"": ""light"", ""lang"": ""fr""}",365099.0,Pro,Canceled,07/16/2024,,,,
564391,432649,error,2024-09-03T23:46:58,10,,user432648@example.com,US,2024-05-18T18:43:27,"{""theme"": ""light"", ""lang"": ""fr""}",301781.0,Pro,Active,10/24/2021,,,,
621771,637057,logout,2024/03/15 14:43:57,120,Mac,user637056@example.com,IN,2020-08-19T11:00:31,"{""theme"": ""light"", ""lang"": ""en""}",,,,,,,,
454605,615557,error,2024/02/17 05:54:08,NaN,Windows,user615556@example.com,India,2020/05/10 05:51:01,"{""theme"": ""light"", ""lang"": ""en""}",,,,,,,,
662533,383247,LOGIN ,2025-11-23T14:35:38,10,android,user383246@example.com,US,2022/05/25 01:26:43,"{""theme"": ""dark"", ""lang"": ""es""}",555304.0,  Enterprise,active,2023/05/08 06:22:09,,,,
632619,37629,purchase,2025-06-01T02:12:12,120,Mac,user37628@example.com,Canada,24-05-2021,"{""theme"": ""light"", ""lang"": ""es""}",,,,,,,,
86767,325357,login,10/09/2023,-50,Android,user325356@example.com,UK,01/08/2020,"{""theme"": ""light"", ""lang"": ""en""}",970290.0,Basic,,2022-07-19T17:30:42,,,,
590572,535444,purchase,06/19/2023,99999,ios,user535443@example.com,U.S.,2021-01-30T05:02:24,"{""theme"": ""dark"", ""lang"": ""en""}",1113369.0,PRO,Active,2025-10-01T19:32:47,,,,
540770,637140,login,,10,Windows,user637139@example.com,UK,2023/03/07 16:33:48,"{""theme"": ""dark"", ""lang""",1135341.0,basic ,Canceled,02/21/2025,,,,
361766,201281,view_item,2025-10-12T09:34:06,300,ios,user201280@example.com,uk,03/09/2020,"{""theme"": ""light"", ""lang"": ""en""}",554088.0,Pro,Canceled,07/24/2025,,,,
802233,175855,login,2025/06/27 17:30:40,NaN,iOS,user175854@example.com,uk,06/07/2022,"{""theme"": ""dark"", ""lang"": ""en""}",221926.0,PRO,Past Due,,,,,
342620,622934,logout,2024/12/04 08:21:03,-50,Windows,user622933@example.com,,2025-10-07T02:38:56,"{""theme"": ""light"", ""lang"": ""es""}",339060.0,Enterprise,active,2024-01-01T16:14:34,,,,
227344,935275,logout,11/26/2023,-50,Windows,user935274@example.com,U.S.,,"{""theme"": ""dark"", ""lang"": ""es""}",1024171.0,Pro,,10/11/2022,,,,
442894,226934,ViewItem,2024-06-02T01:05:58,120,iOS,user226933@example.com,India,2023-08-08T16:49:30,"{""theme"": ""dark"", ""lang"": ""es""}",27449.0,  Enterprise,Past Due,04/17/2025,,,,
576369,829198,logout,2025-01-07T05:39:12,120,ios,USER829197@@example..com,UK,28-01-2023,"{""theme"": ""dark"", ""lang"": ""es""}",567258.0,Enterprise,active,2023-06-05T20:53:44,,,,
108214,705376,purchase,2023/07/11 19:21:08,120,ios,user705375@example.com,CA,2024-11-16T19:01:52,"{""theme"": ""dark"", ""lang"": ""en""}",,,,,,,,
81570,227884,LOGIN ,,10,android,user227883@example.com,IN,2020/06/23 14:19:07,"{""theme"": ""light"", ""lang"": ""en""}",1297361.0,Enterprise,Active,2021-01-30T08:00:18,,,,
744796,373715,login,03/21/2024,120,iOS,user373714@example.com,India,05/31/2025,"{""theme"": ""dark"", ""lang"": ""en""}",419019.0,Pro,,10-11-2021,,,,
412813,678718,logout,2024/09/20 09:39:52,99999,android,user678717@example.com,Canada,2025-10-28T14:14:28,"{""theme"": ""light"", ""lang"": ""en""}",962316.0,Enterprise,active,2024/01/24 07:53:21,,,,
775405,726875,ViewItem,12-08-2025,120,Mac,user726874@example.com,Canada,2023/07/17 20:42:30,"{""theme"": ""dark"", ""lang"": ""en""}",,,,,,,,
375169,6643,error,,NaN,Mac,user6642@example.com,US,2023-02-06T14:26:42,"{""theme"": ""light"", ""lang"": ""fr""}",317745.0,Enterprise,,2021/07/03 22:31:28,,,,
114503,591237,logout,2025-07-17T21:46:58,120,iOS,user591236@example.com,IN,30-08-2020,"{""theme"": ""dark"", ""lang"": ""en""}",407743.0,Basic,Active,,,,,
583006,442267,view_item,2023-01-04T02:12:33,99999,android,user442266@example.com,IN,2022-02-05T19:42:09,"{""theme"": ""light"", ""lang"": ""fr""}",565874.0,Basic,Past Due,2025/09/28 06:13:22,,,,
244304,984203,LOGIN ,2023-11-25T00:52:30,-50,Mac,user984202@example.com,,26-05-2024,"{""theme"": ""dark"", ""lang"": ""en""}",98670.0,Basic,active,01/31/2021,,,,
640116,392165,view_item,22-06-2024,null,Android,user392164@example.com,IN,2023-05-09T02:15:46,"{""theme"": ""light"", ""lang"": ""fr""}",202451.0,Basic,,2021-07-08T08:10:10,,,,
727901,657474,error,2023-06-10T09:46:29,null,android,user657473@example.com,IN,08/30/2020,"{""theme"": ""dark"", ""lang"": ""es""}",10114.0,basic ,Past Due,2023/11/12 05:28:00,,,,
475425,993770,logout,10/15/2023,-50,Windows,user993769@example.com,UK,2023/07/19 16:37:12,"{""theme"": ""dark"", ""lang"": ""fr""}",691900.0,  Enterprise,Past Due,2024/03/29 01:04:58,,,,
469462,858728,login,2025-12-16T12:57:05,NaN,Mac,user858727@example.com,,29-01-2024,"{""theme"": ""dark"", ""lang"": ""fr""}",413523.0,Basic,Active,04/12/2023,,,,
327652,919539,purchase,2024-07-01T16:44:28,99999,ios,user919538@example.com,India,2021-08-31T02:50:21,"{""theme"": ""light"", ""lang"": ""es""}",483395.0,basic ,Past Due,2023-01-31T06:34:20,,,,
627219,740030,login,17-05-2023,null,iOS,user740029@example.com,CA,2025-07-07T17:47:54,"{""theme"": ""dark"", ""lang"": ""es""}",1312935.0,basic ,Active,2025-11-28T18:07:29,,,,
537381,433514,LOGIN ,2025-12-02T21:00:59,10,ios,user433513@example.com,UK,2023-11-19T11:37:50,"{""theme"": ""dark"", ""lang"": ""fr""}",1378666.0,PRO,active,2025-02-08T00:38:54,,,,
923036,174959,purchase,2024-11-13T05:22:55,null,Windows,user174958@example.com,Canada,2021-12-08T19:05:33,"{""theme"": ""dark"", ""lang"": ""en""}",411429.0,  Enterprise,active,2021-12-08T05:07:43,,,,
376137,666129,login,2025-10-20T07:08:29,-50,android,user666128@example.com,U.S.,2022-08-05T14:31:51,"{""theme"": ""dark"", ""lang"": ""es""}",1037521.0,basic ,Past Due,14-06-2022,,,,
374317,46263,purchase,2024/07/22 20:17:21,NaN,,user46262@example.com,,2022-05-06T16:35:26,"{""theme"": ""dark"", ""lang"": ""en""}",46124.0,  Enterprise,Past Due,09-11-2024,,,,
256917,844793,LOGIN ,,300,,user844792@example.com,UK,03/15/2021,"{""theme"": ""light"", ""lang"": ""es""}",47813.0,Enterprise,Past Due,2024-11-13T14:52:02,,,,
178992,785554,view_item,2023-01-07T10:01:39,-50,android,user785553@example.com,US,2025-02-10T12:16:50,"{""theme"": ""dark"", ""lang"": ""fr""}",512674.0,Pro,Canceled,23-04-2022,,,,
307356,629307,error,2023-02-05T12:49:29,120,Mac,user629306@example.com,India,2022-07-16T21:43:44,"{""theme"": ""dark"", ""lang"": ""en""}",,,,,,,,
536878,655888,purchase,2024-05-07T08:57:12,NaN,iOS,user655887@example.com,CA,2021-05-16T03:41:58,"{""theme"": ""dark"", ""lang"": ""fr""}",,,,,,,,
802008,212744,login,10/17/2025,10,Mac,user212743@example.com,U.S.,2022/08/20 21:14:50,"{""theme"": ""light"", ""lang"": ""fr""}",,,,,,,,
949228,833017,purchase,2024/08/06 04:22:42,NaN,android,user833016@example.com,U.S.,05/16/2023,"{""theme"": ""dark"", ""lang"": ""es""}",127037.0,basic ,Active,14-06-2023,,,,
384993,287778,error,2023-09-27T20:15:05,null,iOS,user287777@example.com,,2022/03/29 11:52:01,"{""theme"": ""dark"", ""lang"": ""en""}",345465.0,Enterprise,Canceled,29-01-2021,,,,
394983,782547,purchase,2024-07-11T21:51:37,NaN,Mac,user782546@example.com,Canada,2024/05/29 22:03:09,"{""theme"": ""light"", ""lang"": ""en""}",1162310.0,PRO,Past Due,2022/10/29 18:44:18,,,,
134269,168310,LOGIN ,09/16/2024,null,ios,user168309@example.com,uk,21-08-2023,"{""theme"": ""light"", ""lang"": ""en""}",,,,,,,,
458730,420172,logout,17-05-2024,120,iOS,user420171@example.com,Canada,05/08/2025,"{""theme"": ""dark"", ""lang"": ""es""}",,,,,,,,
856453,706140,error,2025/09/03 23:08:47,99999,Windows,user706139@example.com,,31-10-2022,"{""theme"": ""dark"", ""lang"": ""fr""}",,,,,,,,
392443,447825,ViewItem,,NaN,Mac,user447824@example.com,IN,2025-01-10T10:22:55,"{""theme"": ""dark"", ""lang""",21363.0,PRO,Active,29-04-2022,,,,
969403,183051,purchase,21-09-2025,99999,iOS,user183050@example.com,India,05-05-2021,"{""theme"": ""dark"", ""lang"": ""es""}",33847.0,  Enterprise,Past Due,2024/08/23 16:54:08,,,,
931144,161579,ViewItem,2023/06/07 16:46:19,120,,user161578@example.com,IN,09/16/2022,"{""theme"": ""dark"", ""lang"": ""fr""}",228458.0,Pro,active,05/14/2021,,,,
475964,971815,ViewItem,2023/02/08 20:50:22,120,iOS,user971814@example.com,Canada,11/19/2020,"{""theme"": ""dark"", ""lang"": ""fr""}",271967.0,Pro,Active,03/28/2023,,,,
956809,642200,view_item,2024-08-11T11:21:18,-50,Windows,user642199@example.com,U.S.,18-12-2024,"{""theme"": ""dark"", ""lang"": ""fr""}",1290641.0,  Enterprise,Active,2021/07/29 16:10:24,,,,
306971,185514,view_item,,-50,iOS,user185513@example.com,India,2023-02-16T07:09:00,"{""theme"": ""dark"", ""lang""",513070.0,Pro,Active,2021-07-23T02:41:06,,,,
284008,223450,purchase,14-05-2025,99999,Android,user223449@example.com,IN,2023-07-12T04:16:24,"{""theme"": ""light"", ""lang"": ""es""}",351055.0,basic ,Active,2025-12-17T16:43:44,,,,
851335,612847,ViewItem,12/21/2024,300,Windows,user612846@example.com,CA,,"{""theme"": ""dark"", ""lang"": ""fr""}",,,,,,,,
437631,163266,logout,30-09-2024,null,Android,user163265@example.com,UK,2023/04/30 18:15:03,"{""theme"": ""dark"", ""lang"": ""fr""}",1067694.0,Pro,active,2021/04/29 06:52:20,,,,
82865,13033,view_item,30-07-2025,-50,ios,user13032@example.com,IN,2021/05/15 11:15:58,"{""theme"": ""dark"", ""lang"": ""es""}",368177.0,Basic,Canceled,2024/01/21 19:01:04,,,,
95465,208095,purchase,2025/09/01 05:20:37,300,ios,user208094@example.com,CA,2020/06/06 22:12:05,"{""theme"": ""dark"", ""lang"": ""en""}",,,,,,,,
114544,722184,view_item,2023-07-30T13:57:32,10,ios,user722183@example.com,,2023-09-03T19:04:25,"{""theme"": ""light"", ""lang"": ""fr""}",705698.0,PRO,Active,2024/08/21 12:58:17,,,,
520220,525163,LOGIN ,,99999,iOS,user525162@example.com,Canada,2023-09-09T13:34:19,"{""theme"": ""light"", ""lang"": ""fr""}",,,,,,,,
133473,911693,view_item,2024-06-24T14:11:56,NaN,Mac,user911692@example.com,IN,,"{""theme"": ""light"", ""lang"": ""es""}",1069524.0,Basic,Past Due,2021-05-03T03:47:44,,,,
923939,741757,logout,2025-10-11T19:09:13,NaN,Mac,user741756@example.com,CA,2022-06-22T09:26:45,"{""theme"": ""dark"", ""lang"": ""fr""}",,,,,,,,
437475,336840,login,2024-11-27T21:07:26,300,Mac,user336839@example.com,Canada,2023/07/24 11:18:17,"{""theme"": ""dark"", ""lang"": ""en""}",1389493.0,Basic,Past Due,2022-01-03T07:39:47,,,,
752955,86714,error,,120,,user86713@example.com,India,2025-11-17T19:36:59,"{""theme"": ""light"", ""lang"": ""fr""}",242806.0,  Enterprise,Past Due,10/24/2024,,,,
115395,326108,logout,,NaN,Mac,user326107@example.com,CA,,"{""theme"": ""dark"", ""lang""",809319.0,Basic,,2021-05-01T20:00:42,,,,
331622,563005,LOGIN ,2024-10-14T19:31:37,300,ios,user563004@example.com,UK,03-10-2023,"{""theme"": ""light"", ""lang"": ""es""}",81476.0,  Enterprise,active,07/08/2025,,,,
685950,570683,view_item,29-07-2023,300,android,user570682@example.com,CA,03/24/2025,"{""theme"": ""light"", ""lang"": ""fr""}",647746.0,PRO,Canceled,25-02-2025,,,,
419264,265453,view_item,2025-07-15T23:16:28,10,Mac,user265452@example.com,U.S.,2022-01-23T09:14:35,"{""theme"": ""light"", ""lang"": ""fr""}",,,,,,,,
469397,429608,error,19-05-2023,120,ios,user429607@example.com,US,2022/12/23 22:51:03,"{""theme"": ""dark"", ""lang"": ""es""}",594800.0,  Enterprise,active,2021-05-24T15:43:56,,,,
571419,896930,purchase,2025-09-02T14:52:58,NaN,Android,user896929@example.com,India,2024-09-13T08:59:20,"{""theme"": ""dark"", ""lang"": ""es""}",14829.0,Pro,active,2021-10-10T11:58:01,,,,
688650,794667,purchase,03/09/2024,120,Android,user794666@example.com,CA,2025/05/12 01:07:11,"{""theme"": ""dark"", ""lang"": ""es""}",,,,,,,,
928220,812205,login,2024/03/05 23:45:38,null,Mac,user812204@example.com,UK,04/09/2021,"{""theme"": ""dark"", ""lang""",,,,,,,,
517591,869919,LOGIN ,2023/04/19 20:02:14,10,ios,user869918@example.com,India,11/27/2025,"{""theme"": ""light"", ""lang"": ""en""}",362187.0,  Enterprise,Canceled,2022/01/11 23:12:44,,,,
368576,378068,logout,2023-11-26T19:46:50,-50,Android,user378067@example.com,CA,2024-05-21T21:18:38,"{""theme"": ""dark"", ""lang"": ""es""}",,,,,,,,
134151,912769,purchase,2025/05/11 07:23:40,10,iOS,user912768@example.com,CA,11-03-2021,"{""theme"": ""dark"", ""lang""",305929.0,PRO,Active,2024/07/10 15:55:46,,,,
790503,460068,LOGIN ,2025/11/03 21:55:25,null,Mac,user460067@example.com,US,31-12-2022,"{""theme"": ""light"", ""lang"": ""es""}",,,,,,,,
653928,737062,logout,2023-12-24T11:22:03,300,Windows,user737061@example.com,Canada,,"{""theme"": ""light"", ""lang"": ""fr""}",,,,,,,,
316196,856096,LOGIN ,30-07-2023,10,Android,user856095@example.com,CA,2020/10/23 05:29:48,"{""theme"": ""dark"", ""lang""",,,,,,,,
522475,567338,view_item,17-10-2024,null,iOS,user567337@example.com,UK,2024-07-05T03:03:23,"{""theme"": ""dark"", ""lang"": ""es""}",958531.0,Pro,active,08/23/2022,,,,
976598,737466,ViewItem,10-06-2023,99999,,user737465@example.com,,31-03-2024,"{""theme"": ""dark"", ""lang""",5180.0,  Enterprise,,2024-03-04T07:41:41,,,,
827030,172521,view_item,22-10-2024,99999,ios,user172520@example.com,India,05/13/2020,"{""theme"": ""dark"", ""lang""",337978.0,PRO,active,03/10/2025,,,,
796571,429596,purchase,03/13/2025,300,Windows,user429595@example.com,Canada,2024-03-06T22:08:06,"{""theme"": ""dark"", ""lang"": ""fr""}",564631.0,PRO,,01/01/2023,,,,
378089,473232,login,2025-07-24T17:46:34,null,Android,user473231@example.com,IN,2022-07-21T18:45:18,"{""theme"": ""dark"", ""lang"": ""fr""}",206707.0,PRO,Active,,,,,
125921,794690,purchase,08/26/2024,10,Windows,user794689@example.com,Canada,2025-06-29T23:15:43,"{""theme"": ""light"", ""lang"": ""es""}",445349.0,basic ,Active,,,,,
416104,380091,view_item,12-02-2025,120,iOS,user380090@example.com,UK,2021-11-25T10:34:36,"{""theme"": ""dark"", ""lang"": ""en""}",685675.0,Enterprise,,01/29/2021,,,,
167275,751863,ViewItem,,120,android,user751862@example.com,,2022-10-31T02:34:26,"{""theme"": ""dark"", ""lang""",1354158.0,Basic,active,2022-03-27T05:04:06,,,,
113838,531336,logout,03/17/2023,99999,,user531335@example.com,uk,10-08-2021,"{""theme"": ""light"", ""lang"": ""es""}",393830.0,Pro,,2021/07/24 05:03:32,,,,
254199,861002,login,27-05-2023,99999,Windows,USER861001@@example..com,UK,05-09-2022,"{""theme"": ""light"", ""lang"": ""fr""}",659191.0,Pro,Canceled,2022-02-02T14:06:07,,,,
830534,904448,purchase,2024-01-16T06:50:44,null,ios,user904447@example.com,uk,04/05/2020,"{""theme"": ""dark"", ""lang"": ""es""}",,,,,,,,
843031,11534,logout,2025-07-20T21:47:12,null,ios,user11533@example.com,U.S.,2022/09/04 10:07:29,"{""theme"": ""light"", ""lang"": ""fr""}",1269717.0,Basic,,10/12/2021,,,,
333161,439923,login,2024/12/27 16:41:31,NaN,Mac,user439922@example.com,Canada,2023-05-19T11:17:07,"{""theme"": ""dark"", ""lang"": ""fr""}",510170.0,PRO,Canceled,2024-08-23T03:48:19,,,,
576814,336147,purchase,12-11-2024,99999,android,user336146@example.com,US,26-09-2021,"{""theme"": ""light"", ""lang"": ""fr""}",1233524.0,Pro,,26-10-2024,,,,
611954,141985,logout,2023/02/24 22:52:00,-50,ios,user141984@example.com,US,05-12-2022,"{""theme"": ""light"", ""lang"": ""es""}",478370.0,  Enterprise,Past Due,03-11-2021,,,,
398511,55724,purchase,02-03-2024,null,Windows,user55723@example.com,Canada,2024-07-04T07:26:37,"{""theme"": ""light"", ""lang"": ""es""}",,,,,,,,
972089,304184,view_item,12/12/2023,10,android,user304183@example.com,IN,22-03-2024,"{""theme"": ""light"", ""lang"": ""en""}",650199.0,Pro,Active,12/24/2025,,,,
223593,350083,purchase,11-05-2025,10,iOS,user350082@example.com,CA,2024-04-03T23:25:09,"{""theme"": ""light"", ""lang"": ""fr""}",,,,,,,,
544658,193335,logout,2024-07-13T05:13:57,300,Android,user193334@example.com,IN,09/16/2022,"{""theme"": ""light"", ""lang"": ""en""}",,,,,,,,
47643,67710,error,,null,iOS,user67709@example.com,U.S.,,"{""theme"": ""dark"", ""lang"": ""es""}",383928.0,basic ,,10/27/2022,,,,
270715,482022,LOGIN ,2025-07-27T22:00:55,99999,,user482021@example.com,US,06/02/2025,"{""theme"": ""dark"", ""lang"": ""fr""}",1082420.0,PRO,active,05-06-2025,,,,
45740,674526,view_item,01/03/2023,10,ios,user674525@example.com,India,2025/09/25 12:20:01,"{""theme"": ""light"", ""lang"": ""en""}",88405.0,PRO,Canceled,11-10-2022,,,,
179814,997923,error,2025/04/12 06:15:19,null,Android,user997922@example.com,US,11/11/2020,"{""theme"": ""dark"", ""lang"": ""es""}",14424.0,PRO,Canceled,2021-10-29T04:37:00,,,,
320156,97424,LOGIN ,04-11-2023,10,Windows,user97423@example.com,CA,2021-11-30T14:20:33,"{""theme"": ""light"", ""lang"": ""en""}",60522.0,Basic,Active,21-08-2021,,,,
271729,903370,purchase,2024-06-22T00:21:40,null,android,user903369@example.com,CA,2022-08-08T05:44:07,"{""theme"": ""dark"", ""lang"": ""en""}",779755.0,PRO,Canceled,2024-11-22T10:58:02,,,,
865423,901947,purchase,2025/10/09 22:50:31,120,iOS,user901946@example.com,IN,24-06-2023,"{""theme"": ""light"", ""lang"": ""en""}",654547.0,  Enterprise,Canceled,04/21/2024,,,,
799629,926083,view_item,2025/08/27 04:21:16,120,Android,user926082@example.com,U.S.,02/24/2020,"{""theme"": ""dark"", ""lang"": ""es""}",1463858.0,  Enterprise,,03/01/2022,,,,
902224,419317,LOGIN ,07/03/2025,NaN,iOS,user419316@example.com,IN,05/28/2021,"{""theme"": ""light"", ""lang"": ""es""}",402740.0,  Enterprise,Canceled,2025/03/24 08:36:23,,,,
760511,642926,logout,01/28/2024,120,Mac,user642925@example.com,Canada,2023-05-13T16:53:48,"{""theme"": ""dark"", ""lang"": ""es""}",1399156.0,basic ,,2025/04/01 08:02:09,,,,
317232,866991,purchase,2025/05/23 01:41:43,120,Windows,user866990@example.com,UK,2024/08/10 15:24:27,"{""theme"": ""dark"", ""lang""",551948.0,Pro,,08-11-2024,,,,
187875,74289,purchase,08/12/2023,null,Android,user74288@example.com,US,2023-03-27T20:50:37,"{""theme"": ""light"", ""lang"": ""es""}",,,,,,,,
526645,345572,view_item,2024-05-31T13:03:56,99999,,user345571@example.com,UK,2023-02-28T21:27:36,"{""theme"": ""dark"", ""lang"": ""en""}",392895.0,Enterprise,Active,2022/08/16 02:31:54,,,,
344244,507977,logout,2025-09-21T10:41:57,99999,iOS,USER507976@@example..com,,2022-04-30T08:12:06,"{""theme"": ""dark"", ""lang"": ""fr""}",,,,,,,,
903072,260852,login,03-09-2025,NaN,,user260851@example.com,U.S.,2020-11-16T21:30:53,"{""theme"": ""light"", ""lang"": ""fr""}",391505.0,Enterprise,Past Due,2023-07-31T17:29:47,,,,
793215,958408,ViewItem,11/15/2023,10,ios,user958407@example.com,US,2024-12-23T22:37:51,"{""theme"": ""light"", ""lang"": ""en""}",855533.0,Pro,,12-02-2022,,,,
388576,130857,LOGIN ,2023/09/27 04:14:22,-50,android,user130856@example.com,uk,2021-04-06T09:39:24,"{""theme"": ""light"", ""lang"": ""en""}",1380111.0,Basic,Active,08/18/2022,,,,
1762,793282,LOGIN ,2023-02-23T06:02:02,NaN,iOS,user793281@example.com,India,2024/07/16 05:09:49,"{""theme"": ""light"", ""lang"": ""en""}",,,,,,,,
846103,992241,error,11/18/2023,null,ios,user992240@example.com,IN,2025-05-29T22:03:51,"{""theme"": ""dark"", ""lang""",60303.0,Basic,,2022-04-07T19:18:06,,,,
965852,12493,error,06/23/2025,-50,android,user12492@example.com,US,2022-01-22T17:09:19,"{""theme"": ""dark"", ""lang"": ""en""}",28858.0,PRO,,26-05-2022,,,,
182020,793874,ViewItem,2024/03/17 20:44:25,120,Windows,user793873@example.com,uk,2022-11-11T19:35:56,"{""theme"": ""dark"", ""lang"": ""es""}",835362.0,basic ,active,2024-04-03T16:26:18,,,,
981007,111387,ViewItem,05/11/2024,-50,Mac,user111386@example.com,uk,2024/12/31 16:19:30,"{""theme"": ""dark"", ""lang"": ""fr""}",,,,,,,,
822609,593756,login,,-50,iOS,user593755@example.com,UK,2024-07-05T07:55:06,"{""theme"": ""light"", ""lang"": ""en""}",1173818.0,Enterprise,active,01/21/2023,,,,
561754,61985,LOGIN ,2024/11/16 15:20:40,null,Android,user61984@example.com,India,05-12-2024,"{""theme"": ""light"", ""lang"": ""fr""}",882402.0,PRO,Canceled,2024-05-17T13:32:36,,,,
706768,409605,LOGIN ,2023-08-07T04:04:08,null,iOS,user409604@example.com,U.S.,01-07-2020,"{""theme"": ""dark"", ""lang""",266944.0,Basic,Past Due,2021/02/24 15:19:08,,,,
917614,786581,LOGIN ,10/17/2024,300,ios,user786580@example.com,US,2020-07-25T05:25:26,"{""theme"": ""light"", ""lang"": ""en""}",227229.0,Basic,Canceled,15-03-2021,,,,
810984,366555,ViewItem,2024-01-26T22:07:21,null,,USER366554@@example..com,U.S.,2022-10-02T20:02:45,"{""theme"": ""light"", ""lang"": ""fr""}",258069.0,Pro,Active,08-01-2022,,,,
272016,356827,purchase,18-03-2024,-50,iOS,user356826@example.com,CA,2020-04-28T00:28:47,"{""theme"": ""dark"", ""lang"": ""en""}",73059.0,Basic,Active,2022/06/24 20:05:20,,,,
823483,983245,error,2024-11-12T22:36:05,null,Windows,user983244@example.com,U.S.,2021/02/22 19:43:14,"{""theme"": ""light"", ""lang"": ""en""}",,,,,,,,
475356,973822,error,2025-07-14T23:33:48,10,,user973821@example.com,IN,04/01/2025,"{""theme"": ""dark"", ""lang"": ""en""}",1471108.0,Pro,Active,11/30/2022,,,,
931721,261449,logout,2025/01/23 10:32:37,10,ios,user261448@example.com,CA,2025/08/08 23:39:13,"{""theme"": ""dark"", ""lang"": ""fr""}",330197.0,  Enterprise,Past Due,02/09/2025,,,,
317781,763391,purchase,2023-09-16T20:13:51,300,Windows,user763390@example.com,US,2024-11-18T15:00:03,"{""theme"": ""light"", ""lang"": ""es""}",267865.0,Pro,,02/21/2022,,,,
899664,914510,view_item,16-02-2024,-50,,user914509@example.com,India,2024-11-19T14:46:32,"{""theme"": ""light"", ""lang"": ""fr""}",863261.0,basic ,Past Due,2023/12/04 06:51:24,,,,
239175,786694,LOGIN ,2025-12-11T18:18:47,NaN,Mac,user786693@example.com,CA,2025-03-22T05:51:20,"{""theme"": ""light"", ""lang"": ""es""}",107604.0,PRO,Past Due,2022-03-31T04:45:49,,,,
199296,562697,view_item,2025/12/19 00:53:07,99999,iOS,user562696@example.com,US,20-08-2022,"{""theme"": ""light"", ""lang"": ""es""}",,,,,,,,
567879,489378,ViewItem,30-04-2025,120,Mac,user489377@example.com,Canada,08-04-2023,"{""theme"": ""light"", ""lang"": ""fr""}",354532.0,Basic,Active,11/13/2023,,,,
492009,119412,LOGIN ,04/28/2023,300,android,user119411@example.com,UK,30-11-2023,"{""theme"": ""dark"", ""lang"": ""en""}",,,,,,,,
211627,862277,error,16-08-2023,120,Windows,user862276@example.com,,05/28/2025,"{""theme"": ""light"", ""lang"": ""es""}",1178322.0,Basic,Active,2021-10-26T14:27:17,,,,
810996,471929,error,2024/09/19 04:39:55,99999,Android,user471928@example.com,CA,2020-05-09T11:09:47,"{""theme"": ""light"", ""lang"": ""es""}",513009.0,Enterprise,Active,2024-12-11T06:49:58,,,,
904476,776117,view_item,03-08-2023,-50,Android,user776116@example.com,CA,01/07/2020,"{""theme"": ""light"", ""lang"": ""es""}",235979.0,PRO,Canceled,2024-02-22T03:03:51,,,,
860007,685193,login,04/25/2025,null,Android,user685192@example.com,IN,2024-01-15T22:11:37,"{""theme"": ""light"", ""lang"": ""fr""}",1292327.0,PRO,Canceled,12/08/2022,,,,
107970,805285,error,2024-05-30T19:48:04,10,Android,user805284@example.com,U.S.,03-08-2021,"{""theme"": ""light"", ""lang"": ""fr""}",121437.0,Pro,Canceled,,,,,
43891,183208,login,2024/09/19 21:40:52,10,Mac,user183207@example.com,CA,2024-08-12T21:12:50,"{""theme"": ""light"", ""lang"": ""es""}",1428197.0,  Enterprise,active,2023-10-31T05:31:02,,,,
160513,69542,ViewItem,2024-02-13T17:09:50,120,Windows,USER69541@@example..com,IN,2025-01-06T07:06:41,"{""theme"": ""light"", ""lang"": ""en""}",434072.0,  Enterprise,active,2024-06-18T00:08:13,,,,
878094,517259,view_item,2024-03-10T10:40:32,null,ios,user517258@example.com,US,,"{""theme"": ""light"", ""lang"": ""en""}",149566.0,PRO,,15-07-2024,,,,
45423,107879,view_item,09/15/2023,120,ios,USER107878@@example..com,uk,2023-02-24T11:22:25,"{""theme"": ""dark"", ""lang"": ""es""}",1266190.0,  Enterprise,active,2025/06/01 08:25:49,,,,
242735,670320,logout,2025/12/18 20:53:38,120,,user670319@example.com,uk,05/16/2024,"{""theme"": ""dark"", ""lang"": ""en""}",659286.0,  Enterprise,Canceled,08-12-2024,,,,
562360,726823,logout,2025-08-19T09:37:14,null,android,user726822@example.com,US,05/11/2022,"{""theme"": ""dark"", ""lang"": ""en""}",,,,,,,,
598694,119836,ViewItem,2025/07/19 04:42:05,10,ios,user119835@example.com,uk,2022-09-12T09:19:11,"{""theme"": ""light"", ""lang"": ""en""}",1083841.0,PRO,Active,29-10-2024,,,,
227809,233948,LOGIN ,11-10-2024,null,android,user233947@example.com,CA,08/22/2022,"{""theme"": ""light"", ""lang"": ""fr""}",608948.0,basic ,Past Due,2023-01-29T09:24:53,,,,
24315,401264,ViewItem,2025/03/06 20:19:11,-50,,user401263@example.com,uk,,"{""theme"": ""dark"", ""lang"": ""fr""}",37697.0,Pro,active,09/01/2025,,,,
557900,888316,error,10/24/2024,10,android,user888315@example.com,CA,2021-12-13T18:24:19,"{""theme"": ""light"", ""lang"": ""es""}",,,,,,,,
993760,872929,LOGIN ,2024/08/18 06:42:19,NaN,Mac,user872928@example.com,uk,2023/10/02 05:56:13,"{""theme"": ""dark"", ""lang"": ""en""}",,,,,,,,
730893,942961,view_item,10-03-2023,10,Mac,user942960@example.com,Canada,22-06-2024,"{""theme"": ""dark"", ""lang"": ""en""}",311627.0,Basic,Canceled,2022/01/22 22:55:28,,,,
600038,159045,login,2025/05/28 01:15:06,NaN,ios,user159044@example.com,,2022-06-12T01:56:38,"{""theme"": ""light"", ""lang"": ""es""}",31676.0,Enterprise,,01/11/2025,,,,
409822,68243,LOGIN ,05/14/2024,NaN,Android,user68242@example.com,UK,2021/02/16 06:50:12,"{""theme"": ""light"", ""lang"": ""fr""}",1363547.0,Basic,Past Due,23-12-2022,,,,
359223,623584,ViewItem,10/31/2023,10,android,user623583@example.com,Canada,27-10-2025,"{""theme"": ""light"", ""lang"": ""es""}",680637.0,Basic,Active,10-10-2021,,,,
41792,813435,LOGIN ,2023/07/08 19:26:37,120,,user813434@example.com,CA,18-09-2024,"{""theme"": ""light"", ""lang"": ""es""}",1001314.0,PRO,Active,18-05-2022,,,,
223234,112799,view_item,2023-07-22T01:18:26,NaN,,user112798@example.com,US,10/20/2020,"{""theme"": ""dark"", ""lang"": ""fr""}",481538.0,Pro,active,2022/08/20 19:37:55,,,,
21637,269445,view_item,09-09-2025,10,iOS,user269444@example.com,India,2024-02-28T19:08:57,"{""theme"": ""light"", ""lang"": ""en""}",1069590.0,Pro,Active,2024/02/26 12:55:58,,,,
873387,52590,login,2023-12-04T15:49:51,99999,iOS,user52589@example.com,uk,2024-08-14T01:24:46,"{""theme"": ""dark"", ""lang"": ""es""}",,,,,,,,
793529,399419,ViewItem,01/06/2024,10,Mac,user399418@example.com,CA,2025-04-05T01:54:42,"{""theme"": ""dark"", ""lang"": ""fr""}",131910.0,Pro,,08/09/2024,,,,
66175,494812,LOGIN ,05/10/2024,300,iOS,user494811@example.com,IN,11-09-2023,"{""theme"": ""dark"", ""lang"": ""en""}",,,,,,,,
83910,139200,error,2024/06/25 17:13:43,-50,Mac,user139199@example.com,India,05/16/2025,"{""theme"": ""light"", ""lang"": ""es""}",,,,,,,,
414337,654940,view_item,2023-01-11T07:40:09,120,ios,user654939@example.com,CA,2021-08-28T23:12:30,"{""theme"": ""light"", ""lang"": ""en""}",1095279.0,Enterprise,active,2023-11-10T05:41:55,,,,
315723,721561,LOGIN ,2023-09-22T11:01:45,300,Android,user721560@example.com,UK,2024/06/18 07:30:55,"{""theme"": ""light"", ""lang"": ""es""}",917071.0,Enterprise,Past Due,29-08-2025,,,,
533006,185440,ViewItem,2023-04-02T08:20:50,NaN,,user185439@example.com,IN,24-06-2024,"{""theme"": ""dark"", ""lang"": ""fr""}",70731.0,Basic,active,2023/01/03 21:54:42,,,,
106743,990452,LOGIN ,2023/10/22 10:28:01,99999,iOS,USER990451@@example..com,U.S.,2025/08/22 19:32:58,"{""theme"": ""dark"", ""lang"": ""es""}",102561.0,PRO,Canceled,2022/09/21 17:10:19,,,,
652161,546412,ViewItem,2024/10/03 21:45:56,120,ios,user546411@example.com,U.S.,2021-10-27T17:38:48,"{""theme"": ""light"", ""lang"": ""en""}",,,,,,,,
893435,633448,purchase,2023/08/02 11:41:29,300,Android,user633447@example.com,,2020-09-26T19:53:36,"{""theme"": ""dark"", ""lang"": ""en""}",795382.0,  Enterprise,Past Due,2025-07-03T21:25:39,,,,
953819,379999,view_item,2024/12/30 14:44:01,-50,android,user379998@example.com,IN,2022/01/27 04:41:38,"{""theme"": ""dark"", ""lang"": ""fr""}",29859.0,PRO,,09-07-2024,,,,
313716,572850,ViewItem,2023-03-13T13:25:32,300,Mac,user572849@example.com,uk,2020-01-02T16:58:29,"{""theme"": ""light"", ""lang"": ""en""}",935591.0,  Enterprise,Active,04/29/2025,,,,
507899,602445,LOGIN ,07-11-2023,10,Android,user602444@example.com,India,2025-10-03T22:54:25,"{""theme"": ""dark"", ""lang"": ""es""}",1433696.0,PRO,,2024-07-12T10:42:12,,,,
720622,131947,purchase,2023-07-14T20:30:30,120,iOS,user131946@example.com,IN,2024/08/18 06:32:26,"{""theme"": ""dark"", ""lang"": ""es""}",1188437.0,  Enterprise,Canceled,2022-10-08T11:39:07,,,,
418490,999917,logout,26-11-2023,10,Android,user999916@example.com,US,03/04/2025,"{""theme"": ""dark"", ""lang"": ""es""}",201171.0,Enterprise,active,01/21/2023,,,,
447203,35104,ViewItem,,120,Android,user35103@example.com,CA,2024/12/06 19:58:56,"{""theme"": ""light"", ""lang"": ""en""}",,,,,,,,
959405,794539,logout,2024-03-16T17:21:52,120,Mac,user794538@example.com,UK,2020/02/09 02:32:45,"{""theme"": ""dark"", ""lang""",1030933.0,basic ,Past Due,2021/07/29 08:41:17,,,,
897081,36576,view_item,2023/01/21 00:27:35,99999,Mac,user36575@example.com,IN,2023-09-30T23:53:05,"{""theme"": ""light"", ""lang"": ""en""}",,,,,,,,
917462,90637,purchase,2025-08-14T12:26:43,-50,ios,user90636@example.com,US,2021-01-07T06:03:05,"{""theme"": ""dark"", ""lang"": ""es""}",778795.0,Pro,,17-12-2023,,,,
304191,532295,purchase,12/01/2025,-50,android,user532294@example.com,India,,"{""theme"": ""dark"", ""lang"": ""fr""}",294982.0,  Enterprise,Past Due,2023/04/14 01:30:08,,,,
79290,103350,logout,2025-09-26T13:19:14,10,Mac,user103349@example.com,US,22-01-2020,"{""theme"": ""dark"", ""lang"": ""en""}",897014.0,PRO,,2021/03/19 12:04:19,,,,
431039,483063,LOGIN ,2024/11/08 04:26:57,300,Android,user483062@example.com,Canada,2022/04/19 05:51:11,"{""theme"": ""light"", ""lang"": ""fr""}",1262364.0,basic ,active,2024/05/30 16:51:52,,,,
385166,691653,LOGIN ,07-07-2023,99999,android,user691652@example.com,US,2021/08/12 04:20:15,"{""theme"": ""light"", ""lang"": ""en""}",,,,,,,,
147798,665779,login,2025/09/18 05:11:29,300,ios,user665778@example.com,,2025-10-15T02:49:17,"{""theme"": ""dark"", ""lang"": ""fr""}",315745.0,basic ,,09/09/2022,,,,
70450,607704,logout,2025/04/07 23:07:30,null,android,user607703@example.com,UK,11/20/2020,"{""theme"": ""dark"", ""lang"": ""fr""}",57027.0,Pro,active,02-10-2025,,,,
534209,441708,purchase,2025/12/26 17:01:39,99999,ios,user441707@example.com,UK,2024/11/27 04:15:46,"{""theme"": ""light"", ""lang"": ""es""}",,,,,,,,
289377,639111,view_item,2023/05/17 21:26:01,-50,Mac,user639110@example.com,uk,2021-01-19T21:13:18,"{""theme"": ""light"", ""lang"": ""es""}",947705.0,Basic,Past Due,06/19/2025,,,,
94845,559457,view_item,2025-01-29T15:44:54,null,Windows,user559456@example.com,US,08/23/2020,"{""theme"": ""light"", ""lang"": ""es""}",188382.0,Basic,Active,2022-05-09T19:17:55,,,,
799522,275756,ViewItem,2023-09-26T17:58:06,null,Windows,user275755@example.com,US,2023-04-08T01:15:54,"{""theme"": ""light"", ""lang"": ""en""}",,,,,,,,
663906,673608,ViewItem,04-06-2023,120,Mac,user673607@example.com,IN,03/31/2024,"{""theme"": ""light"", ""lang"": ""en""}",172978.0,Pro,,2025/04/25 01:57:22,,,,
791590,414029,error,2023/01/16 21:49:33,300,ios,user414028@example.com,U.S.,03-02-2021,"{""theme"": ""dark"", ""lang"": ""fr""}",38284.0,PRO,Active,2021-05-18T19:53:30,,,,
112187,856637,view_item,2024/02/03 08:10:13,120,Windows,user856636@example.com,U.S.,03/30/2021,"{""theme"": ""dark"", ""lang"": ""en""}",1094329.0,Pro,Active,2025/04/01 21:08:08,,,,
884506,302285,view_item,2023-06-23T20:09:36,NaN,android,user302284@example.com,,2022-01-28T17:18:18,"{""theme"": ""dark"", ""lang"": ""es""}",,,,,,,,
587558,919482,LOGIN ,02/25/2023,-50,Mac,user919481@example.com,UK,2023-12-07T05:37:05,"{""theme"": ""dark"", ""lang"": ""es""}",1257513.0,  Enterprise,Canceled,2024/09/13 18:20:36,,,,
105947,125025,purchase,2025-03-07T01:22:22,null,iOS,user125024@example.com,India,08/21/2022,"{""theme"": ""dark"", ""lang"": ""es""}",958273.0,Enterprise,active,2025/09/21 10:20:01,,,,
889608,126037,LOGIN ,2023/09/19 13:11:14,120,Windows,user126036@example.com,UK,01/21/2025,"{""theme"": ""dark"", ""lang"": ""es""}",607499.0,Enterprise,Canceled,2022-03-20T16:35:49,,,,
867419,888097,ViewItem,11/07/2023,120,Windows,USER888096@@example..com,Canada,08/20/2021,"{""theme"": ""dark"", ""lang"": ""fr""}",393484.0,Basic,Past Due,2023-12-10T16:00:15,,,,
26642,979399,purchase,2025/04/14 09:08:46,300,Mac,user979398@example.com,,2024/04/07 11:10:38,"{""theme"": ""dark"", ""lang"": ""en""}",845902.0,Enterprise,Past Due,2023-07-05T01:12:39,,,,
612634,530147,login,19-06-2023,120,Android,user530146@example.com,US,2020/10/08 21:31:19,"{""theme"": ""dark"", ""lang""",521428.0,Enterprise,Past Due,2022-02-19T05:23:58,,,,
846368,835688,login,24-07-2025,NaN,Android,user835687@example.com,CA,2024-12-01T02:01:46,"{""theme"": ""dark"", ""lang""",1103968.0,Pro,active,2022-03-09T16:52:17,,,,
932964,315828,error,2024-03-05T11:14:10,99999,,user315827@example.com,uk,03/26/2023,"{""theme"": ""dark"", ""lang"": ""fr""}",425958.0,Basic,active,08/10/2022,,,,
317542,431973,ViewItem,2025/02/09 04:53:40,300,Android,user431972@example.com,Canada,2025-10-20T02:58:54,"{""theme"": ""light"", ""lang"": ""fr""}",10051.0,basic ,,12/06/2021,,,,
849161,48985,view_item,01/09/2023,-50,iOS,user48984@example.com,India,2024-11-06T08:36:58,"{""theme"": ""light"", ""lang"": ""fr""}",,,,,,,,
362345,176701,login,05/18/2024,10,,user176700@example.com,CA,01/18/2022,"{""theme"": ""light"", ""lang"": ""en""}",1481816.0,Pro,active,08/02/2023,,,,
751939,292495,login,2023/07/06 05:41:15,null,ios,user292494@example.com,,12/25/2024,"{""theme"": ""dark"", ""lang"": ""en""}",1181131.0,Pro,Canceled,2024/03/12 23:27:02,,,,
713591,453926,login,07/10/2025,NaN,Mac,user453925@example.com,India,30-11-2020,"{""theme"": ""dark"", ""lang"": ""en""}",714046.0,Pro,Canceled,2024-11-05T03:33:38,,,,
325417,270013,error,04/03/2024,10,Mac,user270012@example.com,UK,,"{""theme"": ""dark"", ""lang"": ""es""}",,,,,,,,
542607,804477,login,14-04-2024,-50,Mac,user804476@example.com,India,2024/11/01 02:09:58,"{""theme"": ""dark"", ""lang""",1054120.0,  Enterprise,,02/11/2023,,,,
661416,954889,ViewItem,2025/06/18 07:44:32,10,Mac,user954888@example.com,uk,03/27/2021,"{""theme"": ""dark"", ""lang""",190743.0,  Enterprise,Past Due,2021/06/20 20:07:24,,,,
358238,976641,login,2023/12/03 23:22:40,120,iOS,user976640@example.com,Canada,2021/02/19 19:55:00,"{""theme"": ""light"", ""lang"": ""en""}",,,,,,,,
32218,723878,purchase,2023-09-01T05:32:36,NaN,android,user723877@example.com,US,2023/06/08 08:26:56,"{""theme"": ""light"", ""lang"": ""en""}",1236167.0,  Enterprise,,2023/04/30 04:22:38,395184.0,"19,99",2023-08-25T16:26:36,Paid
518263,326059,error,2023-08-27T08:22:22,120,Windows,user326058@example.com,UK,2022-05-07T04:12:37,"{""theme"": ""dark"", ""lang""",819634.0,Basic,Active,2023/12/21 01:59:17,,,,
305005,547469,view_item,2024-04-10T08:59:40,99999,Mac,user547468@example.com,IN,12/07/2022,"{""theme"": ""dark"", ""lang"": ""en""}",345822.0,  Enterprise,active,2023/09/10 08:01:57,,,,
240244,3029,error,2024-05-08T09:43:25,99999,iOS,user3028@example.com,UK,2025-08-22T12:49:32,"{""theme"": ""light"", ""lang"": ""fr""}",,,,,,,,
461939,866912,ViewItem,,300,Windows,user866911@example.com,U.S.,2021-09-06T18:38:39,"{""theme"": ""dark"", ""lang"": ""en""}",,,,,,,,
707861,939971,error,11/23/2023,300,android,user939970@example.com,US,2024/04/25 19:34:55,"{""theme"": ""dark"", ""lang""",412424.0,Basic,Past Due,2022/08/10 14:58:04,,,,
51950,867879,login,04/13/2024,NaN,Windows,user867878@example.com,Canada,,"{""theme"": ""light"", ""lang"": ""es""}",340595.0,  Enterprise,active,2025/07/28 08:53:32,,,,
532653,956324,logout,05/16/2024,10,Windows,user956323@example.com,U.S.,2024/08/04 06:00:51,"{""theme"": ""light"", ""lang"": ""es""}",837217.0,basic ,Active,2022-06-27T05:17:39,,,,
89242,190900,login,2023-11-21T11:58:12,99999,,user190899@example.com,,2020-06-20T22:24:40,"{""theme"": ""light"", ""lang"": ""es""}",312369.0,basic ,active,2024-06-10T12:04:00,,,,
412961,576037,logout,2025-02-06T04:34:52,300,ios,user576036@example.com,uk,2024/06/15 10:48:17,"{""theme"": ""dark"", ""lang"": ""fr""}",104151.0,  Enterprise,Active,2023/02/21 23:22:06,,,,
165800,884243,LOGIN ,2023/09/07 12:25:44,10,android,user884242@example.com,U.S.,03-05-2023,"{""theme"": ""dark"", ""lang"": ""fr""}",453600.0,basic ,,2025-12-27T13:07:05,,,,
154671,424903,view_item,10-12-2025,300,iOS,user424902@example.com,U.S.,2021/09/23 14:28:33,"{""theme"": ""light"", ""lang"": ""fr""}",699199.0,  Enterprise,active,2021-05-25T20:19:09,,,,
371336,605366,error,11-06-2025,NaN,Mac,user605365@example.com,UK,2024-02-12T06:27:52,"{""theme"": ""light"", ""lang"": ""en""}",785726.0,Basic,,06/18/2025,,,,
294498,558970,purchase,20-07-2025,120,ios,user558969@example.com,US,2022-10-09T18:35:40,"{""theme"": ""dark"", ""lang"": ""fr""}",188145.0,Pro,Canceled,11/08/2021,,,,
366262,220192,purchase,09/04/2023,120,Android,user220191@example.com,uk,,"{""theme"": ""light"", ""lang"": ""en""}",947881.0,basic ,,2024-11-03T07:05:25,,,,
911455,816852,view_item,05/26/2023,NaN,Mac,user816851@example.com,uk,2023-03-22T15:10:59,"{""theme"": ""dark"", ""lang"": ""en""}",324395.0,PRO,Active,12-04-2022,,,,
313790,399804,ViewItem,25-04-2025,NaN,Windows,user399803@example.com,CA,03-01-2021,"{""theme"": ""dark"", ""lang"": ""en""}",,,,,,,,
605083,751905,logout,2025/10/13 08:52:09,10,,user751904@example.com,CA,2022/03/29 22:10:10,"{""theme"": ""light"", ""lang"": ""es""}",166734.0,PRO,,2024/02/05 20:25:51,,,,
7150,81197,logout,2023-06-30T08:01:13,99999,Android,user81196@example.com,CA,2023-07-06T03:42:34,"{""theme"": ""dark"", ""lang"": ""es""}",1204628.0,PRO,active,2023-02-01T12:34:58,,,,
797852,258574,view_item,05/12/2025,300,Mac,user258573@example.com,U.S.,2024-02-05T21:40:11,"{""theme"": ""light"", ""lang"": ""es""}",,,,,,,,
659784,467254,login,02-04-2024,300,iOS,user467253@example.com,UK,05/16/2021,"{""theme"": ""light"", ""lang"": ""en""}",,,,,,,,
186110,377606,login,2024/05/03 00:07:24,null,Mac,user377605@example.com,US,,"{""theme"": ""light"", ""lang"": ""fr""}",669365.0,  Enterprise,active,02/19/2023,,,,
86018,50912,logout,,300,Android,user50911@example.com,India,2025-07-15T12:06:41,"{""theme"": ""light"", ""lang"": ""es""}",87205.0,Basic,active,2024-05-30T17:04:54,,,,
618401,811957,view_item,08/11/2024,99999,Android,user811956@example.com,UK,23-12-2023,"{""theme"": ""dark"", ""lang"": ""en""}",945752.0,Enterprise,Active,02/16/2021,,,,
914245,501560,login,05/13/2023,300,,user501559@example.com,Canada,2022-04-01T09:27:27,"{""theme"": ""dark"", ""lang"": ""es""}",235910.0,Pro,Canceled,15-09-2022,,,,
48539,875801,purchase,10/15/2024,-50,Windows,user875800@example.com,CA,2022-05-21T14:50:52,"{""theme"": ""dark"", ""lang""",,,,,,,,
685176,499107,logout,2025-01-14T12:44:45,300,,user499106@example.com,,05-07-2022,"{""theme"": ""dark"", ""lang""",394614.0,Enterprise,Canceled,07/04/2023,,,,
573073,156883,login,26-09-2025,null,android,user156882@example.com,,2025-08-23T07:25:48,"{""theme"": ""light"", ""lang"": ""fr""}",497854.0,  Enterprise,,2022-06-07T23:37:06,,,,
287968,884956,logout,01/27/2023,300,Mac,user884955@example.com,,12/24/2022,"{""theme"": ""light"", ""lang"": ""fr""}",,,,,,,,
807478,292443,login,01-02-2025,NaN,Mac,user292442@example.com,U.S.,11-06-2020,"{""theme"": ""light"", ""lang"": ""en""}",826340.0,Enterprise,Past Due,07/13/2022,,,,
895347,577687,ViewItem,04/17/2023,120,Mac,user577686@example.com,,2022/10/20 19:00:08,"{""theme"": ""dark"", ""lang"": ""en""}",,,,,,,,
610405,2621,purchase,2025/08/14 09:36:15,NaN,iOS,user2620@example.com,IN,03/21/2023,"{""theme"": ""dark"", ""lang""",1363231.0,basic ,Canceled,2025/06/18 06:58:18,,,,
519231,2243,ViewItem,2025-05-02T06:12:53,-50,Windows,user2242@example.com,US,07/13/2024,"{""theme"": ""dark"", ""lang"": ""es""}",1419962.0,Enterprise,Canceled,2021-02-27T11:56:41,,,,
792433,264442,purchase,08-08-2024,99999,Android,user264441@example.com,CA,2024-05-17T11:08:34,"{""theme"": ""dark"", ""lang"": ""en""}",,,,,,,,
64215,466026,ViewItem,,99999,android,user466025@example.com,UK,2020-11-25T07:58:29,"{""theme"": ""light"", ""lang"": ""es""}",544800.0,Basic,Active,2024-08-01T10:10:49,,,,
915956,479050,view_item,2025/06/10 20:54:43,10,Mac,user479049@example.com,US,2023-07-07T07:19:47,"{""theme"": ""dark"", ""lang"": ""es""}",,,,,,,,
272172,842261,logout,,99999,Mac,user842260@example.com,U.S.,21-04-2020,"{""theme"": ""light"", ""lang"": ""en""}",43606.0,Pro,active,03-04-2025,,,,
215882,469404,error,03/14/2024,120,Windows,USER469403@@example..com,Canada,01-02-2021,"{""theme"": ""dark"", ""lang"": ""en""}",98892.0,Basic,,04/27/2022,,,,
283724,327740,LOGIN ,2024/10/20 00:28:57,-50,Windows,user327739@example.com,CA,06-06-2021,"{""theme"": ""light"", ""lang"": ""en""}",13901.0,PRO,Active,2022/11/02 19:22:02,,,,
429379,707057,purchase,02/17/2025,NaN,iOS,user707056@example.com,India,06/04/2021,"{""theme"": ""light"", ""lang"": ""en""}",1050583.0,basic ,,07/04/2023,,,,
684054,525387,login,06-06-2025,300,ios,user525386@example.com,US,22-02-2025,"{""theme"": ""dark"", ""lang"": ""fr""}",231725.0,Pro,Canceled,2025-08-18T04:03:29,,,,
618025,101965,login,,-50,ios,user101964@example.com,CA,09-09-2020,"{""theme"": ""dark"", ""lang"": ""en""}",341866.0,Enterprise,active,23-03-2025,,,,
798059,614223,view_item,06-06-2023,-50,Mac,user614222@example.com,US,,"{""theme"": ""light"", ""lang"": ""es""}",,,,,,,,
18990,163023,login,2025/12/10 00:22:36,10,,user163022@example.com,US,2023/11/01 23:35:22,"{""theme"": ""dark"", ""lang"": ""en""}",,,,,,,,
807016,388661,purchase,07/19/2025,-50,iOS,user388660@example.com,CA,15-02-2022,"{""theme"": ""light"", ""lang"": ""en""}",1393873.0,Pro,Canceled,,,,,
575385,605485,purchase,10/12/2025,null,,user605484@example.com,Canada,03/26/2023,"{""theme"": ""light"", ""lang"": ""es""}",62158.0,Pro,Active,2022-01-03T16:06:12,,,,
592275,981007,login,2025-09-18T01:15:17,120,,user981006@example.com,Canada,,"{""theme"": ""dark"", ""lang"": ""fr""}",476068.0,PRO,,,,,,
559638,157855,ViewItem,06-10-2025,NaN,,user157854@example.com,U.S.,03/24/2023,"{""theme"": ""light"", ""lang"": ""fr""}",,,,,,,,
446868,44695,view_item,18-11-2025,-50,android,user44694@example.com,US,2022/02/14 16:39:58,"{""theme"": ""light"", ""lang"": ""en""}",,,,,,,,
196338,363635,ViewItem,2024-07-18T11:22:52,120,Android,user363634@example.com,uk,2021/10/05 10:41:22,"{""theme"": ""light"", ""lang"": ""fr""}",1016180.0,Enterprise,active,2022-10-28T16:37:35,,,,
444704,128025,logout,26-02-2025,NaN,ios,user128024@example.com,US,,"{""theme"": ""dark"", ""lang""",259810.0,Pro,Canceled,01/23/2022,,,,
620896,129742,logout,29-03-2024,NaN,,user129741@example.com,UK,2025-07-22T02:00:40,"{""theme"": ""dark"", ""lang""",818725.0,PRO,Past Due,05-05-2025,,,,
990442,61303,view_item,2025-07-12T04:13:16,-50,ios,user61302@example.com,CA,07-11-2022,"{""theme"": ""light"", ""lang"": ""fr""}",31229.0,PRO,Past Due,24-11-2021,,,,
175383,359092,ViewItem,10/09/2023,null,,user359091@example.com,,2024-06-08T17:18:05,"{""theme"": ""light"", ""lang"": ""en""}",,,,,,,,
837830,295774,ViewItem,2025-04-26T16:53:36,10,Android,user295773@example.com,uk,08/29/2023,"{""theme"": ""light"", ""lang"": ""en""}",531504.0,Enterprise,Canceled,2024-07-16T17:14:28,,,,
703562,890407,ViewItem,2023/11/13 23:04:45,-50,iOS,USER890406@@example..com,US,2022-12-10T17:40:28,"{""theme"": ""dark"", ""lang"": ""es""}",345275.0,PRO,,11/14/2021,,,,
429577,401980,logout,02/24/2023,null,Android,user401979@example.com,Canada,2022/04/03 21:36:34,"{""theme"": ""light"", ""lang"": ""fr""}",25691.0,basic ,Past Due,2024-06-02T14:17:03,,,,
863965,426382,LOGIN ,07-11-2024,99999,ios,USER426381@@example..com,,06-01-2025,"{""theme"": ""dark"", ""lang"": ""es""}",1147652.0,basic ,,2021-09-12T12:59:26,,,,
692631,233506,ViewItem,2025-07-23T16:37:06,-50,android,user233505@example.com,CA,19-09-2023,"{""theme"": ""light"", ""lang"": ""en""}",104795.0,Enterprise,active,2022-07-05T11:51:17,,,,
925993,132642,error,2023/08/29 21:45:07,300,Android,user132641@example.com,India,08/03/2024,"{""theme"": ""dark"", ""lang"": ""fr""}",36607.0,  Enterprise,Canceled,2025-06-27T13:13:09,,,,
166007,145836,error,2025-08-03T02:14:00,120,,user145835@example.com,,11/11/2025,"{""theme"": ""light"", ""lang"": ""fr""}",1154094.0,Pro,Past Due,2023/02/16 09:07:41,,,,
837486,824947,ViewItem,2024-11-18T13:40:16,NaN,Mac,user824946@example.com,US,02/29/2020,"{""theme"": ""dark"", ""lang"": ""es""}",39566.0,PRO,Canceled,2023-11-10T07:44:46,,,,
986574,699470,error,2024-05-09T16:25:27,120,,user699469@example.com,US,2024-09-22T19:11:23,"{""theme"": ""dark"", ""lang"": ""es""}",623657.0,Basic,Canceled,2023-12-25T16:25:14,,,,
907645,179237,login,2023/01/26 18:52:10,300,Android,user179236@example.com,India,12-08-2024,"{""theme"": ""dark"", ""lang"": ""en""}",219431.0,Enterprise,Active,09-05-2023,,,,
486685,670998,ViewItem,09-01-2023,120,ios,user670997@example.com,UK,2021-05-23T18:43:51,"{""theme"": ""light"", ""lang"": ""fr""}",796916.0,Enterprise,,2022-02-06T05:34:03,,,,
20748,950154,view_item,2023-02-04T17:47:21,null,iOS,user950153@example.com,uk,,"{""theme"": ""dark"", ""lang"": ""fr""}",413344.0,  Enterprise,Past Due,02/08/2023,,,,
900081,395823,login,2024-09-18T21:47:04,null,android,user395822@example.com,,2022/09/13 04:41:32,"{""theme"": ""dark"", ""lang"": ""fr""}",,,,,,,,
287889,635423,purchase,2024/05/07 07:53:57,300,,user635422@example.com,uk,2020-09-04T09:22:23,"{""theme"": ""dark"", ""lang"": ""en""}",1190904.0,  Enterprise,Canceled,2024/03/14 15:22:57,,,,
90208,479236,purchase,27-04-2023,300,android,user479235@example.com,US,08/03/2025,"{""theme"": ""dark"", ""lang"": ""fr""}",640336.0,PRO,,29-09-2021,,,,
302310,348100,ViewItem,26-12-2025,99999,Windows,user348099@example.com,U.S.,2020-04-21T15:26:11,"{""theme"": ""light"", ""lang"": ""fr""}",655633.0,Basic,,10/19/2021,,,,
689599,988493,login,01-11-2024,-50,ios,user988492@example.com,,2020-06-17T21:23:04,"{""theme"": ""dark"", ""lang"": ""en""}",55599.0,basic ,active,2022-03-08T02:52:44,,,,
722696,803924,logout,24-11-2024,-50,android,user803923@example.com,,07/24/2021,"{""theme"": ""dark"", ""lang"": ""fr""}",,,,,,,,
292656,442704,view_item,2025-05-11T12:25:15,null,Windows,user442703@example.com,CA,2020-08-18T09:25:29,"{""theme"": ""dark"", ""lang"": ""fr""}",322513.0,Pro,active,2022-10-14T10:41:08,,,,
981596,570637,view_item,16-08-2025,NaN,Mac,user570636@example.com,,03-05-2025,"{""theme"": ""dark"", ""lang"": ""es""}",306182.0,Enterprise,Canceled,2022-09-19T15:23:03,,,,
340038,34011,LOGIN ,06/23/2025,99999,ios,user34010@example.com,U.S.,09/16/2023,"{""theme"": ""light"", ""lang"": ""fr""}",,,,,,,,
144608,222661,purchase,2023-05-21T20:12:33,-50,android,USER222660@@example..com,Canada,2020/05/01 04:45:24,"{""theme"": ""dark"", ""lang""",,,,,,,,
142453,52600,error,02-01-2025,120,,user52599@example.com,,2022-01-11T21:07:29,"{""theme"": ""light"", ""lang"": ""en""}",1267658.0,Basic,,07/28/2025,,,,
324042,903577,view_item,2024-10-29T15:18:21,99999,android,user903576@example.com,UK,2020-04-24T17:40:26,"{""theme"": ""light"", ""lang"": ""fr""}",,,,,,,,
801259,873942,view_item,09/15/2023,-50,,user873941@example.com,U.S.,2020-04-11T09:26:02,"{""theme"": ""light"", ""lang"": ""en""}",409265.0,Basic,Past Due,,,,,
525544,17523,purchase,2025-09-15T21:45:43,300,Windows,user17522@example.com,CA,05/05/2021,"{""theme"": ""light"", ""lang"": ""en""}",,,,,,,,
845015,834928,logout,05/14/2023,10,Android,user834927@example.com,uk,2025/01/05 17:47:38,"{""theme"": ""dark"", ""lang"": ""fr""}",285164.0,Enterprise,Canceled,08/20/2025,,,,
368629,192143,logout,2025-06-11T02:06:33,NaN,ios,user192142@example.com,India,2020-11-27T16:57:26,"{""theme"": ""dark"", ""lang""",576295.0,PRO,Canceled,10-03-2025,,,,
996104,114265,logout,2023/01/18 02:26:47,300,ios,user114264@example.com,,26-05-2022,"{""theme"": ""dark"", ""lang"": ""es""}",223854.0,basic ,Active,2023-04-01T19:34:36,,,,
660515,334914,error,2024/07/07 19:58:26,120,Windows,user334913@example.com,uk,2021-07-12T08:05:38,"{""theme"": ""dark"", ""lang""",1117789.0,basic ,,,,,,
854678,4399,error,06/05/2025,10,android,user4398@example.com,IN,2023-02-13T05:34:55,"{""theme"": ""light"", ""lang"": ""en""}",,,,,,,,
298651,350012,error,2023-02-02T02:33:17,120,android,user350011@example.com,CA,17-02-2024,"{""theme"": ""dark"", ""lang"": ""en""}",467368.0,Pro,Canceled,2022-06-13T02:11:59,,,,
881517,838256,LOGIN ,2025-04-02T10:47:18,NaN,,USER838255@@example..com,CA,2024/07/28 02:19:09,"{""theme"": ""dark"", ""lang""",744997.0,Basic,,22-03-2024,,,,
123595,266090,view_item,15-06-2024,NaN,ios,user266089@example.com,,01/08/2021,"{""theme"": ""light"", ""lang"": ""es""}",101851.0,Enterprise,active,12-09-2025,,,,
744148,298723,view_item,12/30/2023,-50,Android,user298722@example.com,India,2020-08-18T11:48:32,"{""theme"": ""dark"", ""lang"": ""fr""}",738263.0,Basic,Past Due,,,,,
231644,727945,view_item,03/21/2023,300,ios,user727944@example.com,U.S.,18-10-2023,"{""theme"": ""light"", ""lang"": ""en""}",1156192.0,Enterprise,active,2022-10-03T13:39:54,,,,
551550,899709,LOGIN ,2024/02/08 04:14:38,-50,Windows,user899708@example.com,,02/19/2021,"{""theme"": ""dark"", ""lang"": ""fr""}",100314.0,Pro,,2022-08-19T11:55:20,,,,
146472,729448,view_item,26-09-2024,null,Windows,user729447@example.com,uk,2025-07-29T07:33:47,"{""theme"": ""dark"", ""lang""",769838.0,Basic,active,2023-01-26T10:31:16,,,,
556065,214949,ViewItem,2023-07-24T22:32:55,10,iOS,user214948@example.com,IN,2020-05-19T07:41:44,"{""theme"": ""light"", ""lang"": ""en""}",,,,,,,,
989412,593372,purchase,2024-08-03T05:12:56,120,iOS,USER593371@@example..com,,2025/09/20 20:04:34,"{""theme"": ""light"", ""lang"": ""en""}",839167.0,Basic,,2024/12/26 18:43:15,,,,
322419,459777,error,02/01/2025,99999,Mac,user459776@example.com,India,16-10-2022,"{""theme"": ""dark"", ""lang""",,,,,,,,
985928,464732,view_item,2023/06/10 00:50:40,10,Android,user464731@example.com,,2025-04-01T23:33:51,"{""theme"": ""light"", ""lang"": ""es""}",1157450.0,basic ,,2025-08-20T10:29:08,,,,
271254,330732,logout,2025-02-04T21:19:30,99999,ios,user330731@example.com,UK,2025-01-06T02:33:24,"{""theme"": ""light"", ""lang"": ""en""}",454478.0,  Enterprise,active,,,,,
222039,163110,logout,2025-02-20T12:00:18,NaN,android,user163109@example.com,,2024-06-18T07:20:13,"{""theme"": ""light"", ""lang"": ""es""}",838303.0,Basic,Canceled,2023-08-16T19:56:04,,,,
930906,382005,LOGIN ,2024-09-18T01:50:44,-50,Mac,USER382004@@example..com,,2023/10/06 03:47:10,"{""theme"": ""dark"", ""lang"": ""es""}",1195125.0,Enterprise,Canceled,01/03/2025,,,,
602967,433016,LOGIN ,2025-09-10T17:21:45,300,ios,user433015@example.com,India,2025-04-15T10:08:59,"{""theme"": ""dark"", ""lang"": ""fr""}",347882.0,Enterprise,,2023/12/15 11:02:20,,,,
970426,527103,ViewItem,12-12-2024,-50,ios,user527102@example.com,India,2023/01/22 05:50:55,"{""theme"": ""light"", ""lang"": ""es""}",819567.0,Pro,active,2023/02/09 16:40:02,,,,
205414,769002,error,09/09/2024,10,Android,user769001@example.com,uk,2021-08-07T08:29:53,"{""theme"": ""dark"", ""lang"": ""en""}",826631.0,Basic,Active,08/16/2025,,,,
416121,435991,logout,,99999,android,user435990@example.com,IN,03/15/2025,"{""theme"": ""dark"", ""lang"": ""en""}",,,,,,,,
856221,925847,LOGIN ,2023/03/04 01:33:33,300,ios,USER925846@@example..com,uk,26-07-2024,"{""theme"": ""dark"", ""lang"": ""fr""}",1237047.0,Basic,Canceled,24-01-2022,,,,
201124,926475,login,2024-09-01T22:10:12,10,,user926474@example.com,,2020-11-11T04:25:07,"{""theme"": ""dark"", ""lang"": ""fr""}",,,,,,,,
537088,646721,error,2025-09-10T05:30:23,120,Mac,user646720@example.com,UK,04/20/2025,"{""theme"": ""dark"", ""lang""",1258596.0,PRO,Active,26-06-2021,,,,
922562,231053,ViewItem,2024-09-17T15:25:11,10,Windows,user231052@example.com,Canada,2022/01/09 15:15:23,"{""theme"": ""dark"", ""lang"": ""fr""}",44176.0,Enterprise,Active,09-06-2024,,,,
727841,85488,error,01/18/2023,99999,ios,user85487@example.com,UK,25-02-2022,"{""theme"": ""dark"", ""lang"": ""en""}",765828.0,Basic,Canceled,20-03-2024,,,,
369571,996293,purchase,2025-02-14T06:31:29,10,ios,user996292@example.com,US,2020/04/13 14:08:05,"{""theme"": ""light"", ""lang"": ""fr""}",340872.0,Enterprise,,2023/05/10 10:13:50,,,,
287711,311386,purchase,2025-04-11T03:08:10,10,Mac,user311385@example.com,US,2020-02-05T22:33:53,"{""theme"": ""dark"", ""lang""",497596.0,Enterprise,active,2022/08/01 03:12:43,,,,
404821,333514,logout,14-03-2025,99999,Windows,user333513@example.com,,23-04-2022,"{""theme"": ""dark"", ""lang"": ""es""}",830881.0,PRO,active,2025-07-20T13:27:58,,,,
200693,749415,logout,2023-06-01T20:08:42,120,Windows,USER749414@@example..com,IN,2022-04-20T08:42:43,"{""theme"": ""dark"", ""lang"": ""es""}",1451752.0,basic ,,2025/12/04 15:11:35,,,,
77277,484974,LOGIN ,03/24/2024,10,Android,USER484973@@example..com,,2021-10-07T15:43:03,"{""theme"": ""light"", ""lang"": ""es""}",1271249.0,PRO,,2025-02-09T02:44:51,,,,
325397,509992,logout,20-02-2024,null,iOS,user509991@example.com,India,07/19/2024,"{""theme"": ""light"", ""lang"": ""en""}",547102.0,  Enterprise,Active,2021-07-07T18:03:15,,,,
514197,861884,view_item,2025-12-25T11:12:56,null,ios,user861883@example.com,UK,08-09-2024,"{""theme"": ""dark"", ""lang"": ""fr""}",819812.0,Enterprise,Canceled,2025/03/27 05:57:46,,,,
21809,515037,purchase,2025/09/10 15:03:06,10,Mac,user515036@example.com,UK,06/03/2020,"{""theme"": ""dark"", ""lang"": ""fr""}",940707.0,Basic,,05/16/2023,,,,
315074,740001,purchase,2024-09-03T11:23:15,null,Windows,user740000@example.com,India,2020-07-17T09:34:51,"{""theme"": ""dark"", ""lang"": ""es""}",350719.0,Pro,Canceled,18-10-2024,,,,
687157,825621,view_item,2024/04/08 20:58:39,120,android,user825620@example.com,UK,2023-11-26T19:33:09,"{""theme"": ""light"", ""lang"": ""fr""}",474968.0,  Enterprise,Active,2025/11/11 10:56:31,,,,
577549,392391,logout,14-11-2024,10,,user392390@example.com,Canada,12/03/2021,"{""theme"": ""light"", ""lang"": ""es""}",823991.0,Basic,Canceled,13-06-2021,,,,
752649,734670,view_item,2024/03/09 18:08:47,10,Android,user734669@example.com,IN,2024/03/10 10:35:49,"{""theme"": ""dark"", ""lang"": ""fr""}",657823.0,basic ,,2023-10-02T10:18:53,,,,
382053,367137,login,2024-01-21T23:35:55,NaN,Windows,user367136@example.com,uk,26-10-2023,"{""theme"": ""dark"", ""lang"": ""en""}",58269.0,basic ,Active,2021/07/31 09:22:44,,,,
396117,713234,login,11/03/2023,-50,iOS,user713233@example.com,,2020-03-06T22:54:33,"{""theme"": ""dark"", ""lang"": ""es""}",31086.0,basic ,Canceled,02-06-2021,,,,
793892,495666,error,2023/05/27 17:04:42,99999,ios,USER495665@@example..com,Canada,2025-01-17T13:52:02,"{""theme"": ""light"", ""lang"": ""fr""}",996618.0,PRO,active,2025-06-09T23:02:59,,,,
866136,627485,ViewItem,29-05-2024,120,Windows,user627484@example.com,UK,2023-02-09T06:14:58,"{""theme"": ""dark"", ""lang""",137258.0,Basic,,22-04-2025,,,,
953071,38590,logout,2025-05-16T21:46:43,NaN,android,user38589@example.com,US,01-04-2022,"{""theme"": ""light"", ""lang"": ""fr""}",695844.0,PRO,active,14-11-2022,,,,
823051,524838,logout,2024-10-16T14:51:39,300,iOS,user524837@example.com,,2022/10/27 01:28:24,"{""theme"": ""light"", ""lang"": ""en""}",1061897.0,Enterprise,Active,2025-12-27T04:30:10,,,,
486953,180066,purchase,10/08/2025,NaN,Android,user180065@example.com,UK,08/01/2022,"{""theme"": ""light"", ""lang"": ""en""}",970425.0,Enterprise,Canceled,01/27/2022,,,,
953420,998664,purchase,2025/07/13 17:10:09,120,ios,user998663@example.com,uk,2022/01/19 23:37:56,"{""theme"": ""light"", ""lang"": ""es""}",240897.0,basic ,Past Due,2023-02-01T20:14:58,,,,
144424,807107,login,2023-02-10T09:25:12,-50,Mac,user807106@example.com,uk,2025/08/21 16:06:50,"{""theme"": ""dark"", ""lang""",1130321.0,basic ,,2022-02-08T09:02:55,,,,
412692,487469,error,25-10-2025,300,Mac,user487468@example.com,India,2022-12-27T01:40:04,"{""theme"": ""light"", ""lang"": ""en""}",17047.0,Basic,Past Due,2022/10/27 18:15:22,,,,
490121,90091,purchase,,null,Android,user90090@example.com,U.S.,2021-11-22T09:35:33,"{""theme"": ""dark"", ""lang"": ""fr""}",504818.0,basic ,Past Due,2025-10-20T15:09:25,,,,
770965,818557,logout,12-08-2025,10,Android,user818556@example.com,CA,2021/06/02 06:13:49,"{""theme"": ""dark"", ""lang"": ""en""}",77226.0,basic ,Canceled,2024/09/03 16:59:37,,,,
468481,627526,purchase,2024/09/16 08:43:10,-50,Android,user627525@example.com,CA,02/18/2020,"{""theme"": ""dark"", ""lang"": ""fr""}",242480.0,  Enterprise,active,2025/09/18 22:01:07,,,,
374155,242041,login,2024-08-28T15:48:16,-50,Windows,user242040@example.com,UK,2024/10/22 21:06:14,"{""theme"": ""light"", ""lang"": ""es""}",,,,,,,,
312831,344818,view_item,11-05-2024,null,ios,user344817@example.com,CA,2021-06-30T03:28:59,"{""theme"": ""dark"", ""lang"": ""fr""}",965715.0,Pro,active,2024/10/04 06:04:40,,,,
504464,110488,ViewItem,2023/12/24 04:22:27,99999,iOS,user110487@example.com,U.S.,,"{""theme"": ""dark"", ""lang""",276674.0,Pro,Past Due,01/22/2025,,,,
167119,161893,ViewItem,2025-06-15T07:19:57,10,android,user161892@example.com,uk,12/27/2022,"{""theme"": ""dark"", ""lang"": ""en""}",479215.0,basic ,Active,2023-06-08T05:10:12,,,,
302659,594776,logout,09/26/2023,300,Mac,user594775@example.com,IN,2021/05/25 15:22:05,"{""theme"": ""dark"", ""lang"": ""es""}",428820.0,Pro,active,2022/08/10 21:56:27,,,,
359368,257884,LOGIN ,13-10-2023,null,iOS,user257883@example.com,uk,2024/05/07 07:08:34,"{""theme"": ""light"", ""lang"": ""es""}",1006717.0,  Enterprise,active,,,,,
74873,285364,logout,2023-07-10T13:29:32,null,Android,user285363@example.com,UK,2024-10-01T13:47:12,"{""theme"": ""light"", ""lang"": ""fr""}",960896.0,  Enterprise,Active,12-11-2023,,,,
633553,823129,ViewItem,14-10-2025,null,iOS,USER823128@@example..com,U.S.,2020-07-18T01:58:41,"{""theme"": ""dark"", ""lang""",360234.0,Basic,active,18-03-2023,,,,
675418,462394,LOGIN ,2023-09-08T19:23:19,99999,iOS,user462393@example.com,,07/10/2020,"{""theme"": ""dark"", ""lang"": ""fr""}",201156.0,Pro,Past Due,2022-11-26T09:35:46,,,,
895196,846397,LOGIN ,02/06/2023,120,Windows,USER846396@@example..com,,01/25/2021,"{""theme"": ""light"", ""lang"": ""fr""}",283522.0,Enterprise,Canceled,08/08/2025,,,,
336892,727342,LOGIN ,2023-10-15T06:45:03,-50,Windows,user727341@example.com,India,,"{""theme"": ""dark"", ""lang"": ""en""}",399808.0,Basic,active,01/11/2021,,,,
934999,781773,ViewItem,05/18/2023,-50,android,user781772@example.com,US,2024-10-15T19:30:42,"{""theme"": ""dark"", ""lang"": ""en""}",,,,,,,,
231334,926922,logout,2024/09/12 00:46:31,120,Mac,user926921@example.com,U.S.,07-10-2021,"{""theme"": ""dark"", ""lang"": ""es""}",1153206.0,basic ,Canceled,2022-08-30T00:23:48,,,,
798891,892825,view_item,2025/04/20 16:15:48,99999,Android,user892824@example.com,India,,"{""theme"": ""light"", ""lang"": ""fr""}",102172.0,Pro,Past Due,2023-04-24T18:15:10,,,,
337828,556018,purchase,17-06-2023,-50,Android,user556017@example.com,Canada,,"{""theme"": ""dark"", ""lang"": ""en""}",283644.0,  Enterprise,Canceled,10/18/2023,,,,
124561,983605,login,2023-05-12T16:12:25,10,iOS,user983604@example.com,U.S.,07-07-2023,"{""theme"": ""dark"", ""lang""",,,,,,,,
133330,474431,view_item,2023-07-02T17:05:09,10,android,user474430@example.com,US,2020-03-05T01:13:25,"{""theme"": ""light"", ""lang"": ""es""}",338304.0,PRO,,,,,,
706873,890234,logout,2025-05-13T12:03:35,300,Android,user890233@example.com,,2022-03-02T20:06:34,"{""theme"": ""dark"", ""lang"": ""fr""}",28094.0,Basic,,10/22/2024,,,,
954831,780894,error,22-08-2024,10,Mac,user780893@example.com,U.S.,,"{""theme"": ""dark"", ""lang"": ""en""}",,,,,,,,
340431,930281,ViewItem,2025/10/27 22:52:37,120,,user930280@example.com,CA,2025/10/31 19:34:23,"{""theme"": ""light"", ""lang"": ""es""}",132052.0,Enterprise,Canceled,03/17/2021,,,,
15195,597901,logout,2024-09-22T13:50:35,300,,user597900@example.com,,25-12-2020,"{""theme"": ""dark"", ""lang"": ""es""}",,,,,,,,
270519,200774,logout,,99999,,user200773@example.com,,2025-07-14T17:35:05,"{""theme"": ""light"", ""lang"": ""en""}",187342.0,basic ,Past Due,03/05/2022,,,,
108520,399730,ViewItem,10/01/2024,300,android,user399729@example.com,US,,"{""theme"": ""light"", ""lang"": ""en""}",723801.0,Pro,Past Due,,,,,
721789,564273,login,,120,Windows,user564272@example.com,India,2021-05-07T09:53:43,"{""theme"": ""light"", ""lang"": ""en""}",,,,,,,,
849914,268867,LOGIN ,2025/07/26 08:11:34,300,ios,user268866@example.com,,04/05/2020,"{""theme"": ""dark"", ""lang""",,,,,,,,
466343,590604,login,2025/01/26 15:11:31,99999,Mac,user590603@example.com,UK,2023/08/17 08:41:40,"{""theme"": ""dark"", ""lang"": ""es""}",424031.0,Basic,Past Due,2022-03-26T01:12:47,,,,
154001,971585,error,2023/01/17 19:30:06,300,android,user971584@example.com,IN,06/30/2021,"{""theme"": ""dark"", ""lang"": ""fr""}",292801.0,Basic,Past Due,2023-03-10T04:45:18,,,,
772801,652921,ViewItem,15-03-2024,300,Mac,user652920@example.com,CA,03-09-2022,"{""theme"": ""dark"", ""lang"": ""es""}",505778.0,Enterprise,Canceled,2024/08/17 10:10:45,,,,
773461,976911,ViewItem,,120,Windows,user976910@example.com,,2021-03-03T21:06:24,"{""theme"": ""dark"", ""lang"": ""fr""}",708556.0,  Enterprise,Active,09/16/2025,,,,
549577,796360,logout,2024-04-16T23:18:51,10,ios,user796359@example.com,UK,2024-07-21T13:14:49,"{""theme"": ""light"", ""lang"": ""en""}",,,,,,,,
177505,139986,LOGIN ,2023-11-27T01:47:29,null,Windows,USER139985@@example..com,US,03/07/2024,"{""theme"": ""light"", ""lang"": ""es""}",142043.0,  Enterprise,Past Due,07/23/2023,,,,
725863,136937,login,10/18/2023,120,,user136936@example.com,uk,06-03-2024,"{""theme"": ""light"", ""lang"": ""es""}",127043.0,Enterprise,,02/20/2022,,,,
629693,449932,LOGIN ,2024/06/29 07:41:29,120,ios,user449931@example.com,IN,04/18/2021,"{""theme"": ""dark"", ""lang"": ""fr""}",,,,,,,,
308823,637094,login,10-08-2024,120,android,user637093@example.com,India,2023-02-03T04:20:31,"{""theme"": ""dark"", ""lang"": ""es""}",492976.0,Basic,Canceled,03/01/2024,,,,
212105,802707,error,2024-06-03T15:19:49,-50,Windows,user802706@example.com,uk,2022/01/30 14:57:41,"{""theme"": ""dark"", ""lang"": ""en""}",,,,,,,,
637218,731592,error,25-09-2023,null,Windows,user731591@example.com,US,2025-09-02T09:14:38,"{""theme"": ""dark"", ""lang"": ""en""}",,,,,,,,
903240,901817,error,09/01/2024,-50,iOS,user901816@example.com,Canada,10/21/2024,"{""theme"": ""dark"", ""lang"": ""es""}",,,,,,,,
779124,663868,LOGIN ,2024-10-24T15:45:36,10,Android,user663867@example.com,IN,2022-08-27T19:33:05,"{""theme"": ""light"", ""lang"": ""en""}",817625.0,PRO,Past Due,2025-05-07T12:25:43,,,,
109683,745478,logout,2023-03-12T12:56:14,99999,Android,user745477@example.com,,2021/07/10 21:12:13,"{""theme"": ""light"", ""lang"": ""es""}",612396.0,basic ,Canceled,04/14/2022,,,,
759553,72501,LOGIN ,2024/06/21 04:07:47,10,Windows,user72500@example.com,uk,2020-12-02T22:35:08,"{""theme"": ""dark"", ""lang"": ""en""}",1459931.0,PRO,Active,12/08/2022,,,,
943647,56737,logout,2024-04-01T23:24:55,10,iOS,user56736@example.com,,2022/09/07 23:17:19,"{""theme"": ""dark"", ""lang""",62565.0,Pro,,2025/11/14 12:42:04,,,,
549153,174173,view_item,12/15/2024,99999,ios,user174172@example.com,uk,2025/04/05 01:32:07,"{""theme"": ""dark"", ""lang"": ""fr""}",119887.0,Enterprise,active,2022/02/03 06:01:25,,,,
310543,480187,logout,10-11-2025,NaN,iOS,user480186@example.com,US,10/20/2025,"{""theme"": ""dark"", ""lang"": ""es""}",747945.0,Basic,Canceled,12/15/2024,,,,
925348,463564,ViewItem,2024-01-04T16:58:03,10,iOS,user463563@example.com,Canada,06-01-2020,"{""theme"": ""light"", ""lang"": ""es""}",,,,,,,,
956876,376626,error,15-10-2025,120,ios,USER376625@@example..com,CA,07/08/2023,"{""theme"": ""dark"", ""lang"": ""fr""}",1149400.0,Enterprise,active,03/21/2021,,,,
104657,647216,LOGIN ,11-08-2025,10,Mac,user647215@example.com,uk,06/08/2025,"{""theme"": ""dark"", ""lang"": ""es""}",155500.0,Basic,Canceled,19-09-2024,,,,
393253,864657,purchase,10-06-2023,10,Mac,user864656@example.com,,2020-01-29T23:52:00,"{""theme"": ""dark"", ""lang"": ""fr""}",723171.0,Enterprise,Active,11/12/2024,,,,
841443,753503,purchase,2025/01/11 09:07:38,300,iOS,user753502@example.com,U.S.,04/24/2024,"{""theme"": ""dark"", ""lang"": ""en""}",1425346.0,  Enterprise,active,02/22/2022,,,,
487452,737617,purchase,26-02-2024,null,,user737616@example.com,Canada,10/07/2021,"{""theme"": ""dark"", ""lang"": ""es""}",324193.0,Enterprise,Active,2025-12-24T02:44:09,,,,
713843,414759,error,2023/09/22 14:02:22,null,ios,user414758@example.com,U.S.,2021-07-13T12:43:57,"{""theme"": ""light"", ""lang"": ""fr""}",,,,,,,,
122381,726496,purchase,2024-04-25T19:01:07,10,Windows,user726495@example.com,CA,03/30/2025,"{""theme"": ""dark"", ""lang"": ""fr""}",,,,,,,,
127852,920748,error,2025-01-28T12:41:33,NaN,Android,user920747@example.com,U.S.,09/18/2023,"{""theme"": ""dark"", ""lang"": ""es""}",7432.0,Enterprise,Active,12/30/2025,,,,
805052,120627,LOGIN ,08/08/2024,-50,Mac,USER120626@@example..com,US,05-06-2021,"{""theme"": ""dark"", ""lang"": ""fr""}",566230.0,Pro,Active,12/13/2024,,,,
661653,752588,LOGIN ,2025/11/23 08:28:22,120,Mac,user752587@example.com,India,2021/05/26 13:43:30,"{""theme"": ""light"", ""lang"": ""en""}",,,,,,,,
844200,199067,logout,2024/01/06 11:21:30,NaN,Windows,user199066@example.com,uk,2024-03-02T05:18:04,"{""theme"": ""light"", ""lang"": ""fr""}",,,,,,,,
32400,615646,login,10/19/2023,NaN,,user615645@example.com,US,2021-11-17T00:14:38,"{""theme"": ""dark"", ""lang"": ""es""}",1058520.0,Pro,Canceled,2024-01-25T11:38:34,,,,
843598,508197,view_item,02/28/2023,300,Mac,user508196@example.com,CA,05/26/2023,"{""theme"": ""light"", ""lang"": ""fr""}",277755.0,Enterprise,Canceled,2024/11/16 08:14:42,,,,
457381,384165,error,01/10/2025,120,ios,user384164@example.com,U.S.,2024/01/24 09:28:18,"{""theme"": ""dark"", ""lang"": ""en""}",428247.0,PRO,Active,2021-09-28T10:32:20,,,,
348861,409958,logout,2025/01/29 23:26:27,null,Windows,user409957@example.com,Canada,14-08-2021,"{""theme"": ""light"", ""lang"": ""es""}",744229.0,Basic,Active,2023/09/25 05:55:18,,,,
49211,715131,logout,04/08/2024,300,Mac,user715130@example.com,UK,2020/07/03 03:25:19,"{""theme"": ""light"", ""lang"": ""es""}",1108768.0,Pro,,26-01-2023,,,,
770006,238785,ViewItem,10/04/2025,-50,ios,user238784@example.com,,07-03-2020,"{""theme"": ""light"", ""lang"": ""fr""}",467552.0,PRO,Past Due,2025/11/06 21:41:24,,,,
84413,277476,view_item,27-06-2023,10,iOS,user277475@example.com,uk,2025-06-13T10:13:37,"{""theme"": ""light"", ""lang"": ""es""}",1124606.0,Pro,Active,2024-11-12T03:54:45,,,,
221692,391820,login,12/17/2024,10,iOS,user391819@example.com,Canada,2022-09-09T19:13:10,"{""theme"": ""dark"", ""lang""",1427901.0,Basic,Active,02/24/2022,,,,
414767,339855,error,2024-01-16T11:45:12,NaN,Android,user339854@example.com,UK,2022/01/14 03:23:55,"{""theme"": ""light"", ""lang"": ""es""}",763174.0,  Enterprise,Active,07/14/2021,,,,
611448,76919,purchase,2025-03-04T16:13:14,-50,iOS,user76918@example.com,US,2022/10/25 18:23:11,"{""theme"": ""light"", ""lang"": ""es""}",553813.0,Pro,Past Due,2022-06-15T21:51:35,,,,
858708,313121,error,03-07-2025,-50,iOS,user313120@example.com,India,2021/11/28 05:03:06,"{""theme"": ""light"", ""lang"": ""es""}",223475.0,basic ,Past Due,23-02-2024,,,,
734604,286799,error,15-09-2024,null,iOS,user286798@example.com,India,02/11/2024,"{""theme"": ""dark"", ""lang"": ""es""}",,,,,,,,
3299,890349,ViewItem,2023-09-13T23:06:21,99999,Windows,user890348@example.com,IN,,"{""theme"": ""dark"", ""lang"": ""en""}",,,,,,,,
419901,395944,view_item,25-09-2024,300,iOS,user395943@example.com,IN,15-06-2021,"{""theme"": ""dark"", ""lang"": ""fr""}",4234.0,Pro,,29-11-2021,,,,
495007,719587,purchase,2025/07/06 21:40:30,-50,android,user719586@example.com,India,16-03-2024,"{""theme"": ""dark"", ""lang"": ""es""}",1175775.0,Enterprise,Canceled,2021/11/29 19:10:04,,,,
841218,26215,view_item,2024/12/29 15:21:07,null,Mac,user26214@example.com,IN,2024-05-13T12:16:45,"{""theme"": ""light"", ""lang"": ""fr""}",1483491.0,basic ,Canceled,2021-10-19T21:38:34,,,,
418420,432564,view_item,11/15/2024,300,Mac,user432563@example.com,US,10/24/2023,"{""theme"": ""dark"", ""lang"": ""en""}",221303.0,Enterprise,Past Due,2024/07/26 05:48:16,,,,
480872,550964,login,2024-10-29T08:28:53,120,,user550963@example.com,,2022/05/05 17:59:16,"{""theme"": ""dark"", ""lang""",1345276.0,  Enterprise,Active,09/22/2021,,,,
277500,105768,LOGIN ,08/22/2025,99999,,user105767@example.com,IN,01/22/2023,"{""theme"": ""dark"", ""lang"": ""fr""}",970545.0,basic ,Active,24-05-2025,,,,
722894,784346,view_item,2023-10-07T01:06:17,120,Mac,user784345@example.com,uk,2021/03/08 18:21:01,"{""theme"": ""light"", ""lang"": ""en""}",240513.0,basic ,active,2025-09-27T09:58:28,,,,
712847,885704,logout,2023-01-13T16:19:10,10,Windows,user885703@example.com,Canada,2022-04-05T06:07:26,"{""theme"": ""dark"", ""lang"": ""es""}",1160628.0,Pro,,2023-12-14T19:49:44,,,,
84097,130315,ViewItem,2024/04/11 20:33:31,null,android,user130314@example.com,U.S.,2022/12/27 03:55:30,"{""theme"": ""light"", ""lang"": ""en""}",833064.0,basic ,,06/14/2022,,,,
172397,869035,logout,2025-05-19T01:40:43,99999,Windows,user869034@example.com,UK,2024-05-04T05:53:40,"{""theme"": ""dark"", ""lang"": ""es""}",375247.0,basic ,Canceled,2024/03/01 20:40:08,,,,
231882,220427,error,2024/08/10 05:31:03,10,iOS,user220426@example.com,UK,2020/05/25 07:40:24,"{""theme"": ""light"", ""lang"": ""fr""}",473793.0,Enterprise,Past Due,2024-10-31T05:22:49,,,,
576228,941034,error,2023-06-29T06:18:16,-50,Mac,user941033@example.com,UK,2022-05-20T03:50:49,"{""theme"": ""light"", ""lang"": ""fr""}",91816.0,Basic,,06-11-2023,,,,
47181,504085,login,2024-05-13T09:05:37,10,Mac,user504084@example.com,UK,10-03-2022,"{""theme"": ""dark"", ""lang""",,,,,,,,
958857,765463,error,2025/05/02 01:26:06,-50,android,user765462@example.com,uk,10/03/2021,"{""theme"": ""dark"", ""lang""",69386.0,  Enterprise,Active,27-07-2025,,,,
306486,705732,login,07/25/2023,null,Windows,user705731@example.com,US,08-01-2022,"{""theme"": ""dark"", ""lang"": ""fr""}",79344.0,Basic,Canceled,03/03/2023,,,,
863093,280005,logout,,99999,Mac,user280004@example.com,uk,2020-08-25T05:40:13,"{""theme"": ""light"", ""lang"": ""es""}",152099.0,Pro,Active,03-05-2024,,,,
902983,587536,ViewItem,06/02/2023,120,iOS,user587535@example.com,IN,2024/05/15 11:43:55,"{""theme"": ""light"", ""lang"": ""en""}",432413.0,Basic,,2024-04-23T02:34:09,,,,
291640,725003,view_item,2025-01-13T22:38:53,-50,Mac,user725002@example.com,US,27-05-2020,"{""theme"": ""light"", ""lang"": ""en""}",169745.0,Basic,Active,24-01-2022,,,,
157925,581384,view_item,2023-02-07T01:52:32,120,Android,user581383@example.com,U.S.,2022-08-03T06:16:22,"{""theme"": ""dark"", ""lang"": ""en""}",622780.0,Pro,active,08/04/2025,,,,
698106,163214,purchase,04/30/2025,300,,user163213@example.com,U.S.,2024/12/24 17:12:43,"{""theme"": ""light"", ""lang"": ""es""}",,,,,,,,
950940,793821,view_item,2024-09-30T16:19:03,120,ios,user793820@example.com,India,2021-09-28T23:09:31,"{""theme"": ""dark"", ""lang"": ""fr""}",,,,,,,,
22202,264963,view_item,09-02-2024,-50,iOS,user264962@example.com,,10/24/2020,"{""theme"": ""light"", ""lang"": ""fr""}",1250155.0,Pro,active,2021/03/07 11:02:26,,,,
763927,98142,error,08-10-2023,120,Android,user98141@example.com,US,05-11-2020,"{""theme"": ""dark"", ""lang"": ""es""}",1215783.0,basic ,Past Due,2025/11/05 20:38:11,,,,
359803,366916,logout,12/01/2023,null,,USER366915@@example..com,Canada,,"{""theme"": ""light"", ""lang"": ""en""}",,,,,,,,
336234,556297,view_item,30-01-2023,10,android,user556296@example.com,U.S.,2021-09-04T22:58:05,"{""theme"": ""dark"", ""lang"": ""fr""}",1107702.0,Enterprise,Canceled,12/04/2023,,,,
792369,194268,LOGIN ,,120,,user194267@example.com,IN,2021/04/02 12:46:51,"{""theme"": ""light"", ""lang"": ""fr""}",541194.0,PRO,Past Due,10-02-2022,,,,
701022,479694,logout,10/22/2023,300,Mac,user479693@example.com,uk,2023/06/15 21:51:27,"{""theme"": ""light"", ""lang"": ""fr""}",,,,,,,,
71752,138948,ViewItem,26-02-2023,99999,android,user138947@example.com,,2022-07-30T08:15:27,"{""theme"": ""light"", ""lang"": ""fr""}",119145.0,Enterprise,Past Due,2023-09-14T23:57:58,,,,
449476,564704,login,19-09-2023,120,ios,user564703@example.com,uk,06-03-2022,"{""theme"": ""light"", ""lang"": ""es""}",311383.0,PRO,Active,2025-05-01T07:03:15,,,,
483226,879681,LOGIN ,2023-04-05T06:40:59,null,ios,user879680@example.com,CA,10-05-2023,"{""theme"": ""light"", ""lang"": ""en""}",213396.0,Pro,Past Due,2023/07/05 02:53:52,,,,
923631,29641,purchase,10/10/2023,null,,user29640@example.com,IN,04/16/2021,"{""theme"": ""dark"", ""lang""",1424420.0,Basic,Past Due,2025-12-24T08:00:23,,,,
691617,985635,view_item,09/13/2025,99999,android,user985634@example.com,CA,2020/01/27 13:46:18,"{""theme"": ""light"", ""lang"": ""fr""}",386413.0,Enterprise,Canceled,2022-05-30T03:58:37,,,,
827776,9010,logout,2023/02/25 04:42:02,120,Android,user9009@example.com,UK,01-04-2021,"{""theme"": ""dark"", ""lang""",101498.0,basic ,Past Due,04-09-2021,,,,
683947,231880,logout,2024/07/22 23:58:23,120,Mac,user231879@example.com,,2020-08-06T17:46:46,"{""theme"": ""dark"", ""lang"": ""es""}",1445765.0,Pro,Past Due,2024/09/27 03:23:56,,,,
693025,650618,logout,2025/04/04 01:36:03,120,Android,user650617@example.com,CA,,"{""theme"": ""light"", ""lang"": ""es""}",171126.0,Pro,active,2022-03-26T06:18:49,,,,
87699,147909,ViewItem,2024-07-18T13:37:03,NaN,,user147908@example.com,uk,15-05-2022,"{""theme"": ""light"", ""lang"": ""es""}",1257933.0,PRO,Canceled,2025-04-30T00:43:37,,,,
91433,992762,error,2023-04-14T23:51:54,120,android,user992761@example.com,CA,12-02-2023,"{""theme"": ""light"", ""lang"": ""fr""}",47969.0,Pro,Canceled,2022-09-10T21:11:42,,,,
234925,755222,error,06-10-2025,-50,,user755221@example.com,UK,2021/07/30 22:08:42,"{""theme"": ""dark"", ""lang"": ""fr""}",809373.0,PRO,Active,2022/09/08 03:49:50,,,,
233347,737386,ViewItem,17-05-2025,-50,iOS,user737385@example.com,US,2023-08-15T22:33:54,"{""theme"": ""dark"", ""lang"": ""fr""}",276956.0,PRO,Active,26-04-2023,,,,
667437,194525,view_item,2023-08-12T10:15:55,120,Mac,user194524@example.com,UK,2020-06-04T13:06:50,"{""theme"": ""light"", ""lang"": ""es""}",327574.0,Basic,Canceled,12/23/2021,,,,
39742,185069,login,2024-04-21T13:23:22,null,ios,user185068@example.com,UK,10/30/2023,"{""theme"": ""dark"", ""lang"": ""es""}",140496.0,Enterprise,Past Due,2025/01/15 16:53:48,,,,
331506,914689,logout,2025-11-09T20:45:10,120,android,user914688@example.com,UK,31-12-2021,"{""theme"": ""dark"", ""lang"": ""fr""}",206950.0,Enterprise,Past Due,28-08-2025,,,,
908556,432113,logout,2025-05-13T07:20:01,10,Android,user432112@example.com,CA,2021-03-10T20:35:35,"{""theme"": ""dark"", ""lang"": ""fr""}",126600.0,Pro,Past Due,07/30/2022,,,,
266441,907427,LOGIN ,2024-06-27T19:50:35,-50,ios,user907426@example.com,U.S.,2024-06-11T15:39:20,"{""theme"": ""light"", ""lang"": ""fr""}",,,,,,,,
75951,347295,ViewItem,03/16/2025,null,Android,user347294@example.com,uk,26-11-2025,"{""theme"": ""light"", ""lang"": ""fr""}",114068.0,Basic,Active,08/27/2024,,,,
376512,704441,view_item,04-06-2025,99999,,user704440@example.com,Canada,2024/04/13 05:53:14,"{""theme"": ""light"", ""lang"": ""fr""}",,,,,,,,
467617,772249,ViewItem,05/25/2024,null,,user772248@example.com,uk,,"{""theme"": ""dark"", ""lang"": ""fr""}",250763.0,PRO,active,2025/12/11 15:50:06,,,,
383093,339854,error,2024-06-17T14:47:59,99999,iOS,user339853@example.com,US,09-06-2020,"{""theme"": ""dark"", ""lang""",746318.0,basic ,,2023-08-11T09:26:36,,,,
288167,412980,purchase,2025/01/13 06:08:20,10,android,user412979@example.com,U.S.,03/16/2022,"{""theme"": ""dark"", ""lang"": ""fr""}",808632.0,Enterprise,Active,2023/05/22 18:20:31,,,,
149066,994472,logout,2023-06-24T08:40:13,null,Windows,user994471@example.com,Canada,2023-03-11T23:05:08,"{""theme"": ""light"", ""lang"": ""es""}",,,,,,,,
526791,790482,purchase,31-05-2024,NaN,ios,user790481@example.com,India,2021-05-12T23:04:10,"{""theme"": ""dark"", ""lang"": ""en""}",83751.0,basic ,Past Due,2023-03-22T12:24:56,,,,
568301,985163,login,2025-05-07T11:02:31,300,Windows,user985162@example.com,CA,16-12-2020,"{""theme"": ""light"", ""lang"": ""es""}",943597.0,PRO,Past Due,06-06-2024,,,,
181951,885973,purchase,2024/01/07 20:07:19,300,ios,user885972@example.com,US,2023/05/15 10:36:05,"{""theme"": ""dark"", ""lang"": ""es""}",,,,,,,,
458641,951696,LOGIN ,2024-04-24T21:59:42,99999,iOS,user951695@example.com,India,2022-10-18T01:06:32,"{""theme"": ""dark"", ""lang"": ""es""}",344041.0,Pro,Canceled,10/02/2022,,,,
720718,501161,purchase,2025-09-24T09:07:49,10,iOS,user501160@example.com,IN,03/10/2025,"{""theme"": ""dark"", ""lang"": ""fr""}",,,,,,,,
944085,310485,error,2025/09/13 00:15:22,-50,Windows,user310484@example.com,uk,06/04/2025,"{""theme"": ""light"", ""lang"": ""es""}",314249.0,  Enterprise,Active,2024/05/16 11:47:58,,,,
591923,813097,purchase,27-12-2024,99999,Windows,user813096@example.com,IN,22-03-2023,"{""theme"": ""dark"", ""lang""",277834.0,Pro,Canceled,2025/10/14 09:25:51,,,,
561053,811229,view_item,2024/02/14 21:09:24,null,Android,user811228@example.com,US,08-09-2020,"{""theme"": ""light"", ""lang"": ""fr""}",,,,,,,,
75774,175170,error,2024/01/08 13:49:45,NaN,ios,user175169@example.com,Canada,2020-12-29T11:59:59,"{""theme"": ""dark"", ""lang"": ""es""}",727225.0,basic ,Active,25-07-2024,,,,
788259,641507,error,2025-08-29T06:39:32,120,,user641506@example.com,IN,,"{""theme"": ""dark"", ""lang"": ""fr""}",728099.0,PRO,Active,06/08/2021,,,,
305845,871015,login,,-50,iOS,user871014@example.com,IN,13-10-2024,"{""theme"": ""light"", ""lang"": ""en""}",315303.0,Basic,active,20-10-2023,,,,
322305,797722,ViewItem,2023/10/26 05:42:15,10,iOS,user797721@example.com,U.S.,2021-06-14T17:00:13,"{""theme"": ""light"", ""lang"": ""es""}",965589.0,Basic,Canceled,11/23/2021,,,,
11379,688035,login,02/26/2025,-50,android,user688034@example.com,,02-07-2023,"{""theme"": ""light"", ""lang"": ""fr""}",189607.0,PRO,active,2023/05/10 14:41:29,,,,
948969,895611,ViewItem,2025-06-07T03:42:36,99999,android,user895610@example.com,India,2021-12-29T21:10:21,"{""theme"": ""dark"", ""lang"": ""fr""}",586592.0,PRO,Canceled,2024-02-19T11:53:05,,,,
305534,670710,error,2023-08-15T13:29:29,10,Android,user670709@example.com,CA,2021-12-28T07:39:10,"{""theme"": ""light"", ""lang"": ""es""}",419668.0,Pro,,2025-02-28T14:46:01,,,,
419092,869104,purchase,2025-08-20T21:49:15,120,Mac,user869103@example.com,UK,09/28/2025,"{""theme"": ""light"", ""lang"": ""en""}",977696.0,PRO,active,16-10-2022,,,,
100676,234459,ViewItem,16-07-2023,120,iOS,user234458@example.com,uk,28-06-2024,"{""theme"": ""dark"", ""lang"": ""es""}",,,,,,,,
116835,370289,login,10/20/2024,120,android,user370288@example.com,CA,03-02-2023,"{""theme"": ""dark"", ""lang"": ""fr""}",72478.0,  Enterprise,Active,2022-11-19T06:25:27,,,,
188291,500303,error,2023-12-26T06:33:47,NaN,Windows,user500302@example.com,CA,05/26/2025,"{""theme"": ""dark"", ""lang""",425111.0,basic ,active,03/28/2023,,,,
824485,532898,LOGIN ,11/06/2023,300,iOS,user532897@example.com,UK,27-10-2020,"{""theme"": ""light"", ""lang"": ""fr""}",39170.0,Pro,Active,03/07/2025,,,,
652249,660602,login,18-03-2024,10,,user660601@example.com,,,"{""theme"": ""light"", ""lang"": ""fr""}",,,,,,,,
232426,723915,logout,06/06/2024,120,Windows,user723914@example.com,US,09/29/2020,"{""theme"": ""dark"", ""lang"": ""es""}",71371.0,PRO,Canceled,03/29/2025,,,,
779676,312607,logout,18-06-2024,NaN,ios,user312606@example.com,Canada,2025-06-14T16:20:38,"{""theme"": ""light"", ""lang"": ""es""}",,,,,,,,
78604,113425,LOGIN ,06/16/2024,null,android,user113424@example.com,Canada,2022-05-18T19:40:55,"{""theme"": ""dark"", ""lang"": ""fr""}",1127781.0,Pro,Canceled,06/16/2021,,,,
90246,251396,login,05/29/2024,null,Windows,user251395@example.com,,05/09/2022,"{""theme"": ""light"", ""lang"": ""fr""}",961677.0,Enterprise,Past Due,2025/07/13 20:29:51,,,,
139097,387014,error,2023-11-28T09:32:43,-50,iOS,user387013@example.com,India,2020-04-04T17:30:04,"{""theme"": ""light"", ""lang"": ""en""}",426681.0,Basic,active,19-02-2021,,,,
59098,877557,LOGIN ,06/20/2023,NaN,iOS,user877556@example.com,IN,2023-09-15T19:06:10,"{""theme"": ""dark"", ""lang""",779759.0,basic ,active,,,,,
612772,463558,login,08-01-2025,null,Mac,user463557@example.com,uk,2024-12-30T10:01:34,"{""theme"": ""dark"", ""lang"": ""es""}",296159.0,basic ,Canceled,01/26/2023,,,,
12300,343657,error,15-12-2023,300,ios,user343656@example.com,uk,2020-10-28T09:45:22,"{""theme"": ""dark"", ""lang"": ""es""}",,,,,,,,
563280,287047,error,05/10/2023,null,android,user287046@example.com,US,09-05-2025,"{""theme"": ""dark"", ""lang"": ""fr""}",748144.0,  Enterprise,Active,2023-06-24T01:19:45,,,,
113947,18798,purchase,02/02/2023,10,android,user18797@example.com,India,2023-06-27T16:06:38,"{""theme"": ""dark"", ""lang""",277452.0,basic ,,26-02-2021,,,,
83877,371313,view_item,2025-04-05T09:03:13,-50,,USER371312@@example..com,uk,2023-08-05T12:20:20,"{""theme"": ""light"", ""lang"": ""fr""}",1111793.0,basic ,Canceled,2024-09-13T11:24:41,,,,
791450,538627,LOGIN ,27-06-2023,99999,iOS,user538626@example.com,UK,03/26/2023,"{""theme"": ""light"", ""lang"": ""es""}",1454434.0,basic ,active,2025-12-18T02:37:35,,,,
628625,613221,LOGIN ,30-09-2025,10,Mac,user613220@example.com,,2025/08/08 22:36:17,"{""theme"": ""dark"", ""lang"": ""en""}",401772.0,PRO,Active,03/03/2022,,,,
605575,607565,purchase,05/03/2025,99999,ios,user607564@example.com,US,08/11/2025,"{""theme"": ""light"", ""lang"": ""es""}",301439.0,basic ,Active,2022-01-05T11:48:46,,,,
825336,607225,logout,03/17/2024,120,Mac,user607224@example.com,IN,28-10-2023,"{""theme"": ""dark"", ""lang""",498669.0,  Enterprise,Past Due,2025-08-15T18:29:35,,,,
176694,322416,error,12/25/2025,NaN,android,user322415@example.com,Canada,2022-10-13T18:00:56,"{""theme"": ""light"", ""lang"": ""fr""}",,,,,,,,
607296,361140,login,2024-01-29T01:55:58,99999,Android,user361139@example.com,IN,25-11-2022,"{""theme"": ""dark"", ""lang"": ""fr""}",137918.0,basic ,Active,08/31/2023,,,,
516029,808680,ViewItem,2023/10/31 09:24:03,null,android,user808679@example.com,UK,10/26/2024,"{""theme"": ""dark"", ""lang"": ""fr""}",777117.0,Basic,Past Due,2022-12-07T23:18:43,,,,
627043,863329,ViewItem,2023/01/11 14:49:48,300,ios,user863328@example.com,IN,,"{""theme"": ""light"", ""lang"": ""fr""}",,,,,,,,
146907,381946,view_item,07-02-2024,120,,user381945@example.com,India,2020-06-28T03:30:33,"{""theme"": ""light"", ""lang"": ""fr""}",304603.0,PRO,Active,29-06-2023,,,,
783906,958426,logout,06/16/2024,-50,ios,user958425@example.com,IN,2025/12/12 21:04:14,"{""theme"": ""dark"", ""lang"": ""en""}",1487369.0,PRO,,2024-08-04T09:36:55,,,,
861784,45258,logout,2025-04-02T13:09:05,NaN,Windows,user45257@example.com,uk,27-05-2025,"{""theme"": ""dark"", ""lang""",522248.0,  Enterprise,active,03-11-2022,,,,
120960,165722,purchase,2024-01-25T17:30:10,-50,,user165721@example.com,Canada,2021-04-15T22:19:25,"{""theme"": ""dark"", ""lang"": ""en""}",1005689.0,basic ,,2021/04/11 13:08:30,,,,
109150,691834,error,28-09-2023,120,ios,user691833@example.com,,2021-11-11T02:40:20,"{""theme"": ""light"", ""lang"": ""fr""}",558167.0,basic ,Canceled,28-02-2022,,,,
98126,331914,LOGIN ,28-10-2024,300,Mac,user331913@example.com,IN,09/29/2023,"{""theme"": ""light"", ""lang"": ""fr""}",,,,,,,,
774922,572368,LOGIN ,2023-09-06T09:21:20,10,Mac,user572367@example.com,CA,2022-11-06T14:59:24,"{""theme"": ""light"", ""lang"": ""en""}",,,,,,,,
638349,283902,error,27-06-2025,99999,Android,user283901@example.com,India,2025-08-08T10:21:25,"{""theme"": ""light"", ""lang"": ""fr""}",592355.0,  Enterprise,Canceled,05/25/2024,,,,
923895,885242,login,2023/09/25 08:18:19,null,Windows,user885241@example.com,India,2025/07/10 16:32:10,"{""theme"": ""dark"", ""lang""",1187163.0,Pro,Past Due,08/01/2023,,,,
557389,869290,purchase,2025/03/26 08:10:43,NaN,Android,user869289@example.com,,18-07-2021,"{""theme"": ""dark"", ""lang"": ""en""}",962755.0,Enterprise,,05-09-2025,,,,
751013,220517,LOGIN ,2025-05-17T17:54:40,null,ios,user220516@example.com,U.S.,2023-06-12T20:05:51,"{""theme"": ""dark"", ""lang"": ""fr""}",816743.0,PRO,Past Due,2022-08-13T08:52:11,,,,
765465,709731,login,03/31/2023,120,Mac,user709730@example.com,uk,2020-11-11T01:09:04,"{""theme"": ""light"", ""lang"": ""en""}",359380.0,Pro,Past Due,17-05-2022,,,,
731296,796005,logout,22-05-2024,-50,Mac,user796004@example.com,UK,26-06-2023,"{""theme"": ""dark"", ""lang"": ""en""}",1052958.0,Basic,Canceled,,,,,
85214,564865,view_item,2024-02-10T12:18:14,300,android,user564864@example.com,U.S.,29-08-2025,"{""theme"": ""light"", ""lang"": ""fr""}",680489.0,Pro,active,2023-10-21T20:17:38,,,,
634732,471152,LOGIN ,21-02-2025,99999,ios,user471151@example.com,US,08/20/2024,"{""theme"": ""dark"", ""lang"": ""en""}",607380.0,Basic,Canceled,24-06-2021,,,,
912112,599682,ViewItem,2025-03-19T02:23:22,10,iOS,user599681@example.com,India,10-08-2022,"{""theme"": ""light"", ""lang"": ""fr""}",308080.0,PRO,Past Due,2023/06/05 08:47:52,,,,
327446,202072,view_item,2023/06/14 21:01:29,120,Windows,user202071@example.com,Canada,2021-08-28T10:55:52,"{""theme"": ""light"", ""lang"": ""es""}",428691.0,PRO,,2025-11-13T10:29:22,,,,
129681,18273,view_item,2023-12-13T22:42:56,10,android,user18272@example.com,Canada,24-07-2021,"{""theme"": ""dark"", ""lang"": ""es""}",1153884.0,  Enterprise,Canceled,2022-04-11T05:59:52,,,,
608428,441265,view_item,2024-01-03T09:18:46,-50,ios,user441264@example.com,India,2021/09/01 18:55:39,"{""theme"": ""light"", ""lang"": ""es""}",,,,,,,,
997340,140394,ViewItem,28-05-2024,120,ios,user140393@example.com,Canada,2022-04-13T04:32:39,"{""theme"": ""light"", ""lang"": ""en""}",,,,,,,,
355478,35893,error,2023-05-02T02:00:34,99999,Windows,user35892@example.com,US,2023-12-26T03:36:48,"{""theme"": ""dark"", ""lang""",462669.0,Enterprise,active,2023-05-23T11:34:15,,,,
564272,827509,LOGIN ,2024-01-26T10:07:11,120,,user827508@example.com,India,10/11/2022,"{""theme"": ""light"", ""lang"": ""fr""}",9960.0,Enterprise,,2023-07-31T21:51:58,,,,
23147,456072,LOGIN ,2023-10-30T21:07:13,-50,Android,user456071@example.com,US,12/07/2024,"{""theme"": ""light"", ""lang"": ""es""}",,,,,,,,
55807,88499,view_item,10/02/2024,-50,Windows,user88498@example.com,uk,2023-09-09T18:37:26,"{""theme"": ""dark"", ""lang"": ""en""}",,,,,,,,
705563,243398,logout,2023-08-23T05:14:44,NaN,android,user243397@example.com,U.S.,,"{""theme"": ""light"", ""lang"": ""fr""}",849516.0,PRO,Canceled,2024-06-21T09:31:51,,,,
753639,531855,view_item,05/22/2023,NaN,android,user531854@example.com,,08/17/2021,"{""theme"": ""light"", ""lang"": ""en""}",1019819.0,basic ,,2025-08-05T13:40:20,,,,
824472,860200,logout,,null,Windows,user860199@example.com,U.S.,2023-10-09T00:25:19,"{""theme"": ""dark"", ""lang"": ""fr""}",,,,,,,,
913588,438940,error,2025-04-08T06:29:16,NaN,android,user438939@example.com,uk,2024-01-30T01:18:38,"{""theme"": ""dark"", ""lang"": ""en""}",1472828.0,  Enterprise,,10-05-2021,,,,
290353,977362,error,2024-04-05T13:54:23,300,Android,user977361@example.com,uk,2023-01-07T16:37:42,"{""theme"": ""light"", ""lang"": ""en""}",1010453.0,Pro,Active,07/17/2022,,,,
464645,698827,purchase,10/28/2025,-50,,user698826@example.com,UK,,"{""theme"": ""light"", ""lang"": ""es""}",788988.0,  Enterprise,Active,2025-02-01T12:56:54,,,,
929698,946283,logout,2023/03/10 21:00:03,-50,Windows,USER946282@@example..com,IN,29-05-2025,"{""theme"": ""light"", ""lang"": ""fr""}",267175.0,Pro,Canceled,2023/10/28 00:19:00,,,,
991608,389926,view_item,2024/11/03 18:21:34,99999,iOS,user389925@example.com,,2024-08-27T22:23:27,"{""theme"": ""dark"", ""lang"": ""es""}",182150.0,  Enterprise,Past Due,13-10-2024,,,,
28680,519593,LOGIN ,2024/08/04 12:27:08,300,iOS,user519592@example.com,U.S.,2022/02/18 19:47:07,"{""theme"": ""light"", ""lang"": ""es""}",1174481.0,Pro,Canceled,,,,,
447339,99282,login,2025-10-28T12:16:03,120,ios,user99281@example.com,uk,2021-04-29T20:12:51,"{""theme"": ""dark"", ""lang"": ""en""}",886288.0,  Enterprise,,11/15/2022,,,,
310972,549882,login,28-11-2023,10,Mac,user549881@example.com,US,12/24/2025,"{""theme"": ""light"", ""lang"": ""es""}",,,,,,,,
781025,496447,LOGIN ,09-06-2024,NaN,Mac,user496446@example.com,uk,2021-12-26T02:01:03,"{""theme"": ""dark"", ""lang"": ""es""}",1348157.0,Pro,Canceled,03-10-2021,,,,
58335,38513,LOGIN ,12-11-2024,120,android,user38512@example.com,UK,01/29/2020,"{""theme"": ""light"", ""lang"": ""fr""}",882046.0,Basic,Active,2021-04-18T21:02:36,,,,
912453,232147,error,,-50,,user232146@example.com,IN,,"{""theme"": ""dark"", ""lang"": ""en""}",,,,,,,,
541723,585654,error,2025/02/07 05:09:57,-50,Android,user585653@example.com,India,03/14/2020,"{""theme"": ""light"", ""lang"": ""es""}",26535.0,PRO,Active,2022/07/12 21:10:04,,,,
